profilePictureUrl,username,profileUrl,comment,likeCount,replyCount,commentDate,commentId,ownerId,timestamp,query
https://scontent-cdg6-1.cdninstagram.com/v/t51.2885-19/62184271_2461068457284659_7027616912112615424_n.jpg?stp=dst-jpg_s150x150_tt6&_nc_cat=103&ccb=7-5&_nc_sid=f7ccc5&efg=eyJ2ZW5jb2RlX3RhZyI6InByb2ZpbGVfcGljLnd3dy4xMDgwLkMzIn0%3D&_nc_ohc=yFsRjFmamrkQ7kNvwFFJ_1y&_nc_oc=AdpG2DQB8kVjLUNih4gM2AlYWEyj0QEKxEXrjU8jHeLDznPtI-Ow4E07jA2FBmKu8N4&_nc_zt=24&_nc_ht=scontent-cdg6-1.cdninstagram.com&_nc_ss=7b6a8&oh=00_Af4fLA_W-0KesRnCkCOLlr-Xzhorky0_7RcknkNww3PdYg&oe=69FE9AAD,scontrinofelice,https://www.instagram.com/scontrinofelice,marmellata di albicocca #ilprodottomisteriosoPENNY #accettoregolamento #holettoprivacypolicy,1,0,2026-04-27T14:10:17.000Z,18060854759437981,10379182462,2026-05-04T16:10:26.856Z,https://www.instagram.com/p/DXotHFAjcSM
https://scontent-cdg4-2.cdninstagram.com/v/t51.2885-19/461563370_1081902593391072_7147984714480141058_n.jpg?stp=dst-jpg_s150x150_tt6&_nc_cat=100&ccb=7-5&_nc_sid=f7ccc5&efg=eyJ2ZW5jb2RlX3RhZyI6InByb2ZpbGVfcGljLnd3dy4xMDgwLkMzIn0%3D&_nc_ohc=QBV7MkfN8xkQ7kNvwF0inbX&_nc_oc=Adqw8xTiFDEDUbU71yn5vllDRww54cjjjQRTDidTVu0jy1knlMjk_0n9wnBLm80RS_U&_nc_zt=24&_nc_ht=scontent-cdg4-2.cdninstagram.com&_nc_ss=7b6a8&oh=00_Af7Aqr_mkv6pt0dhYSVD3N-F6HqPGbtEGyGqiJZFOvAHJA&oe=69FE9174,sunskyglass,https://www.instagram.com/sunskyglass,Confettura di albicocca,0,0,2026-04-28T12:07:30.000Z,18000779279748023,9130427938,2026-05-04T16:10:26.856Z,https://www.instagram.com/p/DXotHFAjcSM
https://scontent-cdg4-1.cdninstagram.com/v/t51.2885-19/477235335_882200387217851_4504374591740340215_n.jpg?stp=dst-jpg_s150x150_tt6&_nc_cat=108&ccb=7-5&_nc_sid=f7ccc5&efg=eyJ2ZW5jb2RlX3RhZyI6InByb2ZpbGVfcGljLnd3dy4zNDYuQzMifQ%3D%3D&_nc_ohc=B2dFjHBLFvsQ7kNvwE5Ya78&_nc_oc=AdoNQMQrP1QNKzyjFUWECeIK2MRFBFhnNzC0OLSdd8wQuGekKJIfYsS3HSgFMNbFdNU&_nc_zt=24&_nc_ht=scontent-cdg4-1.cdninstagram.com&_nc_ss=7b6a8&oh=00_Af5GmrPE84m3FO6t189jOK2E7CR3oJNT10lV3qut7fmEpQ&oe=69FE92C0,ericaspinolo,https://www.instagram.com/ericaspinolo,Confettura di Albicocche! 😍 #ilprodottomisteriosopenny #accettoregolamento #holettoprivacypolicy,1,0,2026-04-29T11:25:31.000Z,18128271886576347,43047290973,2026-05-04T16:10:26.856Z,https://www.instagram.com/p/DXotHFAjcSM
https://scontent-cdg4-2.cdninstagram.com/v/t51.82787-19/541089346_18503056144064015_6716406030726029469_n.jpg?stp=dst-jpg_s150x150_tt6&_nc_cat=101&ccb=7-5&_nc_sid=f7ccc5&efg=eyJ2ZW5jb2RlX3RhZyI6InByb2ZpbGVfcGljLnd3dy4xMDgwLkMzIn0%3D&_nc_ohc=rt1fo1uuS00Q7kNvwFZfifb&_nc_oc=AdpwSp2p-wE1CwPoi2e_vYjfPidEytQpR-a4lkQNltI-HwQZZp-NY6fzpJMpioJ9pNw&_nc_zt=24&_nc_ht=scontent-cdg4-2.cdninstagram.com&_nc_gid=xVXXccStnwFs8VF7NmvxuQ&_nc_ss=7b6a8&oh=00_Af7N1VPWP8OclzjKlaznxCyIsZUoGw-Atk3WMq-7I17x4Q&oe=69FE8E95,isadc89,https://www.instagram.com/isadc89,Confettura di albicocche senza zuccheri aggiunti #ilprodottomisteriosopenny #accettoregolamento #holettoprivacypolicy,3,0,2026-04-27T19:14:53.000Z,17996492600942488,2138320014,2026-05-04T16:10:26.856Z,https://www.instagram.com/p/DXotHFAjcSM
https://scontent-cdg4-2.cdninstagram.com/v/t51.2885-19/21435907_1664781960221546_3109349884700917760_a.jpg?stp=dst-jpg_s150x150_tt6&_nc_cat=109&ccb=7-5&_nc_sid=f7ccc5&efg=eyJ2ZW5jb2RlX3RhZyI6InByb2ZpbGVfcGljLnd3dy43MTcuQzMifQ%3D%3D&_nc_ohc=dgSHPPGj8p4Q7kNvwHLWACm&_nc_oc=AdpKSwSm-44mjYt3YLf0p7MtsGYEB1lqYfPb9EA7U9BmpvIfYDFGkrTsmZTfQULhJR8&_nc_zt=24&_nc_ht=scontent-cdg4-2.cdninstagram.com&_nc_ss=7b6a8&oh=00_Af7gyxtHC_nSRsbDyHzNOEXNH1qdA-I_Fr4szzJCr5v3BA&oe=69FE7C69,sabinaborgobello,https://www.instagram.com/sabinaborgobello,Marmellata di albicocche #ilprodottomisteriosopenny #accettoregolamento #holettoprivacypolicy 🤞🏻🤞🏻🍀🍀,1,0,2026-04-28T15:16:46.000Z,18310121308263500,6008639906,2026-05-04T16:10:26.856Z,https://www.instagram.com/p/DXotHFAjcSM
https://scontent-cdg4-1.cdninstagram.com/v/t51.2885-19/117596850_705032753412252_225140953023758111_n.jpg?stp=dst-jpg_s150x150_tt6&_nc_cat=102&ccb=7-5&_nc_sid=f7ccc5&efg=eyJ2ZW5jb2RlX3RhZyI6InByb2ZpbGVfcGljLnd3dy4xMDgwLkMzIn0%3D&_nc_ohc=ovighOLWEkMQ7kNvwHwbh-c&_nc_oc=AdomDv6yIY4uZxkzcDxhudCizBk6GPlJOVwgUp9bcmGVwGC1woGw86iZuoS3fMRLj2Y&_nc_zt=24&_nc_ht=scontent-cdg4-1.cdninstagram.com&_nc_ss=7b6a8&oh=00_Af5iKe01zFgiyVwv_E87BIyNwBIz7dbIVeAp9I1fMGiAKg&oe=69FEA88A,tommaso.priore,https://www.instagram.com/tommaso.priore,"Confettura di albicocca - Welles #PRODOTTOMISTERIOSOPENNY
#ACCETTOREGOLAMENTO
#HOLETTOPRIVACYPOLICY",1,0,2026-04-30T05:17:41.000Z,17972583252043531,3581311417,2026-05-04T16:10:26.856Z,https://www.instagram.com/p/DXotHFAjcSM
https://scontent-cdg4-1.cdninstagram.com/v/t51.2885-19/486470276_1399044458134056_1039362961517113064_n.jpg?stp=dst-jpg_s150x150_tt6&_nc_cat=110&ccb=7-5&_nc_sid=f7ccc5&efg=eyJ2ZW5jb2RlX3RhZyI6InByb2ZpbGVfcGljLnd3dy4xMDgwLkMzIn0%3D&_nc_ohc=OjfS0N6Ou0MQ7kNvwG417-9&_nc_oc=Adp5cUkmtehAWLV7CQlA30genIytdLTBekzttj1TMSC_v2_FPsSanKP2VJz_CmmwndA&_nc_zt=24&_nc_ht=scontent-cdg4-1.cdninstagram.com&_nc_ss=7b6a8&oh=00_Af6FvArlKpVRsvMGjxbLZbrYjABYlcG9AGEl3b4SRg3iSg&oe=69FE832E,angelagargano3,https://www.instagram.com/angelagargano3,Marmellata albicocche #ilprodottomisteriosopenny#accettoregolamento#holettoprivacypolicy,1,0,2026-04-28T16:28:08.000Z,17959990205942403,49695333834,2026-05-04T16:10:26.856Z,https://www.instagram.com/p/DXotHFAjcSM
https://scontent-cdg4-1.cdninstagram.com/v/t51.75761-19/497514731_18502149046037197_6205475255639255236_n.jpg?stp=dst-jpg_s150x150_tt6&_nc_cat=104&ccb=7-5&_nc_sid=f7ccc5&efg=eyJ2ZW5jb2RlX3RhZyI6InByb2ZpbGVfcGljLnd3dy4xMDgwLkMzIn0%3D&_nc_ohc=JVTR6UonrhAQ7kNvwGMk0MC&_nc_oc=Adrjd5-Xh4I9NMlvHl15cXI4Fu2bF7-VnXUvYL5oUuyBDaB9CrHjuHDn7aEpaV2CZnc&_nc_zt=24&_nc_ht=scontent-cdg4-1.cdninstagram.com&_nc_gid=xVXXccStnwFs8VF7NmvxuQ&_nc_ss=7b6a8&oh=00_Af4sKApRJEJf4D8pmpaAuz23V9SV8iUPkZeisePT2l1CYg&oe=69FE9AF8,sally_e_roberto,https://www.instagram.com/sally_e_roberto,Carote🥕🥕 #ilprodottomisteriosopenny #accettoilregolamento #holettoprivacypolicy,1,0,2026-04-28T10:41:01.000Z,18141491875507274,1285093196,2026-05-04T16:10:26.856Z,https://www.instagram.com/p/DXotHFAjcSM
https://scontent-cdg6-1.cdninstagram.com/v/t51.2885-19/11849411_1622151984702255_1969266304_a.jpg?_nc_cat=103&ccb=7-5&_nc_sid=f7ccc5&efg=eyJ2ZW5jb2RlX3RhZyI6InByb2ZpbGVfcGljLnd3dy4xNTAuQzMifQ%3D%3D&_nc_ohc=pA7XxddEpCcQ7kNvwFo1_xm&_nc_oc=Adp1qDVXKV1zei4-uBcjePOfFg1d6R93aoMTNaxmL7Mk4Yy0sBttlVL-LmFBLbVsFHg&_nc_zt=24&_nc_ht=scontent-cdg6-1.cdninstagram.com&_nc_ss=7b6a8&oh=00_Af4H-gvnODONaUKM7wcG-rSo-s1T8dm4iaD6-obYeVw68A&oe=69FEA9C9,imma_ciardo,https://www.instagram.com/imma_ciardo,Humus zucca/carote.  #ilprodottomisteriosopenny.  #accettoilregolamento.  #holettoprivacypolicy,0,0,2026-04-27T15:40:18.000Z,18081394472420480,1156284465,2026-05-04T16:10:26.856Z,https://www.instagram.com/p/DXotHFAjcSM
https://scontent-cdg4-2.cdninstagram.com/v/t51.82787-19/623060908_18555453283005642_2872550579703552125_n.jpg?stp=dst-jpg_s150x150_tt6&_nc_cat=100&ccb=7-5&_nc_sid=f7ccc5&efg=eyJ2ZW5jb2RlX3RhZyI6InByb2ZpbGVfcGljLnd3dy4xMDgwLkMzIn0%3D&_nc_ohc=u5bxa3T4JBwQ7kNvwFTHOev&_nc_oc=AdqlhqErnhRj7p28GzMfVfX9J8a-zmNmS1Ew-G18od28ibN95edYuivhM7kHgIhh150&_nc_zt=24&_nc_ht=scontent-cdg4-2.cdninstagram.com&_nc_gid=xVXXccStnwFs8VF7NmvxuQ&_nc_ss=7b6a8&oh=00_Af55SlXnmt1bd5GxivM1P4zYEUR6gzDKbwvTHk5EYLm9Kw&oe=69FE9ED5,elenabignami,https://www.instagram.com/elenabignami,"Secondo me è la confettura/marmellata di albicocche senza zuccheri aggiunti 🍑🤔
#ilprodottomisteriosopenny #accettoregolamento #holettoprivacypolicy",1,0,2026-04-28T15:01:55.000Z,18101744023953679,329541641,2026-05-04T16:10:26.856Z,https://www.instagram.com/p/DXotHFAjcSM
https://scontent-cdg6-1.cdninstagram.com/v/t51.2885-19/46707723_323436418249789_7321769966561132544_n.jpg?stp=dst-jpg_s150x150_tt6&_nc_cat=106&ccb=7-5&_nc_sid=f7ccc5&efg=eyJ2ZW5jb2RlX3RhZyI6InByb2ZpbGVfcGljLnd3dy4zNjkuQzMifQ%3D%3D&_nc_ohc=1jQiNgGlUgQQ7kNvwHCsACD&_nc_oc=Adp1VEGPygGVuIFmha89-uPCXNyMY7poAfq9U3juwWKYRI8GmY-l3xzx5kcFXPCNytM&_nc_zt=24&_nc_ht=scontent-cdg6-1.cdninstagram.com&_nc_ss=7b6a8&oh=00_Af4Rrys24iTHY2k7iXloeKKUhP_aOx35F6u-j1RAxM2JIg&oe=69FE9B70,scarpisimao,https://www.instagram.com/scarpisimao,"#ilprodottomisteriosoPENNY
#accettoregolamento
#holettoprivacypolicy",0,0,2026-04-28T21:06:16.000Z,18024112727820652,9430306648,2026-05-04T16:10:26.856Z,https://www.instagram.com/p/DXotHFAjcSM
https://scontent-cdg4-2.cdninstagram.com/v/t51.2885-19/11848940_1647296478888038_1957778896_a.jpg?_nc_cat=109&ccb=7-5&_nc_sid=f7ccc5&efg=eyJ2ZW5jb2RlX3RhZyI6InByb2ZpbGVfcGljLnd3dy4xNTAuQzMifQ%3D%3D&_nc_ohc=n0lP2zmGzTIQ7kNvwERF0Ys&_nc_oc=AdorndHMzMCfUQeCVXGdMAkgcYxabBVW9SzJkn68oAhNoKPewoV_3N_hAanTKGHgMxA&_nc_zt=24&_nc_ht=scontent-cdg4-2.cdninstagram.com&_nc_ss=7b6a8&oh=00_Af7pmggXlS8TMAcu9tlCPdxfSh5w3Stqq3khekXT5dyUmQ&oe=69FEAF2E,robertaumoret,https://www.instagram.com/robertaumoret,MARMELLATA ALBICOCCA,0,0,2026-04-27T15:19:02.000Z,17976329016009573,340179008,2026-05-04T16:10:26.856Z,https://www.instagram.com/p/DXotHFAjcSM
https://scontent-cdg6-1.cdninstagram.com/v/t51.82787-19/639735724_18066105440639533_2855630890576024054_n.jpg?stp=dst-jpg_s150x150_tt6&_nc_cat=105&ccb=7-5&_nc_sid=f7ccc5&efg=eyJ2ZW5jb2RlX3RhZyI6InByb2ZpbGVfcGljLnd3dy4xMDgwLkMzIn0%3D&_nc_ohc=W8YtJwRndbsQ7kNvwELzNKb&_nc_oc=AdrkeBbXaCxt74EoUBMRxHRtNGsDXOceZnUMbxaexIRFFG6rXzR2z-pB26xYFUtdwpY&_nc_zt=24&_nc_ht=scontent-cdg6-1.cdninstagram.com&_nc_gid=xVXXccStnwFs8VF7NmvxuQ&_nc_ss=7b6a8&oh=00_Af5yRqsU9nSItf62tYDUOuhT2O37wj2SsIj1pIhR4XxTVQ&oe=69FE8239,aury_belly,https://www.instagram.com/aury_belly,#ilprodottomisteriosopenny #accettoregolamento #holettoprivacypolicy Purea di Zucca,2,0,2026-04-27T17:27:01.000Z,18083500979626993,48978471532,2026-05-04T16:10:26.856Z,https://www.instagram.com/p/DXotHFAjcSM
https://scontent-cdg4-1.cdninstagram.com/v/t51.2885-19/273393194_993942354545871_1729553939596216730_n.jpg?stp=dst-jpg_s150x150_tt6&_nc_cat=102&ccb=7-5&_nc_sid=f7ccc5&efg=eyJ2ZW5jb2RlX3RhZyI6InByb2ZpbGVfcGljLnd3dy4xMDgwLkMzIn0%3D&_nc_ohc=iiaOkHQpXAUQ7kNvwEnmpwH&_nc_oc=Adq7XP7VAa4_L0VtdFLkXhqSkl2Ar9glnh0KXrRFhp09oIqZFpHazzP5UZV-Y6M1Su8&_nc_zt=24&_nc_ht=scontent-cdg4-1.cdninstagram.com&_nc_ss=7b6a8&oh=00_Af4BzlkcXwZivW2Hu4r8ENLOr_VFvxDBhvb0CkvDb8Eb4A&oe=69FE9116,mariamarcassoli,https://www.instagram.com/mariamarcassoli,Confettura di albicocca senza zuccheri aggiunti #ilprodottomisteriosopenny #accettoregolamento #holettoprivacypolicy,1,0,2026-04-27T19:09:13.000Z,18122505388618949,7873024536,2026-05-04T16:10:26.856Z,https://www.instagram.com/p/DXotHFAjcSM
https://scontent-cdg4-2.cdninstagram.com/v/t51.2885-19/56968359_353616798595949_6353821411923984384_n.jpg?stp=dst-jpg_s150x150_tt6&_nc_cat=101&ccb=7-5&_nc_sid=f7ccc5&efg=eyJ2ZW5jb2RlX3RhZyI6InByb2ZpbGVfcGljLnd3dy4zMzkuQzMifQ%3D%3D&_nc_ohc=XAjNktv8AtEQ7kNvwGNbAhw&_nc_oc=AdpwCqq_p4xFtBdJHyUQyiEaI9OjO0bGtZ3y4KC0T7gBfuKHYMlLVKsyPwRy4Y9qE4M&_nc_zt=24&_nc_ht=scontent-cdg4-2.cdninstagram.com&_nc_ss=7b6a8&oh=00_Af5ksJAGeS9lrD_VlsisvFOUq6G9FfDY9IdwnZ26moi5MQ&oe=69FE96FB,brockenhill,https://www.instagram.com/brockenhill,#ilprodottomisteriosopenny #accettoilregolamento #holettoprivacypolicy confettura di albicocche senza zuccheri aggiunti,1,0,2026-04-27T14:58:20.000Z,17913117939180051,5938884210,2026-05-04T16:10:26.856Z,https://www.instagram.com/p/DXotHFAjcSM
https://scontent-cdg4-2.cdninstagram.com/v/t51.82787-19/671091388_18087147074074839_1973895186120465068_n.jpg?stp=dst-jpg_s150x150_tt6&_nc_cat=100&ccb=7-5&_nc_sid=f7ccc5&efg=eyJ2ZW5jb2RlX3RhZyI6InByb2ZpbGVfcGljLnd3dy40NzQuQzMifQ%3D%3D&_nc_ohc=l_gAx7WLALMQ7kNvwFPMSfY&_nc_oc=AdoPl55iWsY2ueSjZJkB9M_x5N0l_CrYcMn90zJeHUa1AvKQECHrDiMOOLRVFV6c3JI&_nc_zt=24&_nc_ht=scontent-cdg4-2.cdninstagram.com&_nc_gid=NP-vmAlGzDBaC2Uit4Maug&_nc_ss=7b6a8&oh=00_Af7RE8C4AoeBKvJx5N_EGqSBl2dKA-PE8LAgNPYgWPlYFg&oe=69FE9DFF,angelmina7044,https://www.instagram.com/angelmina7044,"#ilprodottomisteriosoPENNY
#accettoregolamento
#holettoprivacypolicy
confettura di albicocche senza zuccheri aggiunti",1,0,2026-04-27T17:04:47.000Z,17865525372673883,32323274838,2026-05-04T16:10:29.917Z,https://www.instagram.com/p/DXotHFAjcSM
https://scontent-cdg4-1.cdninstagram.com/v/t51.82787-19/682697541_17923926618335989_4441365112112709064_n.jpg?stp=dst-jpg_s150x150_tt6&_nc_cat=104&ccb=7-5&_nc_sid=f7ccc5&efg=eyJ2ZW5jb2RlX3RhZyI6InByb2ZpbGVfcGljLnd3dy4xMDgwLkMzIn0%3D&_nc_ohc=q2mYP9s6nEwQ7kNvwEObHFW&_nc_oc=AdrFabcLiroxSoSQNunUi1w7YmCCzP1DzRQanpB41I4lhwIHz5qar4MvOxUeYCkTdGU&_nc_zt=24&_nc_ht=scontent-cdg4-1.cdninstagram.com&_nc_gid=NP-vmAlGzDBaC2Uit4Maug&_nc_ss=7b6a8&oh=00_Af7F6H1dEvw0HXmIYEPLij-kvhwmy_uDTY-wZqGd5rldGg&oe=69FE863B,marta.jinx,https://www.instagram.com/marta.jinx,"Marmellata di albicocche welless senza  zuccheri aggiunti 😍😍 spero di vincere 🤞🏻🤞🏻🤞🏻🤞🏻
#ilprodottomisteriosopenny
#accettoregolamento #holettoprivacypolicy",0,0,2026-04-30T12:45:35.000Z,18526023679074799,69926943988,2026-05-04T16:10:29.917Z,https://www.instagram.com/p/DXotHFAjcSM
https://scontent-cdg4-3.cdninstagram.com/v/t51.2885-19/449536260_1741838766353365_451377006542300293_n.jpg?stp=dst-jpg_s150x150_tt6&_nc_cat=111&ccb=7-5&_nc_sid=f7ccc5&efg=eyJ2ZW5jb2RlX3RhZyI6InByb2ZpbGVfcGljLnd3dy4xMDgwLkMzIn0%3D&_nc_ohc=G7ZmYlA5q3QQ7kNvwF0GsBF&_nc_oc=AdpuW1zAt9rGPdrqrzsIcwBNYdke25Jv7Rtb7N0eSKviZrh-8LAwhPtYQhpM2ByNoFI&_nc_zt=24&_nc_ht=scontent-cdg4-3.cdninstagram.com&_nc_ss=7b6a8&oh=00_Af5CSBX3XPOTzdd0GjlS6Ren7aw3gvXMmFhUgZ0tq7sP_g&oe=69FE7F8D,filipporubino03,https://www.instagram.com/filipporubino03,CONFETTURE DI ALBICOCCHE @penny.italia @fattoincasadabenedetta,1,0,2026-04-30T11:15:00.000Z,18047249780758374,54307413724,2026-05-04T16:10:29.917Z,https://www.instagram.com/p/DXotHFAjcSM
https://scontent-cdg4-1.cdninstagram.com/v/t51.82787-19/587638208_17922024918189858_3807202493018723820_n.jpg?stp=dst-jpg_s150x150_tt6&_nc_cat=102&ccb=7-5&_nc_sid=f7ccc5&efg=eyJ2ZW5jb2RlX3RhZyI6InByb2ZpbGVfcGljLnd3dy4xMDYyLkMzIn0%3D&_nc_ohc=q_7bZhsezGoQ7kNvwFkqfG2&_nc_oc=Adq4ikjiMzpDGJyaIgfEcIS0oP91R1z57VC3aPMKU5iOAlnfeLmRPYy-viOTjUnt2ko&_nc_zt=24&_nc_ht=scontent-cdg4-1.cdninstagram.com&_nc_gid=NP-vmAlGzDBaC2Uit4Maug&_nc_ss=7b6a8&oh=00_Af4n7pH0pfUdbvRkss63uQ-YUn94FY0h56bDOZ_wpxZEsw&oe=69FE9693,cappiello_antonietta,https://www.instagram.com/cappiello_antonietta,ZUCCA,0,0,2026-04-30T20:29:04.000Z,18345900340212395,65529077857,2026-05-04T16:10:29.917Z,https://www.instagram.com/p/DXotHFAjcSM
https://scontent-cdg4-2.cdninstagram.com/v/t51.82787-19/659142249_18460668082096774_5439453535426869858_n.jpg?stp=dst-jpg_s150x150_tt6&_nc_cat=100&ccb=7-5&_nc_sid=f7ccc5&efg=eyJ2ZW5jb2RlX3RhZyI6InByb2ZpbGVfcGljLnd3dy4xMDgwLkMzIn0%3D&_nc_ohc=rk5yRlwXwvQQ7kNvwEdagwG&_nc_oc=AdrRxsmFVaIBw7GnXAuTI8Sa84iKfH6GkBNAFKuUvbpZezISTlzHJnQgrQBF2cFGTLs&_nc_zt=24&_nc_ht=scontent-cdg4-2.cdninstagram.com&_nc_gid=NP-vmAlGzDBaC2Uit4Maug&_nc_ss=7b6a8&oh=00_Af65cNtBp38iAqf1FasI1i5PmCuSfpHw4de250VfA0nYJQ&oe=69FEB0E7,cristinasanna77,https://www.instagram.com/cristinasanna77,Confettura albicocche,0,0,2026-04-28T11:03:47.000Z,18068579690668820,2895192773,2026-05-04T16:10:29.917Z,https://www.instagram.com/p/DXotHFAjcSM
https://scontent-cdg4-2.cdninstagram.com/v/t51.2885-19/21294538_1627042323975000_1687226250956898304_a.jpg?stp=dst-jpg_s150x150_tt6&_nc_cat=101&ccb=7-5&_nc_sid=f7ccc5&efg=eyJ2ZW5jb2RlX3RhZyI6InByb2ZpbGVfcGljLnd3dy4yMDAuQzMifQ%3D%3D&_nc_ohc=a48SeAeijQAQ7kNvwGBFqsZ&_nc_oc=AdqPdRm2HYgLiKqOWfIuSPEWExNys3d7_uBP7C-ub_OssQDoZf6DHu7B-QRbhW-qEDw&_nc_zt=24&_nc_ht=scontent-cdg4-2.cdninstagram.com&_nc_ss=7b6a8&oh=00_Af5jl_laOFipetxdzobkhSEyX1PJ8hN22L9lpeoSByDsXw&oe=69FEAA5F,beatriceleffi,https://www.instagram.com/beatriceleffi,Confettura di albicocche,0,0,2026-04-27T15:44:05.000Z,18389818243093640,5977146545,2026-05-04T16:10:29.917Z,https://www.instagram.com/p/DXotHFAjcSM
https://scontent-cdg4-1.cdninstagram.com/v/t51.82787-19/611649645_18016815989807386_6061935223120651951_n.jpg?stp=dst-jpg_s150x150_tt6&_nc_cat=108&ccb=7-5&_nc_sid=f7ccc5&efg=eyJ2ZW5jb2RlX3RhZyI6InByb2ZpbGVfcGljLnd3dy4xMDgwLkMzIn0%3D&_nc_ohc=VjcX-pF6giMQ7kNvwFJYRy2&_nc_oc=AdourYIRkO81hwizYZcfJ2yrOj6GzfZdiLYGpbQ7mwcM_ZHUQhiegcSoGrd1CRTUg6I&_nc_zt=24&_nc_ht=scontent-cdg4-1.cdninstagram.com&_nc_gid=NP-vmAlGzDBaC2Uit4Maug&_nc_ss=7b6a8&oh=00_Af6Yi02Kerur2nY-vdGthxzqhi4oi8G8JvSdzTx5McD6NQ&oe=69FEA90F,valentinaxurree,https://www.instagram.com/valentinaxurree,Confettura di albicocche,0,0,2026-04-27T19:55:00.000Z,18139363897520708,54073863385,2026-05-04T16:10:29.917Z,https://www.instagram.com/p/DXotHFAjcSM
https://scontent-cdg4-2.cdninstagram.com/v/t51.2885-19/19428622_1215310768578615_4141416429847052288_a.jpg?stp=dst-jpg_s150x150_tt6&_nc_cat=100&ccb=7-5&_nc_sid=f7ccc5&efg=eyJ2ZW5jb2RlX3RhZyI6InByb2ZpbGVfcGljLnd3dy4yMDAuQzMifQ%3D%3D&_nc_ohc=UAiAFRl_QI8Q7kNvwEYE_bn&_nc_oc=AdpC_wCsXw1jrXcomfMc_oTG8u3pwYxTjLzYvO4WEkFq4k1-Lt2Mxi2NyN3yk0ZnQxY&_nc_zt=24&_nc_ht=scontent-cdg4-2.cdninstagram.com&_nc_ss=7b6a8&oh=00_Af5Yg-Ercxiri6kRcpS8DpWxsUpS0sUIEIyNHRXXQlnCdA&oe=69FE994A,melany196,https://www.instagram.com/melany196,Confettura di albicocche,0,0,2026-04-28T12:48:40.000Z,18050865869721732,1978339691,2026-05-04T16:10:29.917Z,https://www.instagram.com/p/DXotHFAjcSM
https://scontent-cdg6-1.cdninstagram.com/v/t51.82787-19/589176368_18420041701113558_1510199386509880781_n.jpg?stp=dst-jpg_s150x150_tt6&_nc_cat=105&ccb=7-5&_nc_sid=f7ccc5&efg=eyJ2ZW5jb2RlX3RhZyI6InByb2ZpbGVfcGljLnd3dy4xMDgwLkMzIn0%3D&_nc_ohc=sd7RrH8z0oAQ7kNvwGnUVb3&_nc_oc=AdpdqEefAqqrgnOaBUEezGt_dPSiIT8-Me1H-Z6wf0RIVH0TW89NuVj_kUuJt07CN6U&_nc_zt=24&_nc_ht=scontent-cdg6-1.cdninstagram.com&_nc_gid=NP-vmAlGzDBaC2Uit4Maug&_nc_ss=7b6a8&oh=00_Af7MMn6lbPBdWfgs2Yrps34ud0B1QJ_cCJSGQZLmHXDkbg&oe=69FE9F8D,anna_f.r.e.i,https://www.instagram.com/anna_f.r.e.i,Confettura di albicocche,0,0,2026-04-28T16:24:53.000Z,18068708801326972,3561513557,2026-05-04T16:10:29.917Z,https://www.instagram.com/p/DXotHFAjcSM
https://scontent-cdg6-1.cdninstagram.com/v/t51.2885-19/49526027_373761743389015_1080923992866422784_n.jpg?stp=dst-jpg_s150x150_tt6&_nc_cat=105&ccb=7-5&_nc_sid=f7ccc5&efg=eyJ2ZW5jb2RlX3RhZyI6InByb2ZpbGVfcGljLnd3dy43NDcuQzMifQ%3D%3D&_nc_ohc=6VgwztZnE2gQ7kNvwERwQSb&_nc_oc=AdoPrmuwOF6TeZdnhxw2YxCo961aM0vyvCbVa34rHD475SlK1Ap7t9LcueTvGnvDViw&_nc_zt=24&_nc_ht=scontent-cdg6-1.cdninstagram.com&_nc_ss=7b6a8&oh=00_Af6i7V5L2AdYPyTouUCqtOD5busIl-LoPVv9d_KV6HmwkA&oe=69FE9C90,nadia.belletti,https://www.instagram.com/nadia.belletti,Confettura di arance o albicocche,0,0,2026-04-29T08:06:34.000Z,18081593327115949,10678090222,2026-05-04T16:10:29.917Z,https://www.instagram.com/p/DXotHFAjcSM
https://scontent-cdg4-2.cdninstagram.com/v/t51.82787-19/673857611_18099007246829883_3178892713111313586_n.jpg?stp=dst-jpg_s150x150_tt6&_nc_cat=100&ccb=7-5&_nc_sid=f7ccc5&efg=eyJ2ZW5jb2RlX3RhZyI6InByb2ZpbGVfcGljLnd3dy4zMjAuQzMifQ%3D%3D&_nc_ohc=Nx_jr0oyFesQ7kNvwFwumGZ&_nc_oc=AdoDRecyuA_5OShX4zKUsGAR3HrWm80VmvyrApZfWnL_wc-ThwUfoQtJcm4tCnCz9Eo&_nc_zt=24&_nc_ht=scontent-cdg4-2.cdninstagram.com&_nc_gid=NP-vmAlGzDBaC2Uit4Maug&_nc_ss=7b6a8&oh=00_Af6WbKbQ0iFTqkPsf3domksiUwLFczsd-C5l_ZlbdNBe2w&oe=69FE8C2C,emmeandreina,https://www.instagram.com/emmeandreina,Confettura di albicocca,0,0,2026-04-28T12:33:11.000Z,17885500242505732,24726117882,2026-05-04T16:10:29.917Z,https://www.instagram.com/p/DXotHFAjcSM
https://scontent-cdg4-2.cdninstagram.com/v/t51.75761-19/494670002_18164611261341394_8762209510146670347_n.jpg?stp=dst-jpg_s150x150_tt6&_nc_cat=101&ccb=7-5&_nc_sid=f7ccc5&efg=eyJ2ZW5jb2RlX3RhZyI6InByb2ZpbGVfcGljLnd3dy42MTguQzMifQ%3D%3D&_nc_ohc=EyNagrEepZYQ7kNvwF4XXwP&_nc_oc=AdpcFRBwnVRcR-50qpyCHdAmKOFf-LeEnySaQy1Trw6b46RTaHNhBhLQ1c10Ogb9b7g&_nc_zt=24&_nc_ht=scontent-cdg4-2.cdninstagram.com&_nc_gid=NP-vmAlGzDBaC2Uit4Maug&_nc_ss=7b6a8&oh=00_Af6czT03b-CbrykOLu9JhrxRrBEa1Mxo32X8j6QYzWevjw&oe=69FE9F21,maddalenamilaniterragni,https://www.instagram.com/maddalenamilaniterragni,Marmellata di albicocche @fattoincasadabenedetta,0,0,2026-04-30T19:38:35.000Z,18457595641106171,10265901393,2026-05-04T16:10:29.917Z,https://www.instagram.com/p/DXotHFAjcSM
https://scontent-cdg4-1.cdninstagram.com/v/t51.2885-19/10643895_347550372095093_911905556_a.jpg?_nc_cat=102&ccb=7-5&_nc_sid=f7ccc5&efg=eyJ2ZW5jb2RlX3RhZyI6InByb2ZpbGVfcGljLnd3dy4xNTAuQzMifQ%3D%3D&_nc_ohc=MlSrf0muc3cQ7kNvwGUHB5b&_nc_oc=AdqgP0KRVGUVuJ2FnUMClvZWA6psUKDqjKNXOcTD64UFFzo9NVs0h16Kf1kKcK4ZCXI&_nc_zt=24&_nc_ht=scontent-cdg4-1.cdninstagram.com&_nc_ss=7b6a8&oh=00_Af7q2kWetzBbwgErThOPLY7Cg9CDT6E58ESf5MfpNnbEbg&oe=69FE9DCC,daniela.guida.14,https://www.instagram.com/daniela.guida.14,😍Confettura di Albicocca🤞🥰🫰❤️#ilprodottomisteriosopenny #accettoregolamento #holettoprivacypolicy,0,0,2026-04-28T13:01:11.000Z,17945771478172160,1646253414,2026-05-04T16:10:29.917Z,https://www.instagram.com/p/DXotHFAjcSM
https://scontent-cdg6-1.cdninstagram.com/v/t51.75761-19/496769660_17842536741488450_3781178154928137953_n.jpg?stp=dst-jpg_s150x150_tt6&_nc_cat=105&ccb=7-5&_nc_sid=f7ccc5&efg=eyJ2ZW5jb2RlX3RhZyI6InByb2ZpbGVfcGljLnd3dy43MjAuQzMifQ%3D%3D&_nc_ohc=tYsRZZICZPMQ7kNvwFmIEdP&_nc_oc=AdpF_oxd0CPB7Xp0o32l4PPMVLyBgS-8U4qiFb-QEEFgAmm6GmsSbXXvNS6F3gVBZY0&_nc_zt=24&_nc_ht=scontent-cdg6-1.cdninstagram.com&_nc_gid=NP-vmAlGzDBaC2Uit4Maug&_nc_ss=7b6a8&oh=00_Af5cgnSH0zUOFJd2e8fHuWuZaTjJotJH1m5pClhUNDtkWQ&oe=69FE8DE5,alessandrobrangi,https://www.instagram.com/alessandrobrangi,Confettura di albicocche,0,0,2026-05-02T20:10:32.000Z,18351309940240721,74685000449,2026-05-04T16:10:29.917Z,https://www.instagram.com/p/DXotHFAjcSM
https://scontent-cdg4-1.cdninstagram.com/v/t51.2885-19/75328501_3016493231711583_4790667570623545344_n.jpg?stp=dst-jpg_s150x150_tt6&_nc_cat=102&ccb=7-5&_nc_sid=f7ccc5&efg=eyJ2ZW5jb2RlX3RhZyI6InByb2ZpbGVfcGljLnd3dy41NDAuQzMifQ%3D%3D&_nc_ohc=fHagkKZ2r9oQ7kNvwGKL3Y3&_nc_oc=AdrCGFtUC-Io1lveXl_XI63iakCViVjB_ZpFxcTOe5Eo3xH1GuijqEDuV8QG4KfHTcw&_nc_zt=24&_nc_ht=scontent-cdg4-1.cdninstagram.com&_nc_ss=7b6a8&oh=00_Af7M6xD8caPAeipE2Z56UJi2NioK3_t-wZpbinYGnOrXJA&oe=69FE7EFB,luludapos,https://www.instagram.com/luludapos,confettura di albicocche,0,0,2026-04-28T13:05:30.000Z,18120065449638980,25786644210,2026-05-04T16:10:29.917Z,https://www.instagram.com/p/DXotHFAjcSM
https://scontent-cdg4-1.cdninstagram.com/v/t51.2885-19/248054560_183219977331346_7253700087721210054_n.jpg?stp=dst-jpg_s150x150_tt6&_nc_cat=110&ccb=7-5&_nc_sid=f7ccc5&efg=eyJ2ZW5jb2RlX3RhZyI6InByb2ZpbGVfcGljLnd3dy42NDQuQzMifQ%3D%3D&_nc_ohc=XHH7dddDSg0Q7kNvwFJYjUj&_nc_oc=AdpVtfgI2AcPORQVYbDZq-fcdhr9p0uVQpps1ACKeYJpg41uKC2AseAB4jVnwM_Dess&_nc_zt=24&_nc_ht=scontent-cdg4-1.cdninstagram.com&_nc_ss=7b6a8&oh=00_Af6DlPKXv2ozx28USxy9Xcxpj7BDW-mMLYw-bl0jhLLpjg&oe=69FEAED7,giusjlou,https://www.instagram.com/giusjlou,Confettura di albicocche ❤️🥰,0,0,2026-04-30T13:04:01.000Z,18065493668364411,31240363840,2026-05-04T16:10:32.989Z,https://www.instagram.com/p/DXotHFAjcSM
https://scontent-cdg6-1.cdninstagram.com/v/t51.82787-19/645802749_18447292603128012_5112270461344257843_n.jpg?stp=dst-jpg_s150x150_tt6&_nc_cat=105&ccb=7-5&_nc_sid=f7ccc5&efg=eyJ2ZW5jb2RlX3RhZyI6InByb2ZpbGVfcGljLnd3dy4xMDgwLkMzIn0%3D&_nc_ohc=VvR3yB3vyS4Q7kNvwGUd0s0&_nc_oc=AdoA0PAQfYEisZnXTJ580QSf7Z1PCY2dX6xCeCfQ4QIF4kwPcVlI6QqFL-7eHNTtFlg&_nc_zt=24&_nc_ht=scontent-cdg6-1.cdninstagram.com&_nc_gid=zlhOBIZ7QYk4jjdtRMGZ7A&_nc_ss=7b6a8&oh=00_Af4TDPHDu0gybJ_wBgyxnenvE6cLtnjWk9SHEAp7lldmSA&oe=69FE8FAC,martinamarlettapt,https://www.instagram.com/martinamarlettapt,confettura di albicocche senza zuccheri aggiunti #ilprodottomisteriosopenny #accettoregolamento #holettoprivacypolicy 😍😍😍,0,0,2026-04-28T12:35:46.000Z,17855073006646078,3888472011,2026-05-04T16:10:32.989Z,https://www.instagram.com/p/DXotHFAjcSM
https://scontent-cdg6-1.cdninstagram.com/v/t51.2885-19/240580233_868626647091406_9114875350036912872_n.jpg?stp=dst-jpg_s150x150_tt6&_nc_cat=103&ccb=7-5&_nc_sid=f7ccc5&efg=eyJ2ZW5jb2RlX3RhZyI6InByb2ZpbGVfcGljLnd3dy4xMDgwLkMzIn0%3D&_nc_ohc=RUfg7HhQwRAQ7kNvwGMBhZ2&_nc_oc=AdoAqgZ2JChCs1HnO99bE1ADzdiyg8007p7EY3iygMXnll7LzWtJiC0826rPDe3XD7k&_nc_zt=24&_nc_ht=scontent-cdg6-1.cdninstagram.com&_nc_ss=7b6a8&oh=00_Af4HLywofq456nT_wDsxali_c_4JechAjrxlBH2nwEMc4g&oe=69FEABE5,francesca.gallo9782017,https://www.instagram.com/francesca.gallo9782017,#ilprodottomisteriosopenny,0,0,2026-04-27T17:00:32.000Z,18145444918498400,5756196169,2026-05-04T16:10:32.989Z,https://www.instagram.com/p/DXotHFAjcSM
https://scontent-cdg4-1.cdninstagram.com/v/t51.2885-19/422009748_1128814614906416_5076626148781036829_n.jpg?stp=dst-jpg_s150x150_tt6&_nc_cat=110&ccb=7-5&_nc_sid=f7ccc5&efg=eyJ2ZW5jb2RlX3RhZyI6InByb2ZpbGVfcGljLnd3dy45MjUuQzMifQ%3D%3D&_nc_ohc=MvqC4ooPgwgQ7kNvwFu_pgk&_nc_oc=Adonvfap3ZnvRUGRL24Wjj5DH8jW3igUMrfgTO5ulScWS1zXBkkd_QodmO9DLV-xdl8&_nc_zt=24&_nc_ht=scontent-cdg4-1.cdninstagram.com&_nc_ss=7b6a8&oh=00_Af4FqSv1Tn7VtjFg35h-20LskNRC8oTZUFi-p1jktV5s6w&oe=69FE9751,maria_dm86,https://www.instagram.com/maria_dm86,#ilprodottomisteriosopenny,0,0,2026-04-28T12:53:52.000Z,18134910883544098,7287072724,2026-05-04T16:10:32.989Z,https://www.instagram.com/p/DXotHFAjcSM
https://scontent-cdg6-1.cdninstagram.com/v/t51.82787-19/589176368_18420041701113558_1510199386509880781_n.jpg?stp=dst-jpg_s150x150_tt6&_nc_cat=105&ccb=7-5&_nc_sid=f7ccc5&efg=eyJ2ZW5jb2RlX3RhZyI6InByb2ZpbGVfcGljLnd3dy4xMDgwLkMzIn0%3D&_nc_ohc=sd7RrH8z0oAQ7kNvwGnUVb3&_nc_oc=AdpdqEefAqqrgnOaBUEezGt_dPSiIT8-Me1H-Z6wf0RIVH0TW89NuVj_kUuJt07CN6U&_nc_zt=24&_nc_ht=scontent-cdg6-1.cdninstagram.com&_nc_gid=zlhOBIZ7QYk4jjdtRMGZ7A&_nc_ss=7b6a8&oh=00_Af5FtRmSsEUSzl7FNDnG41XhO3K1PheK4LWWWgZq2Cdsew&oe=69FE9F8D,anna_f.r.e.i,https://www.instagram.com/anna_f.r.e.i,#ilprodottomisteriosopenny,0,0,2026-04-28T16:25:11.000Z,17985043265992445,3561513557,2026-05-04T16:10:32.989Z,https://www.instagram.com/p/DXotHFAjcSM
https://scontent-cdg4-2.cdninstagram.com/v/t51.82787-19/687317084_17962490562118004_2084561215474273825_n.jpg?stp=dst-jpg_s150x150_tt6&_nc_cat=100&ccb=7-5&_nc_sid=f7ccc5&efg=eyJ2ZW5jb2RlX3RhZyI6InByb2ZpbGVfcGljLnd3dy4xMDgwLkMzIn0%3D&_nc_ohc=RIvhXiwyHAoQ7kNvwFApxj9&_nc_oc=AdpnzydkN9WP7kh-U46NjXZNKXtcIHTmqm74vXs321FbV9ErA2CQxp0dVD0iV7L3gx8&_nc_zt=24&_nc_ht=scontent-cdg4-2.cdninstagram.com&_nc_gid=zlhOBIZ7QYk4jjdtRMGZ7A&_nc_ss=7b6a8&oh=00_Af5Upe5oT5wGZ1dT9ArkIAIp1m-lZEhXY6KqVW2qpCjCrw&oe=69FE9376,annamariabollino,https://www.instagram.com/annamariabollino,Vellutata di zucca 🎃 #PRODOTTOMISTERIOSOPENNY #ACCETTOREGOLAMENTO #HOLETTOPRIVACYPOLICY,0,0,2026-04-28T13:21:56.000Z,18019106072665133,63564230003,2026-05-04T16:10:32.989Z,https://www.instagram.com/p/DXotHFAjcSM
https://scontent-cdg4-1.cdninstagram.com/v/t51.2885-19/140062299_2762160147369475_6250479817379049944_n.jpg?stp=dst-jpg_s150x150_tt6&_nc_cat=104&ccb=7-5&_nc_sid=f7ccc5&efg=eyJ2ZW5jb2RlX3RhZyI6InByb2ZpbGVfcGljLnd3dy4xMDgwLkMzIn0%3D&_nc_ohc=fvhszicjPhUQ7kNvwGijJHz&_nc_oc=Adqaj7i6AZ9cjHH627CEwn7dfvBZ9IOKF3jycha0PP9uNqCHz3xfReQ9ay7okRCrd7Q&_nc_zt=24&_nc_ht=scontent-cdg4-1.cdninstagram.com&_nc_ss=7b6a8&oh=00_Af4CU2cv-MYlvHyLhx5CngtpPlBZIgJFzq8nN8eB_PCrpQ&oe=69FEAEE5,donatellaborgonzoni,https://www.instagram.com/donatellaborgonzoni,La zucca,0,0,2026-04-28T13:41:56.000Z,18151252213471998,45263127474,2026-05-04T16:10:32.989Z,https://www.instagram.com/p/DXotHFAjcSM
https://scontent-cdg4-1.cdninstagram.com/v/t51.82787-19/684120244_18577134958019572_2280365597705187150_n.jpg?stp=dst-jpg_s150x150_tt6&_nc_cat=108&ccb=7-5&_nc_sid=f7ccc5&efg=eyJ2ZW5jb2RlX3RhZyI6InByb2ZpbGVfcGljLnd3dy4xMDgwLkMzIn0%3D&_nc_ohc=jqsT_E8AmXUQ7kNvwFkvIEm&_nc_oc=AdreQNzBBjt2SV_TXLcVrbgY7WOTkUx1D6UM3qPh-wH48Pm9ng7jsXLB1jG29cVTwr0&_nc_zt=24&_nc_ht=scontent-cdg4-1.cdninstagram.com&_nc_gid=zlhOBIZ7QYk4jjdtRMGZ7A&_nc_ss=7b6a8&oh=00_Af5eKfLl5TDvwi-1I16StTw49_9QWMEqXDuuHIqnM54w1A&oe=69FE84B9,cvalentina87,https://www.instagram.com/cvalentina87,"#PRODOTTOMISTERIOSOPENNY
#ACCETTOREGOLAMENTO
#HOLETTOPRIVACYPOLICY confettura di albicocche",0,0,2026-04-28T11:09:57.000Z,18102301673048123,4563571,2026-05-04T16:10:32.989Z,https://www.instagram.com/p/DXotHFAjcSM
https://scontent-cdg6-1.cdninstagram.com/v/t51.82787-19/682920156_18587341072044112_2858602059162804081_n.jpg?stp=dst-jpg_s150x150_tt6&_nc_cat=106&ccb=7-5&_nc_sid=f7ccc5&efg=eyJ2ZW5jb2RlX3RhZyI6InByb2ZpbGVfcGljLnd3dy4xMDgwLkMzIn0%3D&_nc_ohc=AT443tFMFO8Q7kNvwHPpdNW&_nc_oc=AdpSVnwSwkubgtKOKPkh60uJipqUTGKOPfllAQTOd9oaelhyU9L52eLw4BpwZmiwMkI&_nc_zt=24&_nc_ht=scontent-cdg6-1.cdninstagram.com&_nc_gid=zlhOBIZ7QYk4jjdtRMGZ7A&_nc_ss=7b6a8&oh=00_Af6rlu-eNHGVv2bB9OptFbpHsppDEh5TSAXavtfXNSm1NA&oe=69FEA32D,kyttyro111,https://www.instagram.com/kyttyro111,"Composta di albicocche 100% #PRODOTTOMISTERIOSOPENNY
#ACCETTOREGOLAMENTO
#HOLETTOPRIVACYPOLICY",0,0,2026-04-28T05:47:49.000Z,17873236623476236,293420111,2026-05-04T16:10:32.989Z,https://www.instagram.com/p/DXotHFAjcSM
https://scontent-cdg6-1.cdninstagram.com/v/t51.2885-19/28152167_809804942538884_8760416902133579776_n.jpg?stp=dst-jpg_s150x150_tt6&_nc_cat=103&ccb=7-5&_nc_sid=f7ccc5&efg=eyJ2ZW5jb2RlX3RhZyI6InByb2ZpbGVfcGljLnd3dy4xMDgwLkMzIn0%3D&_nc_ohc=aUaDV-r0EhQQ7kNvwGQz-43&_nc_oc=AdqcVMs22DueP-6kn4ToITVbL2Su-PNCQ92mXwwpsfvYh3VyW7grQuPxSm2unK-SGrc&_nc_zt=24&_nc_ht=scontent-cdg6-1.cdninstagram.com&_nc_ss=7b6a8&oh=00_Af5hzlN8guw9NMgUii-F3Z3hAvm4ZFBJndMAxUIcZ2ZhUA&oe=69FEA55F,perronemros,https://www.instagram.com/perronemros,Marmellata di albicocca,0,0,2026-04-27T15:33:00.000Z,18312707500273915,7188701057,2026-05-04T16:10:32.989Z,https://www.instagram.com/p/DXotHFAjcSM
https://scontent-cdg6-1.cdninstagram.com/v/t51.2885-19/123543230_845650206240443_388551526820997312_n.jpg?stp=dst-jpg_s150x150_tt6&_nc_cat=105&ccb=7-5&_nc_sid=f7ccc5&efg=eyJ2ZW5jb2RlX3RhZyI6InByb2ZpbGVfcGljLnd3dy4xMDgwLkMzIn0%3D&_nc_ohc=IGyeqKmsPVkQ7kNvwEuThe8&_nc_oc=AdqtMc6eymVBfvRALwxzJNYaxOXEfpdnFNG37PbBe1t1ojOWL5ybXIIdLCGmjtoIFAg&_nc_zt=24&_nc_ht=scontent-cdg6-1.cdninstagram.com&_nc_ss=7b6a8&oh=00_Af5oWtvNIfmoSCiTMQOnSzKL7cY_o-ljt49TvJ423-ypsw&oe=69FEA0CC,stefaniafinocchiaro81,https://www.instagram.com/stefaniafinocchiaro81,Confettura di albicocche😍 #prodottomisteriosopenny😍#accettoregolamento#holettoprivacypolicy,0,0,2026-04-27T15:04:36.000Z,18120729229637838,44420029160,2026-05-04T16:10:32.989Z,https://www.instagram.com/p/DXotHFAjcSM
https://scontent-cdg4-3.cdninstagram.com/v/t51.82787-19/531388527_18494471953067925_8076579134578473094_n.jpg?stp=dst-jpg_s150x150_tt6&_nc_cat=111&ccb=7-5&_nc_sid=f7ccc5&efg=eyJ2ZW5jb2RlX3RhZyI6InByb2ZpbGVfcGljLnd3dy4xMDgwLkMzIn0%3D&_nc_ohc=cop9SS7xlXQQ7kNvwFG4Max&_nc_oc=Adqi6U54eYgcDGAANGjLmqQw__eC-GzPyq0UF0u1-1FinfddDj3V7FzF0kldKv3N-g0&_nc_zt=24&_nc_ht=scontent-cdg4-3.cdninstagram.com&_nc_gid=zlhOBIZ7QYk4jjdtRMGZ7A&_nc_ss=7b6a8&oh=00_Af5zUCkO0APeP9xc66Nmr7C5stfjVhK9L9Ljqc9iGzE8lQ&oe=69FEAF69,therealmikachu,https://www.instagram.com/therealmikachu,Confettura di albicocche senza zuccheri aggiunti!♥️ #ilprodottomisteriosopenny #accettoregolamento #holettoprivacypolicy ♥️,0,0,2026-04-29T10:09:40.000Z,18077617418187807,2046947924,2026-05-04T16:10:32.989Z,https://www.instagram.com/p/DXotHFAjcSM
https://scontent-cdg4-1.cdninstagram.com/v/t51.2885-19/353829379_1222149605155565_8733031099767026388_n.jpg?stp=dst-jpg_s150x150_tt6&_nc_cat=110&ccb=7-5&_nc_sid=f7ccc5&efg=eyJ2ZW5jb2RlX3RhZyI6InByb2ZpbGVfcGljLnd3dy4xMDgwLkMzIn0%3D&_nc_ohc=M-_hcYtl0ugQ7kNvwE_DDN_&_nc_oc=Adp2FuZ_5SmZvNx-rGG8Mb0RjrITyY9t4l4djuWww7OJajEzYNUaLV3rW1e4yWQTfbQ&_nc_zt=24&_nc_ht=scontent-cdg4-1.cdninstagram.com&_nc_ss=7b6a8&oh=00_Af6WLoZ3KAQmA9lXEnvsUvjHbo0Cf7-njql7WDl9BbGGNw&oe=69FEA0BE,drawing.lina60,https://www.instagram.com/drawing.lina60,Confettura di albicocche 🧑‍🍳,0,0,2026-04-30T04:52:02.000Z,17895185589448302,7090516344,2026-05-04T16:10:32.989Z,https://www.instagram.com/p/DXotHFAjcSM
https://scontent-cdg4-2.cdninstagram.com/v/t51.82787-19/673857611_18099007246829883_3178892713111313586_n.jpg?stp=dst-jpg_s150x150_tt6&_nc_cat=100&ccb=7-5&_nc_sid=f7ccc5&efg=eyJ2ZW5jb2RlX3RhZyI6InByb2ZpbGVfcGljLnd3dy4zMjAuQzMifQ%3D%3D&_nc_ohc=Nx_jr0oyFesQ7kNvwFwumGZ&_nc_oc=AdoDRecyuA_5OShX4zKUsGAR3HrWm80VmvyrApZfWnL_wc-ThwUfoQtJcm4tCnCz9Eo&_nc_zt=24&_nc_ht=scontent-cdg4-2.cdninstagram.com&_nc_gid=zlhOBIZ7QYk4jjdtRMGZ7A&_nc_ss=7b6a8&oh=00_Af6uf3swrSdDi8HsQ7c_-HPmF371ENxEHSzPkzDM23vMTA&oe=69FE8C2C,emmeandreina,https://www.instagram.com/emmeandreina,#il prodottomisteriosopenny #,0,0,2026-04-28T12:34:05.000Z,18108161569905038,24726117882,2026-05-04T16:10:32.989Z,https://www.instagram.com/p/DXotHFAjcSM
https://scontent-cdg6-1.cdninstagram.com/v/t51.2885-19/240580233_868626647091406_9114875350036912872_n.jpg?stp=dst-jpg_s150x150_tt6&_nc_cat=103&ccb=7-5&_nc_sid=f7ccc5&efg=eyJ2ZW5jb2RlX3RhZyI6InByb2ZpbGVfcGljLnd3dy4xMDgwLkMzIn0%3D&_nc_ohc=RUfg7HhQwRAQ7kNvwGMBhZ2&_nc_oc=AdoAqgZ2JChCs1HnO99bE1ADzdiyg8007p7EY3iygMXnll7LzWtJiC0826rPDe3XD7k&_nc_zt=24&_nc_ht=scontent-cdg6-1.cdninstagram.com&_nc_ss=7b6a8&oh=00_Af4HLywofq456nT_wDsxali_c_4JechAjrxlBH2nwEMc4g&oe=69FEABE5,francesca.gallo9782017,https://www.instagram.com/francesca.gallo9782017,Confettura,0,0,2026-04-27T16:56:56.000Z,18107534942077718,5756196169,2026-05-04T16:10:32.989Z,https://www.instagram.com/p/DXotHFAjcSM
https://scontent-cdg4-1.cdninstagram.com/v/t51.2885-19/12063060_1110666725627433_639529570_a.jpg?_nc_cat=102&ccb=7-5&_nc_sid=f7ccc5&efg=eyJ2ZW5jb2RlX3RhZyI6InByb2ZpbGVfcGljLnd3dy4xNTAuQzMifQ%3D%3D&_nc_ohc=QBT7IFaafCoQ7kNvwFWjuw4&_nc_oc=AdqrGlSIdCxnz9UwfKRg0XzcLScvvshjBwb64Bp4asWxrZibUdnH4RlllbSSiCtL-J0&_nc_zt=24&_nc_ht=scontent-cdg4-1.cdninstagram.com&_nc_ss=7b6a8&oh=00_Af7_9HJCR88yjb-STFmBJWgV558D0Eq7pyx3JQ98a2tKAw&oe=69FEB010,lucia_dimichino,https://www.instagram.com/lucia_dimichino,Confettura di albicocche #PRODOTTOMISTERIOSOPENNY #ACCETTOREGOLAMENTO #HOLETTOPRIVACYPOLICY,0,0,2026-04-28T19:16:12.000Z,18085510874607546,1412409388,2026-05-04T16:10:35.839Z,https://www.instagram.com/p/DXotHFAjcSM
https://scontent-cdg4-2.cdninstagram.com/v/t51.2885-19/67944848_910498922642618_693597618705530880_n.jpg?stp=dst-jpg_s150x150_tt6&_nc_cat=109&ccb=7-5&_nc_sid=f7ccc5&efg=eyJ2ZW5jb2RlX3RhZyI6InByb2ZpbGVfcGljLnd3dy4zMjAuQzMifQ%3D%3D&_nc_ohc=8dyKl3-bpkIQ7kNvwEkomwT&_nc_oc=AdrgXZ7syWJkOM3C3d78PL1uGogXBn1_rzMsszn_CA77PgctHG4aDi7k4KLvOp-tvuU&_nc_zt=24&_nc_ht=scontent-cdg4-2.cdninstagram.com&_nc_ss=7b6a8&oh=00_Af4e2_BObgvN7qhhHVX9GZVHzCrqmfoOpmXeu_AVHRA0Lw&oe=69FE7D9C,concetta_messina73,https://www.instagram.com/concetta_messina73,confettura di albicocca,0,0,2026-05-02T15:07:29.000Z,18458541664109037,6005005299,2026-05-04T16:10:35.839Z,https://www.instagram.com/p/DXotHFAjcSM
https://scontent-cdg4-2.cdninstagram.com/v/t51.2885-19/32203138_1335896339887916_8617290913745469440_n.jpg?stp=dst-jpg_s150x150_tt6&_nc_cat=107&ccb=7-5&_nc_sid=f7ccc5&efg=eyJ2ZW5jb2RlX3RhZyI6InByb2ZpbGVfcGljLnd3dy4xMDgwLkMzIn0%3D&_nc_ohc=P4mqeWp9SsEQ7kNvwERe80u&_nc_oc=Adp1xkKwRk5_Rrqct3GA3coFpU9i5qirfkxiEch4QYVeYhGPjE2IApZPrBv_E2tlcLI&_nc_zt=24&_nc_ht=scontent-cdg4-2.cdninstagram.com&_nc_ss=7b6a8&oh=00_Af7-27KYWRr32CXWfO3HDBfqPPvSVcoG-p_FkPb77F6dAQ&oe=69FE7C9F,donatello_panunzio,https://www.instagram.com/donatello_panunzio,Confettura di albicocca #PRODOTTOMISTERIOSOPENNY #ACCETTOREGOLAMENTO #HOLETTOPRIVACYPOLICY,0,0,2026-04-29T22:23:44.000Z,18098775473053468,1412961273,2026-05-04T16:10:35.839Z,https://www.instagram.com/p/DXotHFAjcSM
https://scontent-cdg4-2.cdninstagram.com/v/t51.82787-19/645790712_18039184400568639_7257677888721388736_n.jpg?stp=dst-jpg_s150x150_tt6&_nc_cat=109&ccb=7-5&_nc_sid=f7ccc5&efg=eyJ2ZW5jb2RlX3RhZyI6InByb2ZpbGVfcGljLnd3dy4xMDgwLkMzIn0%3D&_nc_ohc=3g33ybtrtNkQ7kNvwHOELWI&_nc_oc=AdqmfZT3UtXuiw0rDKyW_0urbY2-UP559bLoEl5kIlR0HrJdQBy_axrzZACOBifwrMo&_nc_zt=24&_nc_ht=scontent-cdg4-2.cdninstagram.com&_nc_gid=bEwpKROzWjP5gJhCO0PWxg&_nc_ss=7b6a8&oh=00_Af6P7SnZcATXgK4_kxHpsVi0d-b-0FScQiuZtzpyYenLXw&oe=69FE8819,fablos883,https://www.instagram.com/fablos883,Marmellata di albicocche 😍 #ilprodottomisteriosopenny #accettoilregolamento #holettoprivacypolicy,0,0,2026-05-02T19:18:06.000Z,17936388585229710,47212000638,2026-05-04T16:10:35.839Z,https://www.instagram.com/p/DXotHFAjcSM
https://scontent-cdg4-2.cdninstagram.com/v/t51.2885-19/120926369_345889729995935_1604733007928751508_n.jpg?stp=dst-jpg_s150x150_tt6&_nc_cat=100&ccb=7-5&_nc_sid=f7ccc5&efg=eyJ2ZW5jb2RlX3RhZyI6InByb2ZpbGVfcGljLnd3dy4xMDgwLkMzIn0%3D&_nc_ohc=uZoP1kI7GSkQ7kNvwHDVqzc&_nc_oc=AdpUKp8Dx0fQGOAq5jYVCgS6WL7Y8DshAAumLHGJzU8ljBvdWyz8KML7NiV59BUf8XY&_nc_zt=24&_nc_ht=scontent-cdg4-2.cdninstagram.com&_nc_ss=7b6a8&oh=00_Af4F8-0AJETgR4D5myHWxEhtF5DFxMAcvoEq_EMCsOWmIw&oe=69FE9023,paola.radice.1976,https://www.instagram.com/paola.radice.1976,Marmellata/confettura #PRODOTTOMISTERIOSOPENNY #ACCETTOREGOLAMENTO #HOLETTOPRIVACYPOLICY,0,0,2026-04-27T16:53:19.000Z,18062372537418201,7716816900,2026-05-04T16:10:35.839Z,https://www.instagram.com/p/DXotHFAjcSM
https://scontent-cdg6-1.cdninstagram.com/v/t51.2885-19/38854409_2037090323270278_6105450767525609472_n.jpg?stp=dst-jpg_s150x150_tt6&_nc_cat=105&ccb=7-5&_nc_sid=f7ccc5&efg=eyJ2ZW5jb2RlX3RhZyI6InByb2ZpbGVfcGljLnd3dy44OTkuQzMifQ%3D%3D&_nc_ohc=Q5SJXA85PioQ7kNvwEh6WCq&_nc_oc=Adr1XD--GDIH2skHSvNBGprHnneTXlno6EQx4l-d8XNRVHPq3FcGBycBA37UKuMA2N0&_nc_zt=24&_nc_ht=scontent-cdg6-1.cdninstagram.com&_nc_ss=7b6a8&oh=00_Af6pCrVuvTWq-H_AebuQCM_PWjtIwKeUTsIHT9ZBxHAXZw&oe=69FE96F6,fiorellarallo,https://www.instagram.com/fiorellarallo,Confettura di albicocche senza zuccheri aggiunti 🍑#ilprodottomisteriosopenny #accettoregolamento #holettoprivacypolicy,0,0,2026-04-30T10:19:54.000Z,18069093455334746,1150487215,2026-05-04T16:10:35.839Z,https://www.instagram.com/p/DXotHFAjcSM
https://scontent-cdg6-1.cdninstagram.com/v/t51.2885-19/38854409_2037090323270278_6105450767525609472_n.jpg?stp=dst-jpg_s150x150_tt6&_nc_cat=105&ccb=7-5&_nc_sid=f7ccc5&efg=eyJ2ZW5jb2RlX3RhZyI6InByb2ZpbGVfcGljLnd3dy44OTkuQzMifQ%3D%3D&_nc_ohc=Q5SJXA85PioQ7kNvwEh6WCq&_nc_oc=Adr1XD--GDIH2skHSvNBGprHnneTXlno6EQx4l-d8XNRVHPq3FcGBycBA37UKuMA2N0&_nc_zt=24&_nc_ht=scontent-cdg6-1.cdninstagram.com&_nc_ss=7b6a8&oh=00_Af6pCrVuvTWq-H_AebuQCM_PWjtIwKeUTsIHT9ZBxHAXZw&oe=69FE96F6,fiorellarallo,https://www.instagram.com/fiorellarallo,Confettura di albicocche senza zuccheri aggiunti 🍑,0,0,2026-04-30T10:19:22.000Z,18019390442667766,1150487215,2026-05-04T16:10:35.839Z,https://www.instagram.com/p/DXotHFAjcSM
https://scontent-cdg6-1.cdninstagram.com/v/t51.2885-19/256042459_4579246262161625_7559070499678656383_n.jpg?stp=dst-jpg_s150x150_tt6&_nc_cat=103&ccb=7-5&_nc_sid=f7ccc5&efg=eyJ2ZW5jb2RlX3RhZyI6InByb2ZpbGVfcGljLnd3dy4xMDgwLkMzIn0%3D&_nc_ohc=HxXD1vqugo0Q7kNvwGyJ0oQ&_nc_oc=AdoXIHHw0dnGvIWQG19KRYbGhTTd3YvBF05fajwMw2oAuA0UBd0vzLpbkXjio1zLJnY&_nc_zt=24&_nc_ht=scontent-cdg6-1.cdninstagram.com&_nc_ss=7b6a8&oh=00_Af50FqUvSjIG0gfkEwTH8S_MrTV1BRRrg6fwKvJa4xe53Q&oe=69FE8257,kettybarone_,https://www.instagram.com/kettybarone_,Marmellata di albicocche 🤤,0,0,2026-04-30T04:38:30.000Z,18326980321250279,11410777979,2026-05-04T16:10:35.839Z,https://www.instagram.com/p/DXotHFAjcSM
https://scontent-cdg6-1.cdninstagram.com/v/t51.2885-19/230092841_1142967392779718_4900701736838657581_n.jpg?stp=dst-jpg_s150x150_tt6&_nc_cat=105&ccb=7-5&_nc_sid=f7ccc5&efg=eyJ2ZW5jb2RlX3RhZyI6InByb2ZpbGVfcGljLnd3dy41MDQuQzMifQ%3D%3D&_nc_ohc=5ffqKme5DcYQ7kNvwE2tVo5&_nc_oc=AdoMCC9NLh7mpXco5kZy4pUJaF052ZeSZ9IUxHW-50fqKOME-_o7royXFtcDZwySYAo&_nc_zt=24&_nc_ht=scontent-cdg6-1.cdninstagram.com&_nc_ss=7b6a8&oh=00_Af5xERvzZYWTp3JXwJXZmsRNphc-VOsdsKlmvv46ClzvlA&oe=69FE8EE2,mary.mari.lu,https://www.instagram.com/mary.mari.lu,Hummus di Zucca Welless #PRODOTTOMISTERIOSOPENNY #ACCETTOREGOLAMENTO #HOLETTOPRIVACYPOLICY,0,0,2026-04-28T12:20:31.000Z,18057475298491760,40083611970,2026-05-04T16:10:35.839Z,https://www.instagram.com/p/DXotHFAjcSM
https://scontent-cdg4-1.cdninstagram.com/v/t51.2885-19/14156182_714741488678808_1420370791_a.jpg?stp=dst-jpg_s150x150_tt6&_nc_cat=108&ccb=7-5&_nc_sid=f7ccc5&efg=eyJ2ZW5jb2RlX3RhZyI6InByb2ZpbGVfcGljLnd3dy43NjguQzMifQ%3D%3D&_nc_ohc=E3XxQsDf4FsQ7kNvwEcLMyz&_nc_oc=AdoaRwwjNeUElA6zdDg-ADvxo4P-vNRsAh95wTv9qLQN-SYva-F67OxqeV5iTIZ09oA&_nc_zt=24&_nc_ht=scontent-cdg4-1.cdninstagram.com&_nc_ss=7b6a8&oh=00_Af6oth3omyO0ZRisS8myZ9W7aIPrxCW70BVFJCtGX3Jx4w&oe=69FE9EA7,crepaldilaura,https://www.instagram.com/crepaldilaura,#PRODOTTOMISTERIOSOPENNY #ACCETTOREGOLAMENTO #HOLETTOPRIVACYPOLICY confettura di albicocche senza zuccheri aggiunti,0,0,2026-04-28T12:44:25.000Z,18074588585647826,3299784973,2026-05-04T16:10:35.839Z,https://www.instagram.com/p/DXotHFAjcSM
https://scontent-cdg4-1.cdninstagram.com/v/t51.2885-19/343873450_263592372764571_4410739726790745719_n.jpg?stp=dst-jpg_s150x150_tt6&_nc_cat=104&ccb=7-5&_nc_sid=f7ccc5&efg=eyJ2ZW5jb2RlX3RhZyI6InByb2ZpbGVfcGljLnd3dy4xMDgwLkMzIn0%3D&_nc_ohc=4L4HzX10QIUQ7kNvwEYJ9n_&_nc_oc=AdqVV6zPHcUUN0xLEhgSv3luqNEMyNcHuctbyly1o3_31DQI_HtA43RAlpZQ_Nl0Epg&_nc_zt=24&_nc_ht=scontent-cdg4-1.cdninstagram.com&_nc_ss=7b6a8&oh=00_Af7odtX-jae3nrvH70p9hd9Yc7U3WzXxzw6bwsB1973kjA&oe=69FE9D3C,real19andrew90,https://www.instagram.com/real19andrew90,Collagene,0,0,2026-04-30T15:31:49.000Z,18114261964771620,3660433254,2026-05-04T16:10:35.839Z,https://www.instagram.com/p/DXotHFAjcSM
https://scontent-cdg4-2.cdninstagram.com/v/t51.2885-19/348876749_1167887784611713_5659853335067191190_n.jpg?stp=dst-jpg_s150x150_tt6&_nc_cat=107&ccb=7-5&_nc_sid=f7ccc5&efg=eyJ2ZW5jb2RlX3RhZyI6InByb2ZpbGVfcGljLnd3dy45NTkuQzMifQ%3D%3D&_nc_ohc=hmIe8fpLlAIQ7kNvwGtzj-B&_nc_oc=Ado3OuwbznLtNXCdLxAuKZxBNwE9YyKCmREz_FUc9blSoQTH-b9ZElI7l2wsKYgdtrU&_nc_zt=24&_nc_ht=scontent-cdg4-2.cdninstagram.com&_nc_ss=7b6a8&oh=00_Af4JSu4DTWuBrMLKYxp7TNOOuBaHdb8-BozqB7fTFnRQvA&oe=69FE962F,gessica_bears,https://www.instagram.com/gessica_bears,Marmellata d'arancia,0,0,2026-04-30T16:36:39.000Z,17887676034368696,10909557890,2026-05-04T16:10:35.839Z,https://www.instagram.com/p/DXotHFAjcSM
https://scontent-cdg4-3.cdninstagram.com/v/t51.2885-19/18723242_1910405039230955_7162674873154666496_a.jpg?stp=dst-jpg_s150x150_tt6&_nc_cat=111&ccb=7-5&_nc_sid=f7ccc5&efg=eyJ2ZW5jb2RlX3RhZyI6InByb2ZpbGVfcGljLnd3dy4xMDgwLkMzIn0%3D&_nc_ohc=tU244nxcP9AQ7kNvwFzYIGu&_nc_oc=AdoRYUqepG7QE_BLyde97lSOd_qzuRKNjIsRSEklIjrMGZGQpsHatWIbl3zRyKoj_8E&_nc_zt=24&_nc_ht=scontent-cdg4-3.cdninstagram.com&_nc_ss=7b6a8&oh=00_Af7SvVfQ9fNfUuz1IUHkZsnASWgkdrcc6j_X7t0iuZK_zA&oe=69FEA9ED,tortorellaadele,https://www.instagram.com/tortorellaadele,Confettura albicocche,0,0,2026-04-30T14:21:46.000Z,17984865398817015,4017674746,2026-05-04T16:10:35.839Z,https://www.instagram.com/p/DXotHFAjcSM
https://scontent-cdg4-1.cdninstagram.com/v/t51.2885-19/121734333_122701222722165_3286774622873033739_n.jpg?stp=dst-jpg_s150x150_tt6&_nc_cat=110&ccb=7-5&_nc_sid=f7ccc5&efg=eyJ2ZW5jb2RlX3RhZyI6InByb2ZpbGVfcGljLnd3dy4xMDgwLkMzIn0%3D&_nc_ohc=175qnwU18n0Q7kNvwFdzpL4&_nc_oc=AdryXoH318Rfm565TLs6Xn2QijN5m5761dVYYWpKTGGI6u1iqd-s9W9LWgv9YUnuXDE&_nc_zt=24&_nc_ht=scontent-cdg4-1.cdninstagram.com&_nc_ss=7b6a8&oh=00_Af7I6jMrQOsrXYblpJVWr1_fX83h7O6iuiaZ_eezK3P45A&oe=69FE8D5B,roberta_1806,https://www.instagram.com/roberta_1806,Confettura albicocche,0,0,2026-04-30T06:56:35.000Z,18584326120062021,38054780987,2026-05-04T16:10:35.839Z,https://www.instagram.com/p/DXotHFAjcSM
https://scontent-cdg4-2.cdninstagram.com/v/t51.2885-19/51098334_312683566044656_903627244671336448_n.jpg?stp=dst-jpg_s150x150_tt6&_nc_cat=109&ccb=7-5&_nc_sid=f7ccc5&efg=eyJ2ZW5jb2RlX3RhZyI6InByb2ZpbGVfcGljLnd3dy4xMDgwLkMzIn0%3D&_nc_ohc=nhL7xhh8UCgQ7kNvwG8TpwS&_nc_oc=AdqxpEn8PTqkD5n_8X4kB3sL7YNmcDE6k8Vrmq-rHH2RP12WZWgCSkREQ99PC0Ip_rA&_nc_zt=24&_nc_ht=scontent-cdg4-2.cdninstagram.com&_nc_ss=7b6a8&oh=00_Af6oBcJuf6zjQRnQU1EnwVvyM2O2H-w8IbHo_QWYeKHukw&oe=69FE7EA0,silvia.fato,https://www.instagram.com/silvia.fato,Confettura albicocche,0,0,2026-04-29T19:48:25.000Z,18073968503268872,10440949596,2026-05-04T16:10:35.839Z,https://www.instagram.com/p/DXotHFAjcSM
https://scontent-cdg6-1.cdninstagram.com/v/t51.82787-19/658915966_18392675095154696_5346444761508831273_n.jpg?stp=dst-jpg_s150x150_tt6&_nc_cat=105&ccb=7-5&_nc_sid=f7ccc5&efg=eyJ2ZW5jb2RlX3RhZyI6InByb2ZpbGVfcGljLnd3dy4xMDgwLkMzIn0%3D&_nc_ohc=9z_SITo_BqoQ7kNvwFln7gi&_nc_oc=Adq17aSCmxRJhR9PAXTr4RVz4MO8geQLbE93zMG2ww36_t_251Jzn_-V1F0AqTVBE7I&_nc_zt=24&_nc_ht=scontent-cdg6-1.cdninstagram.com&_nc_gid=PGhk1OQECtYEFAkoDYCNYg&_nc_ss=7b6a8&oh=00_Af57V06VR35-6jqvh0cH8r9IgxxWiD61HhZailmIcCJASQ&oe=69FE8D64,_________anna__80_______,https://www.instagram.com/_________anna__80_______,Marmellata all'arancia,0,0,2026-04-30T17:35:00.000Z,17908408032400302,4593666695,2026-05-04T16:10:39.355Z,https://www.instagram.com/p/DXotHFAjcSM
https://scontent-cdg4-1.cdninstagram.com/v/t51.2885-19/75328501_3016493231711583_4790667570623545344_n.jpg?stp=dst-jpg_s150x150_tt6&_nc_cat=102&ccb=7-5&_nc_sid=f7ccc5&efg=eyJ2ZW5jb2RlX3RhZyI6InByb2ZpbGVfcGljLnd3dy41NDAuQzMifQ%3D%3D&_nc_ohc=fHagkKZ2r9oQ7kNvwGKL3Y3&_nc_oc=AdrCGFtUC-Io1lveXl_XI63iakCViVjB_ZpFxcTOe5Eo3xH1GuijqEDuV8QG4KfHTcw&_nc_zt=24&_nc_ht=scontent-cdg4-1.cdninstagram.com&_nc_ss=7b6a8&oh=00_Af7M6xD8caPAeipE2Z56UJi2NioK3_t-wZpbinYGnOrXJA&oe=69FE7EFB,luludapos,https://www.instagram.com/luludapos,Confettura di albicocche #PRODOTTOMISTERIOSOPENNY#ACCETTOREGOLAMENTO#HOLETTOPRIVACYPOLICY,0,0,2026-04-28T13:05:58.000Z,18140617942513682,25786644210,2026-05-04T16:10:39.355Z,https://www.instagram.com/p/DXotHFAjcSM
https://scontent-cdg6-1.cdninstagram.com/v/t51.89012-19/573323465_1219825463302212_7278921664109726296_n.jpg?stp=dst-jpg_s150x150_tt6&_nc_cat=1&ccb=7-5&_nc_sid=f7ccc5&efg=eyJ2ZW5jb2RlX3RhZyI6InByb2ZpbGVfcGljLnd3dy5DMyJ9&_nc_ohc=Pf4Jx7fI-JMQ7kNvwEdnA1r&_nc_oc=AdrM5ak9ThOqfmCIPi6cg4Jm_5TeInAUOEZd_c63seXXEeGj0StKGP4VtTRRkluVdEU&_nc_zt=24&_nc_ht=scontent-cdg6-1.cdninstagram.com&_nc_gid=PGhk1OQECtYEFAkoDYCNYg&_nc_ss=7b6a8&oh=00_Af4JVF3x9PMdJtWwVRg7EEb_Q8f1EuTiwLeQRSYsMT4YQg&oe=69FE87E2,fra.4005,https://www.instagram.com/fra.4005,Marmellata,0,0,2026-04-28T09:45:30.000Z,18101174863803867,27208255593,2026-05-04T16:10:39.355Z,https://www.instagram.com/p/DXotHFAjcSM
https://scontent-cdg4-3.cdninstagram.com/v/t51.2885-19/436367309_462583006343135_1731900758376672638_n.jpg?stp=dst-jpg_s150x150_tt6&_nc_cat=111&ccb=7-5&_nc_sid=f7ccc5&efg=eyJ2ZW5jb2RlX3RhZyI6InByb2ZpbGVfcGljLnd3dy40MTMuQzMifQ%3D%3D&_nc_ohc=jOAdxveY9KkQ7kNvwEXOJde&_nc_oc=AdrEePDZ7gxRgn6apBm01VGddPnFti9sDS0NCmz-3AqikbK4fRHHSg8hbl4qVhoyjZ4&_nc_zt=24&_nc_ht=scontent-cdg4-3.cdninstagram.com&_nc_ss=7b6a8&oh=00_Af7RFdfqbM7WWiYOmLfXxkXENh0BPxvn5iD_1i6HPGu2Zw&oe=69FEA8F9,antonellalobue,https://www.instagram.com/antonellalobue,Confettura di marmellata senza zuccheri aggiunti #PRODOTTOMISTERIOSOPENNY #ACCETTOREGOLAMENTO  #HOLETTOPRIVACYPOLICY,0,0,2026-04-29T15:57:59.000Z,18324838207250870,66516139612,2026-05-04T16:10:39.355Z,https://www.instagram.com/p/DXotHFAjcSM
https://scontent-cdg4-2.cdninstagram.com/v/t51.2885-19/472006763_1773828640083712_1227462618863869413_n.jpg?stp=dst-jpg_s150x150_tt6&_nc_cat=101&ccb=7-5&_nc_sid=f7ccc5&efg=eyJ2ZW5jb2RlX3RhZyI6InByb2ZpbGVfcGljLnd3dy4xMDgwLkMzIn0%3D&_nc_ohc=c2i9X-OhQpIQ7kNvwHzsMJ0&_nc_oc=Adp_1XNeIeoL6ablxksrq1WELB2MeMrZAaeCR6KDc3HJfQj_WaS2aNg82DlGJG8UJeY&_nc_zt=24&_nc_ht=scontent-cdg4-2.cdninstagram.com&_nc_ss=7b6a8&oh=00_Af6NpKQ_gah1jd7myKYkDx4v4EZysdmS0eairndyD24s1A&oe=69FEA912,jessi.longhi,https://www.instagram.com/jessi.longhi,Confettura di albicocche,0,0,2026-04-30T17:02:14.000Z,18117656680677385,36644109243,2026-05-04T16:10:39.356Z,https://www.instagram.com/p/DXotHFAjcSM
https://scontent-cdg6-1.cdninstagram.com/v/t51.89012-19/573323465_1219825463302212_7278921664109726296_n.jpg?stp=dst-jpg_s150x150_tt6&_nc_cat=1&ccb=7-5&_nc_sid=f7ccc5&efg=eyJ2ZW5jb2RlX3RhZyI6InByb2ZpbGVfcGljLnd3dy5DMyJ9&_nc_ohc=Pf4Jx7fI-JMQ7kNvwEdnA1r&_nc_oc=AdrM5ak9ThOqfmCIPi6cg4Jm_5TeInAUOEZd_c63seXXEeGj0StKGP4VtTRRkluVdEU&_nc_zt=24&_nc_ht=scontent-cdg6-1.cdninstagram.com&_nc_gid=PGhk1OQECtYEFAkoDYCNYg&_nc_ss=7b6a8&oh=00_Af4JVF3x9PMdJtWwVRg7EEb_Q8f1EuTiwLeQRSYsMT4YQg&oe=69FE87E2,terryterryez,https://www.instagram.com/terryterryez,Confettura di albicocche,0,0,2026-04-30T11:30:13.000Z,17959128369109479,5510243976,2026-05-04T16:10:39.356Z,https://www.instagram.com/p/DXotHFAjcSM
https://scontent-cdg4-2.cdninstagram.com/v/t51.2885-19/46966113_287554252110662_826165787206090752_n.jpg?stp=dst-jpg_s150x150_tt6&_nc_cat=109&ccb=7-5&_nc_sid=f7ccc5&efg=eyJ2ZW5jb2RlX3RhZyI6InByb2ZpbGVfcGljLnd3dy45NjAuQzMifQ%3D%3D&_nc_ohc=W2cn0aBIVeQQ7kNvwHGq6zS&_nc_oc=Adred79pgSotUR0dUts1PXV9SSUtfObCZd1ycQbsadRg_eDxf7qOXGCyLn4jsRljw-I&_nc_zt=24&_nc_ht=scontent-cdg4-2.cdninstagram.com&_nc_ss=7b6a8&oh=00_Af6BzY7esGWQJUhkW721mxRRI29On3OVMWfBVYB9Nr-BFA&oe=69FE7E97,missantropa86,https://www.instagram.com/missantropa86,Confettura di albicocche,0,0,2026-04-30T07:22:50.000Z,18120091495636090,6788505561,2026-05-04T16:10:39.356Z,https://www.instagram.com/p/DXotHFAjcSM
https://scontent-cdg4-1.cdninstagram.com/v/t51.2885-19/464926212_8580671088712617_177286586940666688_n.jpg?stp=dst-jpg_s150x150_tt6&_nc_cat=102&ccb=7-5&_nc_sid=f7ccc5&efg=eyJ2ZW5jb2RlX3RhZyI6InByb2ZpbGVfcGljLnd3dy4xMDgwLkMzIn0%3D&_nc_ohc=3hZstcrJleIQ7kNvwHmIIcr&_nc_oc=AdpyaVapH1YYZCQrAcrz49-gweEGX5zoaETngkEiHCWi0JaALsgSrueUkm9meiPzoqk&_nc_zt=24&_nc_ht=scontent-cdg4-1.cdninstagram.com&_nc_ss=7b6a8&oh=00_Af6stjL9HnRfijS5vs5vMe2FvQvjKZ9__gjg2cK6l7__kA&oe=69FE918E,antocardinale_1959,https://www.instagram.com/antocardinale_1959,Confettura di albicocche,0,0,2026-04-30T04:38:28.000Z,18065415011679089,8133839677,2026-05-04T16:10:39.356Z,https://www.instagram.com/p/DXotHFAjcSM
https://scontent-cdg4-2.cdninstagram.com/v/t51.2885-19/362976182_1332611970970243_3271578892047448403_n.jpg?stp=dst-jpg_s150x150_tt6&_nc_cat=107&ccb=7-5&_nc_sid=f7ccc5&efg=eyJ2ZW5jb2RlX3RhZyI6InByb2ZpbGVfcGljLnd3dy4xMDgwLkMzIn0%3D&_nc_ohc=tkO8IwJvi6cQ7kNvwGLWN34&_nc_oc=Adq5_ek5bSCOOB2KrvY_MEnmW-hzSD_3H6GST5ArZwgb9bjwS98l1T0BTA6rqVLKo-U&_nc_zt=24&_nc_ht=scontent-cdg4-2.cdninstagram.com&_nc_ss=7b6a8&oh=00_Af4fFkdFFSEMnKGs2viLtkzi9TJhz8JBppXT95GjTRlrKA&oe=69FEB180,annalisabianchi56,https://www.instagram.com/annalisabianchi56,Confettura di albicocche,0,0,2026-04-29T18:44:49.000Z,17866780677615628,7877997575,2026-05-04T16:10:39.356Z,https://www.instagram.com/p/DXotHFAjcSM
https://scontent-cdg4-2.cdninstagram.com/v/t51.2885-19/29088281_572132576475118_363521243044904960_n.jpg?stp=dst-jpg_s150x150_tt6&_nc_cat=100&ccb=7-5&_nc_sid=f7ccc5&efg=eyJ2ZW5jb2RlX3RhZyI6InByb2ZpbGVfcGljLnd3dy4xMDgwLkMzIn0%3D&_nc_ohc=d0leycctvnYQ7kNvwGrbDw2&_nc_oc=AdqgE5I0QieL8kRIdiJVywdjz6HxLa-EELLS-PENWq7OviM6uoocRgE2eSB8T53tLpI&_nc_zt=24&_nc_ht=scontent-cdg4-2.cdninstagram.com&_nc_ss=7b6a8&oh=00_Af7W4istWe2CJjhoJCbqbfIHePBlmWyJRdFnkAPZOYMzIw&oe=69FEA564,minu.87,https://www.instagram.com/minu.87,Confettura di albicocche,0,0,2026-04-29T18:38:03.000Z,18086372444611040,3203979460,2026-05-04T16:10:39.356Z,https://www.instagram.com/p/DXotHFAjcSM
https://scontent-cdg4-2.cdninstagram.com/v/t51.2885-19/173060140_2897104447212703_7754712200642182936_n.jpg?stp=dst-jpg_s150x150_tt6&_nc_cat=107&ccb=7-5&_nc_sid=f7ccc5&efg=eyJ2ZW5jb2RlX3RhZyI6InByb2ZpbGVfcGljLnd3dy43MjAuQzMifQ%3D%3D&_nc_ohc=VkRD_rp12fQQ7kNvwGPvqqM&_nc_oc=AdqsYtthwqgi_t0sFjlfoxbYJe25cZBxWMbPcsDmdjP5J3QSlDjK4LV4VKik6xLzdb8&_nc_zt=24&_nc_ht=scontent-cdg4-2.cdninstagram.com&_nc_ss=7b6a8&oh=00_Af5KF4CEEd-fSEb6ytRgVuCuj2JnkMIw9B-Y8yTwTXJb-A&oe=69FEA453,bottolifloriana,https://www.instagram.com/bottolifloriana,Confettura di albicocche,0,0,2026-04-29T18:15:19.000Z,18038369369592989,44972063925,2026-05-04T16:10:39.356Z,https://www.instagram.com/p/DXotHFAjcSM
https://scontent-cdg6-1.cdninstagram.com/v/t51.82787-19/584400179_17887481901389596_5591964182304850598_n.jpg?stp=dst-jpg_s150x150_tt6&_nc_cat=103&ccb=7-5&_nc_sid=f7ccc5&efg=eyJ2ZW5jb2RlX3RhZyI6InByb2ZpbGVfcGljLnd3dy4xMDgwLkMzIn0%3D&_nc_ohc=IOGz0RW0vO4Q7kNvwF04XB3&_nc_oc=AdruOb-gaiPDhPdofEE7HU5dqcKW8_s0-T99Raf7PywMQU7PwaM2VRqt1JadTnV_IfE&_nc_zt=24&_nc_ht=scontent-cdg6-1.cdninstagram.com&_nc_gid=PGhk1OQECtYEFAkoDYCNYg&_nc_ss=7b6a8&oh=00_Af5O2yMD3qHZ0o66Tn3CstXXBhNjqlwdbr4WJxsrrdQa7w&oe=69FEAE07,ale_45087commi,https://www.instagram.com/ale_45087commi,Confettura di albicocche,0,0,2026-04-29T12:41:45.000Z,17967945794898434,71667725595,2026-05-04T16:10:39.356Z,https://www.instagram.com/p/DXotHFAjcSM
https://scontent-cdg4-1.cdninstagram.com/v/t51.2885-19/14156182_714741488678808_1420370791_a.jpg?stp=dst-jpg_s150x150_tt6&_nc_cat=108&ccb=7-5&_nc_sid=f7ccc5&efg=eyJ2ZW5jb2RlX3RhZyI6InByb2ZpbGVfcGljLnd3dy43NjguQzMifQ%3D%3D&_nc_ohc=E3XxQsDf4FsQ7kNvwEcLMyz&_nc_oc=AdoaRwwjNeUElA6zdDg-ADvxo4P-vNRsAh95wTv9qLQN-SYva-F67OxqeV5iTIZ09oA&_nc_zt=24&_nc_ht=scontent-cdg4-1.cdninstagram.com&_nc_ss=7b6a8&oh=00_Af6oth3omyO0ZRisS8myZ9W7aIPrxCW70BVFJCtGX3Jx4w&oe=69FE9EA7,crepaldilaura,https://www.instagram.com/crepaldilaura,#PRODOTTOMISTERIOSOPENNY #ACCETTO REGOLAMENTO #HOLETTOPRIVACYPOLICY confettura di albicocche senza zuccheri aggiunti,0,0,2026-04-28T12:43:39.000Z,17988846848965292,3299784973,2026-05-04T16:10:39.356Z,https://www.instagram.com/p/DXotHFAjcSM
https://scontent-cdg6-1.cdninstagram.com/v/t51.75761-19/499630643_18279130537253999_6592640577035921209_n.jpg?stp=dst-jpg_s150x150_tt6&_nc_cat=105&ccb=7-5&_nc_sid=f7ccc5&efg=eyJ2ZW5jb2RlX3RhZyI6InByb2ZpbGVfcGljLnd3dy4xMDgwLkMzIn0%3D&_nc_ohc=P48DbjF81A8Q7kNvwGa7I1X&_nc_oc=Adqf_wKWvDrcM7nBC_yvACGz8xBrdGcLLjCWtVqLhOPoj2meH0_TfBAkeQoYkb8V_ts&_nc_zt=24&_nc_ht=scontent-cdg6-1.cdninstagram.com&_nc_gid=PGhk1OQECtYEFAkoDYCNYg&_nc_ss=7b6a8&oh=00_Af79JJzaYmfW4km9lOPqTI5phGrYjxqwgj_wYZE2I8zTGQ&oe=69FE84FF,montrone.marianna,https://www.instagram.com/montrone.marianna,"Hummus di carote,o chedar",0,0,2026-04-30T08:08:09.000Z,17959617408092119,7529917998,2026-05-04T16:10:39.356Z,https://www.instagram.com/p/DXotHFAjcSM
https://scontent-cdg4-2.cdninstagram.com/v/t51.82787-19/650503587_17859854475615060_8134742243397820311_n.jpg?stp=dst-jpg_s150x150_tt6&_nc_cat=109&ccb=7-5&_nc_sid=f7ccc5&efg=eyJ2ZW5jb2RlX3RhZyI6InByb2ZpbGVfcGljLnd3dy4xMDgwLkMzIn0%3D&_nc_ohc=iKC7F4YixRIQ7kNvwFdmpDI&_nc_oc=AdokPeZbI0nkyaL-F0e1M6C7feJh_sAMTJ2u7hvdgESbGRU8N0kfAp9DyrmfS-45V6U&_nc_zt=24&_nc_ht=scontent-cdg4-2.cdninstagram.com&_nc_gid=PGhk1OQECtYEFAkoDYCNYg&_nc_ss=7b6a8&oh=00_Af4DNBDP4X8L2_2ZDYJKPXKewplf0sCUgrmbLHF8lzjxew&oe=69FEAAC3,gabriellacatarinelli,https://www.instagram.com/gabriellacatarinelli,Confettura di albicocca,0,0,2026-04-30T15:25:12.000Z,18233641849308318,78443855059,2026-05-04T16:10:39.356Z,https://www.instagram.com/p/DXotHFAjcSM
https://scontent-cdg6-1.cdninstagram.com/v/t51.2885-19/447888800_755536086654435_7658566322402879405_n.jpg?stp=dst-jpg_s150x150_tt6&_nc_cat=106&ccb=7-5&_nc_sid=f7ccc5&efg=eyJ2ZW5jb2RlX3RhZyI6InByb2ZpbGVfcGljLnd3dy4xMDgwLkMzIn0%3D&_nc_ohc=NgVCWaKp9tsQ7kNvwGWjW-o&_nc_oc=AdoCbUr_Q-_sJOMYzCa5EN1QBdbGO2WJEPVAlmW1PgsTVMU5Pr-_wkHL8ELWE8f9dLs&_nc_zt=24&_nc_ht=scontent-cdg6-1.cdninstagram.com&_nc_ss=7b6a8&oh=00_Af4Sr5HfUiBjxjeutYhOCmoo-pNGG0S0DpOWEsAOb6Bw6w&oe=69FEA5EB,gabriellamarcheluzzo,https://www.instagram.com/gabriellamarcheluzzo,Marmellata di pesca,0,0,2026-04-28T18:58:18.000Z,17885599560521338,4002207884,2026-05-04T16:10:43.891Z,https://www.instagram.com/p/DXotHFAjcSM
https://scontent-cdg4-2.cdninstagram.com/v/t51.2885-19/124115319_366677067941714_8367134294561348654_n.jpg?stp=dst-jpg_s150x150_tt6&_nc_cat=101&ccb=7-5&_nc_sid=f7ccc5&efg=eyJ2ZW5jb2RlX3RhZyI6InByb2ZpbGVfcGljLnd3dy4xMDgwLkMzIn0%3D&_nc_ohc=sUsFTC8b0OoQ7kNvwG4rWxx&_nc_oc=AdqBzvRYPjoFTX3k9ISVEZ-6DyT2esAKt-aU23gUtCnBHCksmyVGLWUpvM1o4B26xMA&_nc_zt=24&_nc_ht=scontent-cdg4-2.cdninstagram.com&_nc_ss=7b6a8&oh=00_Af4CN_anoSgDvcXFRoF8q7DAmBdDJ9R3oajcDRBYbk12Rg&oe=69FEA268,laura87_f,https://www.instagram.com/laura87_f,Confettura di pesche senza zuccheri aggiunti #PRODOTTOMISTERIOSOPENNY #ACCETTOREGOLAMENTO #HOLETTOPRIVACYPOLICY,0,0,2026-04-30T08:08:38.000Z,18070792676670344,1459581125,2026-05-04T16:10:43.891Z,https://www.instagram.com/p/DXotHFAjcSM
https://scontent-cdg4-2.cdninstagram.com/v/t51.82787-19/587716273_18417026377191445_3401245392693125916_n.jpg?stp=dst-jpg_s150x150_tt6&_nc_cat=109&ccb=7-5&_nc_sid=f7ccc5&efg=eyJ2ZW5jb2RlX3RhZyI6InByb2ZpbGVfcGljLnd3dy43MjAuQzMifQ%3D%3D&_nc_ohc=afH3I5TULMsQ7kNvwGt40ZU&_nc_oc=AdqASEg3PP0NDu0VWe_VmIqLl9Fi8kWJoMIfNBQRwOiEkWNg_tApzBN1W9LWfoIA5XY&_nc_zt=24&_nc_ht=scontent-cdg4-2.cdninstagram.com&_nc_gid=zC8npG2wEl5-JLEEpGoiBQ&_nc_ss=7b6a8&oh=00_Af7fj8y3dVZXAg-06wRbO1QR_pnVsMmz1y2FRp4aIeQOvA&oe=69FE9AD1,linarusso64,https://www.instagram.com/linarusso64,Confettura di marmellata,0,0,2026-04-30T18:13:30.000Z,17912828898380849,5599919444,2026-05-04T16:10:43.891Z,https://www.instagram.com/p/DXotHFAjcSM
https://scontent-cdg4-1.cdninstagram.com/v/t51.82787-19/582774569_18097020838839350_74982978724104358_n.jpg?stp=dst-jpg_s150x150_tt6&_nc_cat=110&ccb=7-5&_nc_sid=f7ccc5&efg=eyJ2ZW5jb2RlX3RhZyI6InByb2ZpbGVfcGljLnd3dy4xMDgwLkMzIn0%3D&_nc_ohc=s0taYCSvFDIQ7kNvwHRGWIl&_nc_oc=Adq2d_paA7hjH5wsv2TTSm_E8Sl_Ae8yeMQRQghXgteG5FHebpTvTQS23C4u7zbWVuU&_nc_zt=24&_nc_ht=scontent-cdg4-1.cdninstagram.com&_nc_gid=zC8npG2wEl5-JLEEpGoiBQ&_nc_ss=7b6a8&oh=00_Af5ip_E-RSNyVj2MFa61uxO8Zds2EyuUYEJop3vu7K-uhw&oe=69FEB26C,w4nnabeinfluencer,https://www.instagram.com/w4nnabeinfluencer,Confettura di albicocche senza zuccheri aggiunti #PRODOTTOMISTERIOSOPENNY #ACCETTOREGOLAMENTO #HOLETTOPRIVACYPOLICY,0,0,2026-04-29T08:51:48.000Z,18089917022212370,25019519349,2026-05-04T16:10:43.891Z,https://www.instagram.com/p/DXotHFAjcSM
https://scontent-cdg4-1.cdninstagram.com/v/t51.2885-19/422009748_1128814614906416_5076626148781036829_n.jpg?stp=dst-jpg_s150x150_tt6&_nc_cat=110&ccb=7-5&_nc_sid=f7ccc5&efg=eyJ2ZW5jb2RlX3RhZyI6InByb2ZpbGVfcGljLnd3dy45MjUuQzMifQ%3D%3D&_nc_ohc=MvqC4ooPgwgQ7kNvwFu_pgk&_nc_oc=Adonvfap3ZnvRUGRL24Wjj5DH8jW3igUMrfgTO5ulScWS1zXBkkd_QodmO9DLV-xdl8&_nc_zt=24&_nc_ht=scontent-cdg4-1.cdninstagram.com&_nc_ss=7b6a8&oh=00_Af4FqSv1Tn7VtjFg35h-20LskNRC8oTZUFi-p1jktV5s6w&oe=69FE9751,maria_dm86,https://www.instagram.com/maria_dm86,#prodottomisteriosopenny #accettoilregolamento #holettoprivicy Marmellata di albicocche,0,0,2026-04-28T12:55:34.000Z,18103229524758193,7287072724,2026-05-04T16:10:43.891Z,https://www.instagram.com/p/DXotHFAjcSM
https://scontent-cdg6-1.cdninstagram.com/v/t51.2885-19/90050834_3089857144381374_7617895892762230784_n.jpg?stp=dst-jpg_s150x150_tt6&_nc_cat=103&ccb=7-5&_nc_sid=f7ccc5&efg=eyJ2ZW5jb2RlX3RhZyI6InByb2ZpbGVfcGljLnd3dy40NjMuQzMifQ%3D%3D&_nc_ohc=Ou6YBwdeXSgQ7kNvwGnjaxv&_nc_oc=AdqQKOGFVYdeAdsFUjrWRo65ynXMxrYWB7wGi9fW0Heu9gZRXRuIAxdmmJFysMRIUTo&_nc_zt=24&_nc_ht=scontent-cdg6-1.cdninstagram.com&_nc_ss=7b6a8&oh=00_Af6Vcd4Q059Kttxwpe0IEJnoS4_q7QcemO73uRoU9MLqQw&oe=69FE934E,fiorefioreblu,https://www.instagram.com/fiorefioreblu,"#PRODOTTOMISTERIOSOPENNY
#ACCETTOREGOLAMENTO
#HOLETTOPRIVACYPOLICY patè di carote",0,0,2026-04-28T13:10:56.000Z,18079907678423286,31956752814,2026-05-04T16:10:43.891Z,https://www.instagram.com/p/DXotHFAjcSM
https://scontent-cdg4-1.cdninstagram.com/v/t51.2885-19/79261006_450108675892847_5031687236760895488_n.jpg?stp=dst-jpg_s150x150_tt6&_nc_cat=108&ccb=7-5&_nc_sid=f7ccc5&efg=eyJ2ZW5jb2RlX3RhZyI6InByb2ZpbGVfcGljLnd3dy4xMDgwLkMzIn0%3D&_nc_ohc=lmiLxUVxUE8Q7kNvwGzH18z&_nc_oc=Ado1QgaCxc79pDJonwzM3J_gqQck9F3hu6aX4LKZXH2b6Tgo5jfCDyfPXhhkQmc8his&_nc_zt=24&_nc_ht=scontent-cdg4-1.cdninstagram.com&_nc_ss=7b6a8&oh=00_Af7Hhp-HoMGv3WFQVRHEB5nRNTEdxkYBJu_b7wQTUJxZsw&oe=69FE9084,meri4866,https://www.instagram.com/meri4866,Zafferano,0,0,2026-04-30T19:35:03.000Z,18094855190145883,3939822909,2026-05-04T16:10:43.891Z,https://www.instagram.com/p/DXotHFAjcSM
https://scontent-cdg4-1.cdninstagram.com/v/t51.2885-19/448052474_1938080086635704_1740123503102110309_n.jpg?stp=dst-jpg_s150x150_tt6&_nc_cat=102&ccb=7-5&_nc_sid=f7ccc5&efg=eyJ2ZW5jb2RlX3RhZyI6InByb2ZpbGVfcGljLnd3dy4xMDc1LkMzIn0%3D&_nc_ohc=M-CV_hNI5cAQ7kNvwHiiVrA&_nc_oc=AdoPK5gyDRWJDheIN9oSZGDkyEnyJuLO2KghqdxPQNfYSAs11qQjbwliMEAemS4Ccz8&_nc_zt=24&_nc_ht=scontent-cdg4-1.cdninstagram.com&_nc_ss=7b6a8&oh=00_Af4N3unCp6pDmLNGKZpGYBy7bSzS42vZK0JcbuMI1v_RDg&oe=69FEA141,francy13580,https://www.instagram.com/francy13580,marmellata di albicocche senza zuccheri aggiunti  #PRODOTTOMISTERIOSOPENNY #ACCETTOREGOLAMENTO #HOLETTOPRIVACYPOLICY,0,0,2026-04-28T17:28:23.000Z,18090027257211758,687823027,2026-05-04T16:10:43.891Z,https://www.instagram.com/p/DXotHFAjcSM
https://scontent-cdg4-1.cdninstagram.com/v/t51.82787-19/612984311_18117925873602491_5404603142672740106_n.jpg?stp=dst-jpg_s150x150_tt6&_nc_cat=110&ccb=7-5&_nc_sid=f7ccc5&efg=eyJ2ZW5jb2RlX3RhZyI6InByb2ZpbGVfcGljLnd3dy4xMDgwLkMzIn0%3D&_nc_ohc=-iNZ9ruYpiIQ7kNvwHbTNB4&_nc_oc=Ador8dOBzZJBXqQFrEOrr7Ed8JMka2I7mJhpNK8wgklTfwyb5hLgLEU9VAA7pdldYVw&_nc_zt=24&_nc_ht=scontent-cdg4-1.cdninstagram.com&_nc_gid=zC8npG2wEl5-JLEEpGoiBQ&_nc_ss=7b6a8&oh=00_Af7wd5sISuJ42T-Rk9_Jj9z8dyoJs4eG2U-MdcEXFiSXGA&oe=69FE7C2F,mala.mara.357,https://www.instagram.com/mala.mara.357,Hummus ceci e carote Welless #PRODOTTOMISTERIOSOPENNY #ACCETTOREGOLAMENTO #HOLETTOPRIVACYPOLICY,0,0,2026-04-29T11:33:04.000Z,18116706865676480,18009386490,2026-05-04T16:10:43.891Z,https://www.instagram.com/p/DXotHFAjcSM
https://scontent-cdg6-1.cdninstagram.com/v/t51.82787-19/681292731_18578070976047654_4753525812359850535_n.jpg?stp=dst-jpg_s150x150_tt6&_nc_cat=105&ccb=7-5&_nc_sid=f7ccc5&efg=eyJ2ZW5jb2RlX3RhZyI6InByb2ZpbGVfcGljLnd3dy4xMDgwLkMzIn0%3D&_nc_ohc=WFQ12eEJYoMQ7kNvwE5bJEx&_nc_oc=AdoVk-mUIVYTb9kyGfWn-k_Fd_VzOIcCM41azMif8LWFWmFBoXlF2HXW11htXHH7oew&_nc_zt=24&_nc_ht=scontent-cdg6-1.cdninstagram.com&_nc_gid=zC8npG2wEl5-JLEEpGoiBQ&_nc_ss=7b6a8&oh=00_Af5Xb74H1r6TwWrrig4qDs9zJKuJbNF_6tqGkaOdjyZk5g&oe=69FE8613,jleniacaldaruloreal_,https://www.instagram.com/jleniacaldaruloreal_,Confettura di pesca 🍑 #PRODOTTOMISTERIOSOPENNY #ACCETTOREGOLAMENTO #HOLETTOPRIVACYPOLICY,0,0,2026-04-30T10:24:52.000Z,18100361540089987,567023653,2026-05-04T16:10:43.891Z,https://www.instagram.com/p/DXotHFAjcSM
https://scontent-cdg4-1.cdninstagram.com/v/t51.2885-19/20582800_121451268490073_2829970770426331136_a.jpg?stp=dst-jpg_s150x150_tt6&_nc_cat=104&ccb=7-5&_nc_sid=f7ccc5&efg=eyJ2ZW5jb2RlX3RhZyI6InByb2ZpbGVfcGljLnd3dy4xMDgwLkMzIn0%3D&_nc_ohc=qLY8RgtwmvwQ7kNvwG-EDoA&_nc_oc=AdpoafNNBWGsTuqfGs-kq9YD6RtoIEnwkG98mKF4gFMXJJY7sXObx_giXQUal3lEPvU&_nc_zt=24&_nc_ht=scontent-cdg4-1.cdninstagram.com&_nc_ss=7b6a8&oh=00_Af5yyrwFS7EAHwDiQI3xZd3cP9bnGyArHCKgFgad1gG9NQ&oe=69FE8F38,danielaserati,https://www.instagram.com/danielaserati,Confettura di albicocche senza zuccheri aggiunti ❤️ #ilprodottomisteriosoPENNY #accettoregolamento #holettoprivacypolicy,0,0,2026-04-27T16:57:31.000Z,17901288804261807,1245228249,2026-05-04T16:10:43.891Z,https://www.instagram.com/p/DXotHFAjcSM
https://scontent-cdg4-3.cdninstagram.com/v/t51.2885-19/438674423_1135542434136823_7222624673745551159_n.jpg?stp=dst-jpg_s150x150_tt6&_nc_cat=111&ccb=7-5&_nc_sid=f7ccc5&efg=eyJ2ZW5jb2RlX3RhZyI6InByb2ZpbGVfcGljLnd3dy45NTguQzMifQ%3D%3D&_nc_ohc=mSrTtpr4VD8Q7kNvwFOG-_z&_nc_oc=AdoE4UgL3qIUk7rUfGiLNrIkwZGTtHnGgsvUrHFdykCvPvMaxTdwTGIPFo_09cPZma8&_nc_zt=24&_nc_ht=scontent-cdg4-3.cdninstagram.com&_nc_ss=7b6a8&oh=00_Af7xkpmMw0ckeX1IiUvPm1c_ii8144IunZPlbO783voN3Q&oe=69FE7DE4,fefemammotta55,https://www.instagram.com/fefemammotta55,Confettura di albicocche senza zuccheri aggiunti welless,0,0,2026-04-27T17:21:48.000Z,18022593422651787,5546035178,2026-05-04T16:10:43.891Z,https://www.instagram.com/p/DXotHFAjcSM
https://scontent-cdg4-1.cdninstagram.com/v/t51.2885-19/252011998_837889943515727_4136666900322064497_n.jpg?stp=dst-jpg_s150x150_tt6&_nc_cat=108&ccb=7-5&_nc_sid=f7ccc5&efg=eyJ2ZW5jb2RlX3RhZyI6InByb2ZpbGVfcGljLnd3dy4xMDgwLkMzIn0%3D&_nc_ohc=Ozk41tpmv1EQ7kNvwEXMdZm&_nc_oc=Adq5cfjo8dmxMbgQfLHWpxEjos3uboHO4yt1swapTrZ13A7owO4pjGU9tWHHwCTf1aA&_nc_zt=24&_nc_ht=scontent-cdg4-1.cdninstagram.com&_nc_ss=7b6a8&oh=00_Af4_FuhqeK0J8GHZzT5aqcHbRPPcwHhmz4bg0b5nRShtEw&oe=69FE8058,yuliyagermanovych,https://www.instagram.com/yuliyagermanovych,marmellata di albicocca senza zuccheri aggiunti  #PRODOTTOMISTERIOSOPENNY  #ACCETTOREGOLAMENTO  #HOLETTOPRIVACYPOLICY,0,0,2026-04-28T03:31:45.000Z,18417314536131186,50080714449,2026-05-04T16:10:43.891Z,https://www.instagram.com/p/DXotHFAjcSM
https://scontent-cdg4-1.cdninstagram.com/v/t51.2885-19/318683970_1539069516520675_8268273226905152655_n.jpg?stp=dst-jpg_s150x150_tt6&_nc_cat=102&ccb=7-5&_nc_sid=f7ccc5&efg=eyJ2ZW5jb2RlX3RhZyI6InByb2ZpbGVfcGljLnd3dy44NjQuQzMifQ%3D%3D&_nc_ohc=dPqpd3fctwQQ7kNvwHvHk4o&_nc_oc=AdpQCSC0rz1Rwo_mbNcSxPafgoOOG_Jcet_AMwt79btYl4bkyu2M-vOLjxLzzEJLhKw&_nc_zt=24&_nc_ht=scontent-cdg4-1.cdninstagram.com&_nc_ss=7b6a8&oh=00_Af4M_A5EbNcvKW6HWEHnmEk9Mr7sj8teOhujbrtHZfm4FA&oe=69FE9297,mokybuz.75,https://www.instagram.com/mokybuz.75,Confettura albicocca #PRODOTTOMISTERIOSOPENNY #ACCETTOTEGOLAMENTO #HOLETTOPRIVACYPOLICY,0,0,2026-04-30T14:11:24.000Z,18358917520238129,56661728891,2026-05-04T16:10:43.891Z,https://www.instagram.com/p/DXotHFAjcSM
https://scontent-cdg4-2.cdninstagram.com/v/t51.2885-19/479512296_653372097132875_5987179097002455384_n.jpg?stp=dst-jpg_s150x150_tt6&_nc_cat=100&ccb=7-5&_nc_sid=f7ccc5&efg=eyJ2ZW5jb2RlX3RhZyI6InByb2ZpbGVfcGljLnd3dy4zMjAuQzMifQ%3D%3D&_nc_ohc=P--O6MDteWMQ7kNvwEXN1_P&_nc_oc=AdqbEWZM4ggZkMzBSRFQlEUjYgINYLKnnk3n4bpIAbDpyo9q_dZwXoMGUaQ6JgKn4Rg&_nc_zt=24&_nc_ht=scontent-cdg4-2.cdninstagram.com&_nc_ss=7b6a8&oh=00_Af7A-Hv_gGp2okAAQsNoHHq3fRUEFg7rIcYNgWU1JW3o0g&oe=69FE999B,annamariabossetti,https://www.instagram.com/annamariabossetti,Marmellata di albicocche.,0,0,2026-04-30T18:00:40.000Z,18322294345255069,72547759772,2026-05-04T16:10:43.891Z,https://www.instagram.com/p/DXotHFAjcSM
https://scontent-cdg4-2.cdninstagram.com/v/t51.2885-19/429311915_7428230513911535_7449422275046470909_n.jpg?stp=dst-jpg_s150x150_tt6&_nc_cat=100&ccb=7-5&_nc_sid=f7ccc5&efg=eyJ2ZW5jb2RlX3RhZyI6InByb2ZpbGVfcGljLnd3dy4xMDgwLkMzIn0%3D&_nc_ohc=y9GZWnqw3TgQ7kNvwE4dvNW&_nc_oc=AdqSJqxV5vV_Z6km_F2LryYMvLkW0PcxVLReiwUSF-9HQzELMz3uGkbRCGYngbdymcQ&_nc_zt=24&_nc_ht=scontent-cdg4-2.cdninstagram.com&_nc_ss=7b6a8&oh=00_Af4kNkVVZaJ61pPEgVmY_JulehQe38vxDY1uKLtKqQDcww&oe=69FE7CC2,kiaraa_kiara,https://www.instagram.com/kiaraa_kiara,#ilprodottomisteriosopenny #accettoregolamento #holettoprivacy zucca,0,0,2026-04-27T15:28:50.000Z,18162365134442525,3402890894,2026-05-04T16:10:48.693Z,https://www.instagram.com/p/DXotHFAjcSM
https://scontent-cdg6-1.cdninstagram.com/v/t51.2885-19/24327646_806055429594840_691620752633364480_n.jpg?stp=dst-jpg_s150x150_tt6&_nc_cat=105&ccb=7-5&_nc_sid=f7ccc5&efg=eyJ2ZW5jb2RlX3RhZyI6InByb2ZpbGVfcGljLnd3dy4yMDAuQzMifQ%3D%3D&_nc_ohc=Rk-YQ_qYPPAQ7kNvwFqKf3q&_nc_oc=AdqsFjLgZkcpgApYSLFmKS6tfyE8MeCvLfDOGAqyZyVfvyRT8jOdY60-_c32C5yLXNE&_nc_zt=24&_nc_ht=scontent-cdg6-1.cdninstagram.com&_nc_ss=7b6a8&oh=00_Af5PSwEDJECF7ZOvdfLPYtuUaiWUgzspo2Kc4lUopB-APQ&oe=69FE91F3,morganti5938,https://www.instagram.com/morganti5938,Marmellata di albicocche #il prodotto misteriosoPENNY,0,0,2026-04-28T12:20:38.000Z,17942332047080393,6672297297,2026-05-04T16:10:48.693Z,https://www.instagram.com/p/DXotHFAjcSM
https://scontent-cdg4-1.cdninstagram.com/v/t51.82787-19/672342559_18569772979014567_5150928329761920711_n.jpg?stp=dst-jpg_s150x150_tt6&_nc_cat=108&ccb=7-5&_nc_sid=f7ccc5&efg=eyJ2ZW5jb2RlX3RhZyI6InByb2ZpbGVfcGljLnd3dy4xMDgwLkMzIn0%3D&_nc_ohc=2lczZ0duDQgQ7kNvwEvtjER&_nc_oc=AdquFIhecuNd4tbNwEVcQSk7yJcoL1J1Jux1lQB35tLstXJvwdZfNrVROPMIvcfksMA&_nc_zt=24&_nc_ht=scontent-cdg4-1.cdninstagram.com&_nc_gid=ELgQuvzEZ1e-oSqSXDDCUg&_nc_ss=7b6a8&oh=00_Af7bejotoDHJ56Ry7xz-464bwouGYOLTOPN3YZezP2LXPA&oe=69FE855E,stefania.vasile,https://www.instagram.com/stefania.vasile,"Confettura di albicocca senza zuccheri aggiunti ❤️

#ilprodottomisteriosopenny
#accettoilregolamento
#holettoprivacypolicy",0,0,2026-04-29T07:37:39.000Z,17922655959124822,209870566,2026-05-04T16:10:48.693Z,https://www.instagram.com/p/DXotHFAjcSM
https://scontent-cdg4-1.cdninstagram.com/v/t51.2885-19/459838623_829809015808707_553115707517964197_n.jpg?stp=dst-jpg_s150x150_tt6&_nc_cat=102&ccb=7-5&_nc_sid=f7ccc5&efg=eyJ2ZW5jb2RlX3RhZyI6InByb2ZpbGVfcGljLnd3dy4xMDgwLkMzIn0%3D&_nc_ohc=cQFngWYhhYQQ7kNvwHW1itQ&_nc_oc=Adp71qZZwGIGs3QBZBw1dMlIahOkEVYr0Ktu2N90cmzm7_JFguk0Y5xydArK4czW9qg&_nc_zt=24&_nc_ht=scontent-cdg4-1.cdninstagram.com&_nc_ss=7b6a8&oh=00_Af4czmOYmajleAsua7Rl2WIOEo7lcO5RLN0EDqAka1deoA&oe=69FE8B9B,mariagraziabellonio,https://www.instagram.com/mariagraziabellonio,Marmellata di albicocche welless ##PRODOTTOMISTERIOSOPENNY. ##ACCETTOREGOLAMENTO. ##HOLETTOPRIVACYPOLICY,0,0,2026-04-28T11:40:44.000Z,17884045959539959,6783962359,2026-05-04T16:10:48.693Z,https://www.instagram.com/p/DXotHFAjcSM
https://scontent-cdg4-2.cdninstagram.com/v/t51.82787-19/655173790_18342734815245928_6616103059216053446_n.jpg?stp=dst-jpg_s150x150_tt6&_nc_cat=101&ccb=7-5&_nc_sid=f7ccc5&efg=eyJ2ZW5jb2RlX3RhZyI6InByb2ZpbGVfcGljLnd3dy42NDAuQzMifQ%3D%3D&_nc_ohc=yl3OSCs1qSEQ7kNvwE_ZWyu&_nc_oc=Adqc8WLep5ST4C96PJ7FDcJbaaLnFi3ZK5AtbGID_xZKUtUMEoTvFxl8KdXCXDjLOt8&_nc_zt=24&_nc_ht=scontent-cdg4-2.cdninstagram.com&_nc_gid=ELgQuvzEZ1e-oSqSXDDCUg&_nc_ss=7b6a8&oh=00_Af5PkDelYQ3PHMW52SjLHjmNvhrgbVlGrAFmzU4rC6CAZQ&oe=69FE8637,rosalia.trombetta,https://www.instagram.com/rosalia.trombetta,Marmellata di albicocche,0,0,2026-04-30T10:58:08.000Z,17875744317598325,7347909927,2026-05-04T16:10:48.693Z,https://www.instagram.com/p/DXotHFAjcSM
https://scontent-cdg6-1.cdninstagram.com/v/t51.2885-19/340481944_724975272442490_211853008026803534_n.jpg?stp=dst-jpg_s150x150_tt6&_nc_cat=106&ccb=7-5&_nc_sid=f7ccc5&efg=eyJ2ZW5jb2RlX3RhZyI6InByb2ZpbGVfcGljLnd3dy45NjAuQzMifQ%3D%3D&_nc_ohc=Ra4RfpKn568Q7kNvwH7HN6K&_nc_oc=AdoWTq9mKUGhuIyHxyNhorocuBsqjE9VQWWOqIGGee9nzTQ0hw5ob4M65I4RlECgODY&_nc_zt=24&_nc_ht=scontent-cdg6-1.cdninstagram.com&_nc_ss=7b6a8&oh=00_Af5LiVkOzBJIWmkMbtJQIQqRqi5FUq3-aJnpsmxHCEO45w&oe=69FE85EF,nicolinanardone,https://www.instagram.com/nicolinanardone,🤔 Confettura di albicocca 🤞😋😋. #ilprodottomisteriosopenny #accettoregolamento. #holettoprivacypolicy.  Partecipo.,0,0,2026-04-28T14:12:23.000Z,17928825186090346,6487397390,2026-05-04T16:10:48.693Z,https://www.instagram.com/p/DXotHFAjcSM
https://scontent-cdg4-1.cdninstagram.com/v/t51.2885-19/197757171_286035989554818_1748172742496509877_n.jpg?stp=dst-jpg_s150x150_tt6&_nc_cat=110&ccb=7-5&_nc_sid=f7ccc5&efg=eyJ2ZW5jb2RlX3RhZyI6InByb2ZpbGVfcGljLnd3dy4xMDgwLkMzIn0%3D&_nc_ohc=2azqezdWguYQ7kNvwFHTO6y&_nc_oc=Adoj5vU5-RzO8Gr76dxg_4PTS0_Dt45cqNZFJeCd4TmXa4WmwmirIH-kJILqudbG8fo&_nc_zt=24&_nc_ht=scontent-cdg4-1.cdninstagram.com&_nc_ss=7b6a8&oh=00_Af4FkWH0h1-5sXWmUJsZKORB7_Y3mSwbjS5UTBZPk9Foxg&oe=69FE8FBF,aurylive,https://www.instagram.com/aurylive,"Confettura Welless senza zuccheri aggiunti all’albicocca ✨
#ilprodottomisteriosopenny 
#accettoregolamento 
#holettoprivacypolicy",0,0,2026-04-28T13:28:58.000Z,18167656561424020,8707506478,2026-05-04T16:10:48.693Z,https://www.instagram.com/p/DXotHFAjcSM
https://scontent-cdg4-2.cdninstagram.com/v/t51.2885-19/89219357_223561658828302_8894970402086846464_n.jpg?stp=dst-jpg_s150x150_tt6&_nc_cat=100&ccb=7-5&_nc_sid=f7ccc5&efg=eyJ2ZW5jb2RlX3RhZyI6InByb2ZpbGVfcGljLnd3dy4zMjAuQzMifQ%3D%3D&_nc_ohc=e3yGrQ7VaWoQ7kNvwG5-FFQ&_nc_oc=AdrKblImPkf1Y0S7AqVkm8FzN7nIpzTAH42JNhc_W-34qyCKqTnWlK-fVo6rcDZ7V2A&_nc_zt=24&_nc_ht=scontent-cdg4-2.cdninstagram.com&_nc_ss=7b6a8&oh=00_Af54xrml1lAIdAgjdpPZadnN3xbN4ZeOQh7md9onGDykUg&oe=69FE7E90,carmela_70,https://www.instagram.com/carmela_70,Confettura di albicocche o arance .,0,0,2026-04-30T00:48:33.000Z,18049789058574551,3632728349,2026-05-04T16:10:48.693Z,https://www.instagram.com/p/DXotHFAjcSM
https://scontent-cdg4-1.cdninstagram.com/v/t51.2885-19/16110250_579576285585358_1372609893546065920_a.jpg?stp=dst-jpg_s150x150_tt6&_nc_cat=104&ccb=7-5&_nc_sid=f7ccc5&efg=eyJ2ZW5jb2RlX3RhZyI6InByb2ZpbGVfcGljLnd3dy4xMDgwLkMzIn0%3D&_nc_ohc=C8-IX5TdVz4Q7kNvwHF5Zes&_nc_oc=AdoxyhUoFKvSdNfoSAJMjr_zuFbXtVcP4duZfE_CSHu-0NQ9M3rB0drHrjruf6absGI&_nc_zt=24&_nc_ht=scontent-cdg4-1.cdninstagram.com&_nc_ss=7b6a8&oh=00_Af4RLwxGzIZrfz9cOzzxKwFeWaaOYrbptPxT4yV_XGH8yg&oe=69FEA64B,vilmaferrino,https://www.instagram.com/vilmaferrino,Marmellata di pompelmo rosso🥰 #PRODOTTOMISTERIOSOPENNY#ACCETTOREGOLAMENTO#HOLETTOPRIVACYPOLICY,0,0,2026-04-30T13:53:46.000Z,18318582265283485,4371891045,2026-05-04T16:10:48.693Z,https://www.instagram.com/p/DXotHFAjcSM
https://scontent-cdg6-1.cdninstagram.com/v/t51.2885-19/275484582_641361763833454_297973823034913641_n.jpg?stp=dst-jpg_s150x150_tt6&_nc_cat=105&ccb=7-5&_nc_sid=f7ccc5&efg=eyJ2ZW5jb2RlX3RhZyI6InByb2ZpbGVfcGljLnd3dy40OTAuQzMifQ%3D%3D&_nc_ohc=8EuDMqfQSiIQ7kNvwG5KKx_&_nc_oc=Adq-qJfcQLCeo89bqJL7MGA-3507PJi30lFDQaJnKKIa0hMQZMVn9uc6C1OlKpbjd7g&_nc_zt=24&_nc_ht=scontent-cdg6-1.cdninstagram.com&_nc_ss=7b6a8&oh=00_Af6gkBIY36JRnJJaV3tKj-O20O9z1cOyDLgRRnHpclTgZw&oe=69FE9204,graziellametalli,https://www.instagram.com/graziellametalli,Marmellata di arance,0,0,2026-04-30T11:25:31.000Z,18116146936778512,11800563139,2026-05-04T16:10:48.693Z,https://www.instagram.com/p/DXotHFAjcSM
https://scontent-cdg6-1.cdninstagram.com/v/t51.82787-19/640732969_18097167290489392_2279289341084214643_n.jpg?stp=dst-jpg_s150x150_tt6&_nc_cat=103&ccb=7-5&_nc_sid=f7ccc5&efg=eyJ2ZW5jb2RlX3RhZyI6InByb2ZpbGVfcGljLnd3dy4xMDgwLkMzIn0%3D&_nc_ohc=D4ryDBOoOkUQ7kNvwF1TF5C&_nc_oc=AdplYrXZNT_gV6ZITX8fn1yXa3dan1k_jMVrrVlaFvE3LH_kjBZE-gUusHzS-caRP-w&_nc_zt=24&_nc_ht=scontent-cdg6-1.cdninstagram.com&_nc_gid=ELgQuvzEZ1e-oSqSXDDCUg&_nc_ss=7b6a8&oh=00_Af7i3t56DsknJWdpP3vtOkyzWnTZbKc8yaZhRev_UO4LlA&oe=69FEAADC,daniela.asta.04,https://www.instagram.com/daniela.asta.04,#PRODOTTOMISTERIOSOPENNY #ACCETTOREGOLAMENTO #HOLETTOPRIVACYPOLICY confettura di albicocche,0,0,2026-04-29T15:32:39.000Z,18420037024130031,44726257391,2026-05-04T16:10:48.693Z,https://www.instagram.com/p/DXotHFAjcSM
https://scontent-cdg4-3.cdninstagram.com/v/t51.2885-19/438674423_1135542434136823_7222624673745551159_n.jpg?stp=dst-jpg_s150x150_tt6&_nc_cat=111&ccb=7-5&_nc_sid=f7ccc5&efg=eyJ2ZW5jb2RlX3RhZyI6InByb2ZpbGVfcGljLnd3dy45NTguQzMifQ%3D%3D&_nc_ohc=mSrTtpr4VD8Q7kNvwFOG-_z&_nc_oc=AdoE4UgL3qIUk7rUfGiLNrIkwZGTtHnGgsvUrHFdykCvPvMaxTdwTGIPFo_09cPZma8&_nc_zt=24&_nc_ht=scontent-cdg4-3.cdninstagram.com&_nc_ss=7b6a8&oh=00_Af7xkpmMw0ckeX1IiUvPm1c_ii8144IunZPlbO783voN3Q&oe=69FE7DE4,fefemammotta55,https://www.instagram.com/fefemammotta55,#ilprodottomisteriosopenny #accettoregolamento  #holettoprivacypolicy,0,0,2026-04-27T17:22:57.000Z,18199557166345267,5546035178,2026-05-04T16:10:48.693Z,https://www.instagram.com/p/DXotHFAjcSM
https://scontent-cdg6-1.cdninstagram.com/v/t51.89012-19/573323465_1219825463302212_7278921664109726296_n.jpg?stp=dst-jpg_s150x150_tt6&_nc_cat=1&ccb=7-5&_nc_sid=f7ccc5&efg=eyJ2ZW5jb2RlX3RhZyI6InByb2ZpbGVfcGljLnd3dy5DMyJ9&_nc_ohc=Pf4Jx7fI-JMQ7kNvwEdnA1r&_nc_oc=AdrM5ak9ThOqfmCIPi6cg4Jm_5TeInAUOEZd_c63seXXEeGj0StKGP4VtTRRkluVdEU&_nc_zt=24&_nc_ht=scontent-cdg6-1.cdninstagram.com&_nc_gid=ELgQuvzEZ1e-oSqSXDDCUg&_nc_ss=7b6a8&oh=00_Af5e9Dx-iX9vEoBd96FwSsHvUPFpTB-Uj1LESxIMwlIU6A&oe=69FE87E2,cri.pavan,https://www.instagram.com/cri.pavan,Marmellata di albicocche senza zuccheri aggiunti,0,0,2026-04-29T17:31:59.000Z,18003189716876926,9920256158,2026-05-04T16:10:48.693Z,https://www.instagram.com/p/DXotHFAjcSM
https://scontent-cdg4-1.cdninstagram.com/v/t51.2885-19/369976337_1293699574602185_5917992597848423506_n.jpg?stp=dst-jpg_s150x150_tt6&_nc_cat=108&ccb=7-5&_nc_sid=f7ccc5&efg=eyJ2ZW5jb2RlX3RhZyI6InByb2ZpbGVfcGljLnd3dy43NjguQzMifQ%3D%3D&_nc_ohc=4bbUFhtkZYYQ7kNvwFP9quj&_nc_oc=AdrXT1IuTQDJ24gWlrKHOCqcgZAWqDq9NueqDSO7uDcLZhgbp46pNO2q-LJ7SSiHBRA&_nc_zt=24&_nc_ht=scontent-cdg4-1.cdninstagram.com&_nc_ss=7b6a8&oh=00_Af5Z7xdm80rZN3Dpk80f-zkiSlLVrJ7rwKkmoqz9catoaQ&oe=69FE9A05,carmelaielmi,https://www.instagram.com/carmelaielmi,Marmellata di albicocche #ilprodottomisteriosoPENNY #accettoregolamento #holettoprivacypolicy . Partecipo e spero 🤞,0,0,2026-04-27T22:10:49.000Z,17891738058459647,526741898,2026-05-04T16:10:48.693Z,https://www.instagram.com/p/DXotHFAjcSM
https://scontent-cdg6-1.cdninstagram.com/v/t51.89012-19/573323465_1219825463302212_7278921664109726296_n.jpg?stp=dst-jpg_s150x150_tt6&_nc_cat=1&ccb=7-5&_nc_sid=f7ccc5&efg=eyJ2ZW5jb2RlX3RhZyI6InByb2ZpbGVfcGljLnd3dy5DMyJ9&_nc_ohc=Pf4Jx7fI-JMQ7kNvwEdnA1r&_nc_oc=AdrM5ak9ThOqfmCIPi6cg4Jm_5TeInAUOEZd_c63seXXEeGj0StKGP4VtTRRkluVdEU&_nc_zt=24&_nc_ht=scontent-cdg6-1.cdninstagram.com&_nc_gid=ELgQuvzEZ1e-oSqSXDDCUg&_nc_ss=7b6a8&oh=00_Af5e9Dx-iX9vEoBd96FwSsHvUPFpTB-Uj1LESxIMwlIU6A&oe=69FE87E2,fra.4005,https://www.instagram.com/fra.4005,#accettoregolamento.  #holettoprivacypolicy,0,0,2026-04-28T09:50:56.000Z,18320069992268581,27208255593,2026-05-04T16:10:48.693Z,https://www.instagram.com/p/DXotHFAjcSM
https://scontent-cdg4-1.cdninstagram.com/v/t51.2885-19/329262576_1318323655616332_5212658965378632200_n.jpg?stp=dst-jpg_s150x150_tt6&_nc_cat=108&ccb=7-5&_nc_sid=f7ccc5&efg=eyJ2ZW5jb2RlX3RhZyI6InByb2ZpbGVfcGljLnd3dy4xMDgwLkMzIn0%3D&_nc_ohc=sA95NeaUltEQ7kNvwFxFAW-&_nc_oc=AdpQUvXcEL8HWI6jUbG0_IbjGzFlZC_7H1_P1XE9_eUDH2YkrKwE7DAVGmNXelz_d9E&_nc_zt=24&_nc_ht=scontent-cdg4-1.cdninstagram.com&_nc_ss=7b6a8&oh=00_Af4ykePZub-sx76UO3iqOS831qXTGSE_86j1uFAZRVLXfQ&oe=69FE8656,lasjm5,https://www.instagram.com/lasjm5,Dg#ilprodottomisteriosopenny #accettoilregolamento  #holettoprivacypolicy,0,0,2026-04-28T11:59:51.000Z,18102309466798995,57785583430,2026-05-04T16:10:53.713Z,https://www.instagram.com/p/DXotHFAjcSM
https://scontent-cdg6-1.cdninstagram.com/v/t51.2885-19/307804819_578110774101556_3818097675670361412_n.jpg?stp=dst-jpg_s150x150_tt6&_nc_cat=103&ccb=7-5&_nc_sid=f7ccc5&efg=eyJ2ZW5jb2RlX3RhZyI6InByb2ZpbGVfcGljLnd3dy4xMDgwLkMzIn0%3D&_nc_ohc=TfI3yeDuDioQ7kNvwGN2_po&_nc_oc=Adrp4vUYLKM9jiVkb1BxlaxKcDneAgcEGQhazkOc16TRul0-NPWdo3r3pA3HOHrxBMs&_nc_zt=24&_nc_ht=scontent-cdg6-1.cdninstagram.com&_nc_ss=7b6a8&oh=00_Af6VUhRTUQT2xMu-fx0UvkTM5NWITt-pKORo9_1XwfwxFQ&oe=69FE91B1,charleony,https://www.instagram.com/charleony,#ilprodottomisteriosoPENNY sarà la Marmellata di albicocche senza zuccheri aggiunti Welles ❤️ #accettoilregolamento #holettoprivacypolicy,0,0,2026-04-30T11:47:14.000Z,18307356508263860,1561318078,2026-05-04T16:10:53.713Z,https://www.instagram.com/p/DXotHFAjcSM
https://scontent-cdg4-2.cdninstagram.com/v/t51.2885-19/475990806_641189095032189_4324839808558832359_n.jpg?stp=dst-jpg_s150x150_tt6&_nc_cat=109&ccb=7-5&_nc_sid=f7ccc5&efg=eyJ2ZW5jb2RlX3RhZyI6InByb2ZpbGVfcGljLnd3dy4xMDI0LkMzIn0%3D&_nc_ohc=yahUMFogj5gQ7kNvwExQuFS&_nc_oc=AdpCqfEyxkG2ZvNUxmX2q1LsXVf01hqTl7fmIB_o_ZuRVOemxPIIzMvmeepYDBXaJUA&_nc_zt=24&_nc_ht=scontent-cdg4-2.cdninstagram.com&_nc_ss=7b6a8&oh=00_Af5q-M97ETFGC-dcebhT_dxEaVLC7SsCdmPx0AywVRLTXA&oe=69FEAB85,ladeluca.sdl,https://www.instagram.com/ladeluca.sdl,#ilprodottomisteriosopenny #accettoilregolamento #holettoprivacypolicy,0,0,2026-04-28T14:54:39.000Z,18094359428145259,1411879308,2026-05-04T16:10:53.713Z,https://www.instagram.com/p/DXotHFAjcSM
https://scontent-cdg6-1.cdninstagram.com/v/t51.2885-19/256042459_4579246262161625_7559070499678656383_n.jpg?stp=dst-jpg_s150x150_tt6&_nc_cat=103&ccb=7-5&_nc_sid=f7ccc5&efg=eyJ2ZW5jb2RlX3RhZyI6InByb2ZpbGVfcGljLnd3dy4xMDgwLkMzIn0%3D&_nc_ohc=HxXD1vqugo0Q7kNvwGyJ0oQ&_nc_oc=AdoXIHHw0dnGvIWQG19KRYbGhTTd3YvBF05fajwMw2oAuA0UBd0vzLpbkXjio1zLJnY&_nc_zt=24&_nc_ht=scontent-cdg6-1.cdninstagram.com&_nc_ss=7b6a8&oh=00_Af50FqUvSjIG0gfkEwTH8S_MrTV1BRRrg6fwKvJa4xe53Q&oe=69FE8257,kettybarone_,https://www.instagram.com/kettybarone_,Confettura albicocche 🤤 #ilprodottomisteriosopenny #accettoregolamento #holettoprivacypolicy 🤞🏼💪🏼,0,0,2026-04-30T04:58:26.000Z,18154827382461072,11410777979,2026-05-04T16:10:53.713Z,https://www.instagram.com/p/DXotHFAjcSM
https://scontent-cdg6-1.cdninstagram.com/v/t51.2885-19/44787197_346113075942669_9128749457737777152_n.jpg?stp=dst-jpg_s150x150_tt6&_nc_cat=105&ccb=7-5&_nc_sid=f7ccc5&efg=eyJ2ZW5jb2RlX3RhZyI6InByb2ZpbGVfcGljLnd3dy43MjAuQzMifQ%3D%3D&_nc_ohc=Htr8bbkr4HQQ7kNvwHvewvQ&_nc_oc=Adq9h4BaX3G8hqldAd5pdWNnFBw6NQBZmrXvrdnojN_7fKz0jJ_EHiHpVH77le4qbWw&_nc_zt=24&_nc_ht=scontent-cdg6-1.cdninstagram.com&_nc_ss=7b6a8&oh=00_Af7L11t6NvKG9rE_wUYppKtaGhua2TOtrG_vhVpUlTfhYA&oe=69FE87DA,samantaferrari16,https://www.instagram.com/samantaferrari16,Marmellata di pesche,0,0,2026-04-30T07:14:12.000Z,18095806769165512,9171823136,2026-05-04T16:10:53.713Z,https://www.instagram.com/p/DXotHFAjcSM
https://scontent-cdg4-2.cdninstagram.com/v/t51.82787-19/528599285_18496433881071723_7732754675782395363_n.jpg?stp=dst-jpg_s150x150_tt6&_nc_cat=107&ccb=7-5&_nc_sid=f7ccc5&efg=eyJ2ZW5jb2RlX3RhZyI6InByb2ZpbGVfcGljLnd3dy4xMDgwLkMzIn0%3D&_nc_ohc=9Fzhx9iHpxUQ7kNvwGHuXcx&_nc_oc=Adpb9OpaY7kyh5UJd7n5sUrAZYDM9B16veZBIiVJhCS9WbqEq1Ob3mo0HGu0aPitlT8&_nc_zt=24&_nc_ht=scontent-cdg4-2.cdninstagram.com&_nc_gid=tThSvgxAGM7CaBQJMQcvHA&_nc_ss=7b6a8&oh=00_Af7eYHiaK2TPDe4OotpFCKg6dO6vAOz76J0akNBJoFwlsg&oe=69FE7BD3,clarissaalbarelli,https://www.instagram.com/clarissaalbarelli,Confettura di pesca,0,0,2026-04-30T06:05:39.000Z,17925475395294824,2097807722,2026-05-04T16:10:53.713Z,https://www.instagram.com/p/DXotHFAjcSM
https://scontent-cdg6-1.cdninstagram.com/v/t51.89012-19/573323465_1219825463302212_7278921664109726296_n.jpg?stp=dst-jpg_s150x150_tt6&_nc_cat=1&ccb=7-5&_nc_sid=f7ccc5&efg=eyJ2ZW5jb2RlX3RhZyI6InByb2ZpbGVfcGljLnd3dy5DMyJ9&_nc_ohc=Pf4Jx7fI-JMQ7kNvwEdnA1r&_nc_oc=AdrM5ak9ThOqfmCIPi6cg4Jm_5TeInAUOEZd_c63seXXEeGj0StKGP4VtTRRkluVdEU&_nc_zt=24&_nc_ht=scontent-cdg6-1.cdninstagram.com&_nc_gid=tThSvgxAGM7CaBQJMQcvHA&_nc_ss=7b6a8&oh=00_Af6GksjMIaAhxXP0PDmG2NXZwd47zbwxeC8MLkD3ZI23sQ&oe=69FE87E2,patrizia_per,https://www.instagram.com/patrizia_per,Confettura di albicocche #ilprodottomisteriosopenny #accettoregolamento #holettoprivacypolicy 👍🤞,0,0,2026-04-30T16:59:01.000Z,18067758512339209,219242506,2026-05-04T16:10:53.713Z,https://www.instagram.com/p/DXotHFAjcSM
https://scontent-cdg4-1.cdninstagram.com/v/t51.2885-19/151992790_699192874081851_983884805219119095_n.jpg?stp=dst-jpg_s150x150_tt6&_nc_cat=108&ccb=7-5&_nc_sid=f7ccc5&efg=eyJ2ZW5jb2RlX3RhZyI6InByb2ZpbGVfcGljLnd3dy43NzIuQzMifQ%3D%3D&_nc_ohc=S5zc7Ev8ZzUQ7kNvwFMRqVy&_nc_oc=AdoNc3JMXPYim2sVVh3EiDkFJJ4Sf3T65Um85D4C66LyY4X64GdCUDetF31iVHCxe4E&_nc_zt=24&_nc_ht=scontent-cdg4-1.cdninstagram.com&_nc_ss=7b6a8&oh=00_Af4ou1oK8qDWHZYyObksS8-QT8pBxZ5W8gKcaVlLVH8jGg&oe=69FEA887,opinionmode,https://www.instagram.com/opinionmode,Confettura di albicocca a ridotto contenuto calorico #ILPRODOTTOMISTERIOSOPENNY #PRODOTTOMISTERIOSOPENNY #ACCETTOREGOLAMENTO #HOLETTOPRIVACYPOLICY,0,0,2026-04-30T08:56:25.000Z,18141000244511384,24276974076,2026-05-04T16:10:53.713Z,https://www.instagram.com/p/DXotHFAjcSM
https://scontent-cdg4-2.cdninstagram.com/v/t51.82787-19/659935190_18582789646029318_1881226720382210216_n.jpg?stp=dst-jpg_s150x150_tt6&_nc_cat=109&ccb=7-5&_nc_sid=f7ccc5&efg=eyJ2ZW5jb2RlX3RhZyI6InByb2ZpbGVfcGljLnd3dy4xMDgwLkMzIn0%3D&_nc_ohc=GPcsNDCu3FoQ7kNvwG6VoEx&_nc_oc=AdofGnicz6BvRdrCK_TSY-Rxwe4N8akxB6c6sV2VgyRgUfzSAnfyA7MaB204M5jNfxc&_nc_zt=24&_nc_ht=scontent-cdg4-2.cdninstagram.com&_nc_gid=tThSvgxAGM7CaBQJMQcvHA&_nc_ss=7b6a8&oh=00_Af6jTnos3YHwkUC1mw89lvlesVifVx3upNa7lz52MB6xNw&oe=69FEB129,luigina.calitri,https://www.instagram.com/luigina.calitri,#ilprodottomisteriosoPENNY #accettoregolamento  #holettoprivacypolicy  L'INGREDIENTE MISTERIOSO È CONFETTURA DI ALBICOCCA 100%NATURALE.,0,0,2026-04-27T15:06:01.000Z,18021991472823998,1484445317,2026-05-04T16:10:53.713Z,https://www.instagram.com/p/DXotHFAjcSM
https://scontent-cdg4-1.cdninstagram.com/v/t51.2885-19/32443643_628338540870649_4216628140492980224_n.jpg?stp=dst-jpg_s150x150_tt6&_nc_cat=102&ccb=7-5&_nc_sid=f7ccc5&efg=eyJ2ZW5jb2RlX3RhZyI6InByb2ZpbGVfcGljLnd3dy43MjAuQzMifQ%3D%3D&_nc_ohc=zixP0Y9m8MUQ7kNvwGR7Mdm&_nc_oc=AdqDjUmbDOQLkLCftHD09dNc6F0X7WdXeOUh1ydRlUSk48Ju3Y4vvhrqgfTxzvzUGY8&_nc_zt=24&_nc_ht=scontent-cdg4-1.cdninstagram.com&_nc_ss=7b6a8&oh=00_Af60W6TJkEw9wsz7Qx0wBLTtuDxjrwPl-ZBvlZTv_VTYMA&oe=69FE7DFD,la_gnammy,https://www.instagram.com/la_gnammy,#ilprodottomisteriosopenny #accettoregolamento #holettoprivacypolicy benedetta cucinerà una squisitezza utilizzando la marmellata di albicocche senza zuccheri aggiunti,0,0,2026-04-27T23:55:14.000Z,18103507306757006,1765197204,2026-05-04T16:10:53.713Z,https://www.instagram.com/p/DXotHFAjcSM
https://scontent-cdg6-1.cdninstagram.com/v/t51.89012-19/573323465_1219825463302212_7278921664109726296_n.jpg?stp=dst-jpg_s150x150_tt6&_nc_cat=1&ccb=7-5&_nc_sid=f7ccc5&efg=eyJ2ZW5jb2RlX3RhZyI6InByb2ZpbGVfcGljLnd3dy5DMyJ9&_nc_ohc=Pf4Jx7fI-JMQ7kNvwEdnA1r&_nc_oc=AdrM5ak9ThOqfmCIPi6cg4Jm_5TeInAUOEZd_c63seXXEeGj0StKGP4VtTRRkluVdEU&_nc_zt=24&_nc_ht=scontent-cdg6-1.cdninstagram.com&_nc_gid=tThSvgxAGM7CaBQJMQcvHA&_nc_ss=7b6a8&oh=00_Af6GksjMIaAhxXP0PDmG2NXZwd47zbwxeC8MLkD3ZI23sQ&oe=69FE87E2,ceciliapollio3,https://www.instagram.com/ceciliapollio3,ceciliapollio3 Confettura di albicocca senza zuccheri aggiunti#ilprodottomisteriosopenny#accetto ilregolamento#holettolaprivacy🍅,0,0,2026-04-28T11:01:34.000Z,18180395248378164,68019917982,2026-05-04T16:10:53.713Z,https://www.instagram.com/p/DXotHFAjcSM
https://scontent-cdg4-1.cdninstagram.com/v/t51.82787-19/658317321_18570478957013498_8117687765502603138_n.jpg?stp=dst-jpg_s150x150_tt6&_nc_cat=108&ccb=7-5&_nc_sid=f7ccc5&efg=eyJ2ZW5jb2RlX3RhZyI6InByb2ZpbGVfcGljLnd3dy4xMDgwLkMzIn0%3D&_nc_ohc=5p0KJWm6D5IQ7kNvwHx11Xo&_nc_oc=AdoCA-ekNO1H3Her-b-G3Hwl1r6PSs8qszhsx2AQDpL5I10zksYC4lNsdnala2OZA7Q&_nc_zt=24&_nc_ht=scontent-cdg4-1.cdninstagram.com&_nc_gid=tThSvgxAGM7CaBQJMQcvHA&_nc_ss=7b6a8&oh=00_Af7eSU9_IMqpzoMM7yuK6h-7kb-MTBj-isVVlD50DbXxKg&oe=69FEACCF,alegreycat,https://www.instagram.com/alegreycat,Confettura di albicocca 🧡 #ilprodottomisteriosopenny #accettoregolamento #holettoprivacypolicy @myeu1088,0,0,2026-05-01T12:50:13.000Z,18088103816459678,404365497,2026-05-04T16:10:53.713Z,https://www.instagram.com/p/DXotHFAjcSM
https://scontent-cdg4-2.cdninstagram.com/v/t51.2885-19/67938610_386469862068538_1266603181488472064_n.jpg?stp=dst-jpg_s150x150_tt6&_nc_cat=101&ccb=7-5&_nc_sid=f7ccc5&efg=eyJ2ZW5jb2RlX3RhZyI6InByb2ZpbGVfcGljLnd3dy4yMDQuQzMifQ%3D%3D&_nc_ohc=onCBILjq4JMQ7kNvwG7BCH-&_nc_oc=Adqifbg5YgDDxBYRbIro39l0UQLrAdpnfpdkatxiotx3Nu0XxS3IV2k0QdLnk5xitGY&_nc_zt=24&_nc_ht=scontent-cdg4-2.cdninstagram.com&_nc_ss=7b6a8&oh=00_Af4BxwrraBI2rgyMVLcM3qVZuqJzu3J-9IQGM5FTD7iH5Q&oe=69FE8A07,silvaperro68,https://www.instagram.com/silvaperro68,Confettura di albicocche...,0,0,2026-04-30T12:14:19.000Z,18016807778676561,2492963221,2026-05-04T16:10:53.713Z,https://www.instagram.com/p/DXotHFAjcSM
https://scontent-cdg4-2.cdninstagram.com/v/t51.2885-19/344030513_256490503424764_4626823913767907670_n.jpg?stp=dst-jpg_s150x150_tt6&_nc_cat=100&ccb=7-5&_nc_sid=f7ccc5&efg=eyJ2ZW5jb2RlX3RhZyI6InByb2ZpbGVfcGljLnd3dy43NTAuQzMifQ%3D%3D&_nc_ohc=ZpERZpG0AdgQ7kNvwGJOsB_&_nc_oc=Adqbs1yFxOu7p5OUA2KtvdNZiQrqyXDeyxFPB6FCn8oVBdFv5gIHsdfo6kwPUzRyBn0&_nc_zt=24&_nc_ht=scontent-cdg4-2.cdninstagram.com&_nc_ss=7b6a8&oh=00_Af4uYfAMH92lbXIWIM0eQRraVrV13ivJBpc-o4IDtN7F_Q&oe=69FE8D01,fabydl84,https://www.instagram.com/fabydl84,Confettura albicocca senza zucchero @prodottomisteriosopenny @ACCETTOREGOLAMENTO @HOLETTOPRIVACYPOLICY,0,0,2026-04-30T13:28:28.000Z,18577437775009110,1957077197,2026-05-04T16:10:53.713Z,https://www.instagram.com/p/DXotHFAjcSM
https://scontent-cdg6-1.cdninstagram.com/v/t51.2885-19/470893977_3975504489398013_5710415172746318408_n.jpg?stp=dst-jpg_s150x150_tt6&_nc_cat=105&ccb=7-5&_nc_sid=f7ccc5&efg=eyJ2ZW5jb2RlX3RhZyI6InByb2ZpbGVfcGljLnd3dy4xMDgwLkMzIn0%3D&_nc_ohc=1lhuZ3KVD0gQ7kNvwEM7vbr&_nc_oc=AdoRysLq5pCBHI6sy7oDjDcP7ue0fj4AzUcMOqt56NKesQl1rbYHmWIxP-71nLQwhQI&_nc_zt=24&_nc_ht=scontent-cdg6-1.cdninstagram.com&_nc_ss=7b6a8&oh=00_Af7bxBots7hpGjACKZ8k_iCYo5BhYPtDsAns22tJroynbQ&oe=69FE9106,luisavaiano71,https://www.instagram.com/luisavaiano71,Marmellata,0,0,2026-04-30T08:15:40.000Z,18077396813405195,4356061287,2026-05-04T16:10:53.713Z,https://www.instagram.com/p/DXotHFAjcSM
https://scontent-cdg4-2.cdninstagram.com/v/t51.2885-19/101842260_593536857945437_5856968853409497088_n.jpg?stp=dst-jpg_s150x150_tt6&_nc_cat=101&ccb=7-5&_nc_sid=f7ccc5&efg=eyJ2ZW5jb2RlX3RhZyI6InByb2ZpbGVfcGljLnd3dy40ODQuQzMifQ%3D%3D&_nc_ohc=C7zkqppbPWgQ7kNvwHcnOGz&_nc_oc=AdqSGayKov9DIN1avgzB__T9zaDvbDkYx1JLAYKHIlnz_q_5BZDrltnq2Jy4AjXjIPU&_nc_zt=24&_nc_ht=scontent-cdg4-2.cdninstagram.com&_nc_ss=7b6a8&oh=00_Af4Owof_wCxsgCBKZtp0lpKtimr8l-ouEjsyUgu1IMO8nw&oe=69FE88FD,marialuisa.grossi,https://www.instagram.com/marialuisa.grossi,#ilprodottomisteriosopenny #accettoilregolamento#holettoprivacypolicy  Marmellata DI albicocche Wellness è senza zuccheri aggiunti😋😋😋,0,0,2026-04-27T17:04:58.000Z,18092523976939706,15386809531,2026-05-04T16:10:58.798Z,https://www.instagram.com/p/DXotHFAjcSM
https://scontent-cdg6-1.cdninstagram.com/v/t51.2885-19/120495952_174123250924540_187618532630187195_n.jpg?stp=dst-jpg_s150x150_tt6&_nc_cat=103&ccb=7-5&_nc_sid=f7ccc5&efg=eyJ2ZW5jb2RlX3RhZyI6InByb2ZpbGVfcGljLnd3dy42NDAuQzMifQ%3D%3D&_nc_ohc=6nvvgbwiXPQQ7kNvwEV5nrF&_nc_oc=AdpNYtmpUeiqVmhIW73V2LYbTABY7EQffRysudiB0L56C2ljSSohAZDNgtZ9q2dGM6o&_nc_zt=24&_nc_ht=scontent-cdg6-1.cdninstagram.com&_nc_ss=7b6a8&oh=00_Af6THceqizOdIlLMMZHdhXl55vVE4qyJOL5Zvfu20aLMfw&oe=69FEAE49,dolcecreamy80,https://www.instagram.com/dolcecreamy80,"Confettura di albicocche senza zuccheri aggiunti! #ilprodottomisteriosoPENNY
#accettoregolamento
#holettoprivacypolicy",0,0,2026-04-28T17:55:37.000Z,18586233112005987,39805718419,2026-05-04T16:10:58.798Z,https://www.instagram.com/p/DXotHFAjcSM
https://scontent-cdg4-1.cdninstagram.com/v/t51.2885-19/352871173_238511075591568_4296013656340495068_n.jpg?stp=dst-jpg_s150x150_tt6&_nc_cat=110&ccb=7-5&_nc_sid=f7ccc5&efg=eyJ2ZW5jb2RlX3RhZyI6InByb2ZpbGVfcGljLnd3dy4zMjAuQzMifQ%3D%3D&_nc_ohc=A8607qfvamIQ7kNvwFluby7&_nc_oc=Adqa5uwcnA6OnET3lOrcpZ-FXTdc_6sAsJ8FekLWLg23JG1Dt_EX4VEX8wVU9df01zA&_nc_zt=24&_nc_ht=scontent-cdg4-1.cdninstagram.com&_nc_ss=7b6a8&oh=00_Af47VgMdExgzDaql7Ky93Mn9v2bAcvg1mzA14f1Jb9V8vA&oe=69FE81E3,cristina.shabby75,https://www.instagram.com/cristina.shabby75,#Ilprodottomisteriosopenny  #accettoregolamento  #holettoprivacypolicy  confettura di albicocche senza zuccheri aggiunti 🫶🏼😋,0,0,2026-04-28T06:17:14.000Z,18045895703768200,20927378568,2026-05-04T16:10:58.798Z,https://www.instagram.com/p/DXotHFAjcSM
https://scontent-cdg4-3.cdninstagram.com/v/t51.75761-19/503586481_17868649248386933_2660114299060582217_n.jpg?stp=dst-jpg_s150x150_tt6&_nc_cat=111&ccb=7-5&_nc_sid=f7ccc5&efg=eyJ2ZW5jb2RlX3RhZyI6InByb2ZpbGVfcGljLnd3dy4xMDgwLkMzIn0%3D&_nc_ohc=Q6iRxDf4U78Q7kNvwFFE6E0&_nc_oc=AdqPEOf51VVvE7BKASSfMleia6I5R5wO3p7_quR_eO7IUgmxLCezxcNA7j56DPXDF90&_nc_zt=24&_nc_ht=scontent-cdg4-3.cdninstagram.com&_nc_gid=vXrZ10b0zSfYCQau6yztWQ&_nc_ss=7b6a8&oh=00_Af7sis_Q5U3rkohqCJr7tC0ggjSTrrfdezz4Yw4TSGOPyQ&oe=69FE82E1,mariannaulde,https://www.instagram.com/mariannaulde,#PRODOTTOMISTERIOSOPENNY#ACCETTOREGOLAMENTO#HOLETTOPRIVACYPOLICY CONFETTURA DI ALBICOCCHE SENZA ZUCCHERI AGGIUNTI WELLESS,0,0,2026-04-28T13:27:16.000Z,17961862650102980,71681890932,2026-05-04T16:10:58.798Z,https://www.instagram.com/p/DXotHFAjcSM
https://scontent-cdg4-3.cdninstagram.com/v/t51.2885-19/135257681_2094027284067329_8391304418182602117_n.jpg?stp=dst-jpg_s150x150_tt6&_nc_cat=111&ccb=7-5&_nc_sid=f7ccc5&efg=eyJ2ZW5jb2RlX3RhZyI6InByb2ZpbGVfcGljLnd3dy4xMDgwLkMzIn0%3D&_nc_ohc=U5X2ZPcTUD8Q7kNvwHcqlhx&_nc_oc=AdqYw8WA5_tJuxHOp1cN6jesPRNb0-OVDM_VqCWnm09nGsdrJGM88f5UgdRCN5TOwU4&_nc_zt=24&_nc_ht=scontent-cdg4-3.cdninstagram.com&_nc_ss=7b6a8&oh=00_Af4R8XApC3XsE9l2zy85wHO2h95yAWafXUWJQ69yL_kNIA&oe=69FE99C4,giulia.girolin,https://www.instagram.com/giulia.girolin,"#ilprodottomisteriosoPENNY
#accettoregolamento
#holettoprivacypolicy  confettura/marmellata all'albicocca senza zuccheri aggiunti🍑🍑",0,0,2026-04-28T12:43:01.000Z,18455007406104338,5331855304,2026-05-04T16:10:58.798Z,https://www.instagram.com/p/DXotHFAjcSM
https://scontent-cdg6-1.cdninstagram.com/v/t51.89012-19/573323465_1219825463302212_7278921664109726296_n.jpg?stp=dst-jpg_s150x150_tt6&_nc_cat=1&ccb=7-5&_nc_sid=f7ccc5&efg=eyJ2ZW5jb2RlX3RhZyI6InByb2ZpbGVfcGljLnd3dy5DMyJ9&_nc_ohc=Pf4Jx7fI-JMQ7kNvwEdnA1r&_nc_oc=AdrM5ak9ThOqfmCIPi6cg4Jm_5TeInAUOEZd_c63seXXEeGj0StKGP4VtTRRkluVdEU&_nc_zt=24&_nc_ht=scontent-cdg6-1.cdninstagram.com&_nc_gid=vXrZ10b0zSfYCQau6yztWQ&_nc_ss=7b6a8&oh=00_Af5XZlGv9D3LQkTurMrygfAYE5wdtOCxyZfoGUoKTA_YgA&oe=69FE87E2,giovanna.b1959,https://www.instagram.com/giovanna.b1959,"#ilprodottomisteriosoPENNY
#accettoregolamento
#holettoprivacypolicy  Confettura di albicocca senza zuccheri aggiunti 🍑🍑🍑",0,0,2026-04-27T21:11:49.000Z,18095377778148905,12490066833,2026-05-04T16:10:58.798Z,https://www.instagram.com/p/DXotHFAjcSM
https://scontent-cdg4-3.cdninstagram.com/v/t51.82787-19/539853631_18515157679007444_4191661378773263443_n.jpg?stp=dst-jpg_s150x150_tt6&_nc_cat=111&ccb=7-5&_nc_sid=f7ccc5&efg=eyJ2ZW5jb2RlX3RhZyI6InByb2ZpbGVfcGljLnd3dy4xMDgwLkMzIn0%3D&_nc_ohc=l-ZgJHSad3MQ7kNvwEyrwo2&_nc_oc=AdrpFmJbUYNnB_LPf4Ane-hO_DWxEny3IWPLlGWg3hLPPXpi35byJbs4bmAKRIyLQ5g&_nc_zt=24&_nc_ht=scontent-cdg4-3.cdninstagram.com&_nc_gid=vXrZ10b0zSfYCQau6yztWQ&_nc_ss=7b6a8&oh=00_Af7Al5YbfmwfD-0SWp7bB7cKDVErQ2Z6spWotOFeOtFXVA&oe=69FE9065,martinalilla,https://www.instagram.com/martinalilla,"Zucca 
#ProdottoMisteriosoPenny #AccettoRegolamento #HoLettoPrivacyPolicy",0,0,2026-04-29T04:52:30.000Z,18116743507661864,286279443,2026-05-04T16:10:58.798Z,https://www.instagram.com/p/DXotHFAjcSM
https://scontent-cdg4-1.cdninstagram.com/v/t51.2885-19/295890060_1108554533077785_2980259732416534938_n.jpg?stp=dst-jpg_s150x150_tt6&_nc_cat=108&ccb=7-5&_nc_sid=f7ccc5&efg=eyJ2ZW5jb2RlX3RhZyI6InByb2ZpbGVfcGljLnd3dy4xMDgwLkMzIn0%3D&_nc_ohc=5jpKdaKRSg8Q7kNvwEZa1yH&_nc_oc=Adou5JIgDaYELfLmogBv2PK4Mv-wip9AY6F_ShGTBH9wox5mIMCwXb5FW4lWgOzzZm4&_nc_zt=24&_nc_ht=scontent-cdg4-1.cdninstagram.com&_nc_ss=7b6a8&oh=00_Af7qRzSw-vVbvEuRqc6Y1wewjljjCRqgX8Q4-2IPSf_aog&oe=69FE9D40,luceanemone,https://www.instagram.com/luceanemone,#ilprodottomisteriosopenny #accettoregolamento #holettoprivacypolicy purea di zucca 😁,0,0,2026-04-27T16:59:21.000Z,18095454553895318,3112098357,2026-05-04T16:10:58.798Z,https://www.instagram.com/p/DXotHFAjcSM
https://scontent-cdg4-2.cdninstagram.com/v/t51.82787-19/658455149_18369277273202733_3929637078379623741_n.jpg?stp=dst-jpg_s150x150_tt6&_nc_cat=101&ccb=7-5&_nc_sid=f7ccc5&efg=eyJ2ZW5jb2RlX3RhZyI6InByb2ZpbGVfcGljLnd3dy4xMDgwLkMzIn0%3D&_nc_ohc=YCFIxI_B_acQ7kNvwHdD9_o&_nc_oc=AdoIedOrqKTRBVd8Ex77BVJaLy-bQHFrkjpk3-WDtU1AF4Z9LId7Ru9Fzf3CNETBZvA&_nc_zt=24&_nc_ht=scontent-cdg4-2.cdninstagram.com&_nc_gid=vXrZ10b0zSfYCQau6yztWQ&_nc_ss=7b6a8&oh=00_Af4sWlGw0odZREEBVYchAB2vTzGjSntfloR7T6yFziNUlg&oe=69FE85F6,giuly_hustle,https://www.instagram.com/giuly_hustle,La zucca??😅,0,0,2026-04-30T09:05:26.000Z,18075879728217177,6219714732,2026-05-04T16:10:58.798Z,https://www.instagram.com/p/DXotHFAjcSM
https://scontent-cdg4-3.cdninstagram.com/v/t51.2885-19/135257681_2094027284067329_8391304418182602117_n.jpg?stp=dst-jpg_s150x150_tt6&_nc_cat=111&ccb=7-5&_nc_sid=f7ccc5&efg=eyJ2ZW5jb2RlX3RhZyI6InByb2ZpbGVfcGljLnd3dy4xMDgwLkMzIn0%3D&_nc_ohc=U5X2ZPcTUD8Q7kNvwHcqlhx&_nc_oc=AdqYw8WA5_tJuxHOp1cN6jesPRNb0-OVDM_VqCWnm09nGsdrJGM88f5UgdRCN5TOwU4&_nc_zt=24&_nc_ht=scontent-cdg4-3.cdninstagram.com&_nc_ss=7b6a8&oh=00_Af4R8XApC3XsE9l2zy85wHO2h95yAWafXUWJQ69yL_kNIA&oe=69FE99C4,giulia.girolin,https://www.instagram.com/giulia.girolin,"#ilprodottomisteriosoPENNY
#accettoregolamento
#holettoprivacypolicy",0,0,2026-04-28T12:41:50.000Z,17907423492225334,5331855304,2026-05-04T16:10:58.798Z,https://www.instagram.com/p/DXotHFAjcSM
https://scontent-cdg6-1.cdninstagram.com/v/t51.2885-19/363989515_2670963976379391_6899810522671847240_n.jpg?stp=dst-jpg_s150x150_tt6&_nc_cat=105&ccb=7-5&_nc_sid=f7ccc5&efg=eyJ2ZW5jb2RlX3RhZyI6InByb2ZpbGVfcGljLnd3dy43MjAuQzMifQ%3D%3D&_nc_ohc=SYjQUwud_08Q7kNvwH0nVgv&_nc_oc=AdqyeawzBw3MgA9k9afm9MOfItFXaLRrT7VF17dYAj00_GDKTP526wijcVCGYYa3qBM&_nc_zt=24&_nc_ht=scontent-cdg6-1.cdninstagram.com&_nc_ss=7b6a8&oh=00_Af60xt6UxcT5dPceGcBAK8CZ7ynSviJSObT1z8p3nBr2HA&oe=69FE9A0F,nuzzacimariarosaria,https://www.instagram.com/nuzzacimariarosaria,#PRODOTTOMISTERIOSOPENNY #accettoregolamento #holettoprivacypolicy \confettura albicocche senza zuccheri aggiunti,0,0,2026-04-28T12:50:32.000Z,18102688102971899,3949693130,2026-05-04T16:10:58.798Z,https://www.instagram.com/p/DXotHFAjcSM
https://scontent-cdg4-2.cdninstagram.com/v/t51.2885-19/221885184_511925873220162_5366010982174591983_n.jpg?stp=dst-jpg_s150x150_tt6&_nc_cat=109&ccb=7-5&_nc_sid=f7ccc5&efg=eyJ2ZW5jb2RlX3RhZyI6InByb2ZpbGVfcGljLnd3dy4xMDgwLkMzIn0%3D&_nc_ohc=vvtzDY_KksQQ7kNvwGC3AK0&_nc_oc=Adq1C793DQ0dt7dVqSTTBK-AkeU95JTah3GkZwjYA-wD_GPGdBLlADzGYE83GQqW_4Q&_nc_zt=24&_nc_ht=scontent-cdg4-2.cdninstagram.com&_nc_ss=7b6a8&oh=00_Af6wtZQ4A9xAQO-Z_gKgzFebVJ89E45On8udDsjeR6khvg&oe=69FE93CF,mikys800,https://www.instagram.com/mikys800,Marmellata albicocche ilprodottomisteriosopenny #accettoregolamento #holettoprivacipolicy,0,0,2026-04-29T13:41:14.000Z,18119315881576484,48443783596,2026-05-04T16:10:58.798Z,https://www.instagram.com/p/DXotHFAjcSM
https://scontent-cdg4-1.cdninstagram.com/v/t51.2885-19/490772830_1210063177152356_3584798815675240169_n.jpg?stp=dst-jpg_s150x150_tt6&_nc_cat=110&ccb=7-5&_nc_sid=f7ccc5&efg=eyJ2ZW5jb2RlX3RhZyI6InByb2ZpbGVfcGljLnd3dy4xMDgwLkMzIn0%3D&_nc_ohc=JTXdMsnGSRYQ7kNvwGDRLnr&_nc_oc=Adr-9vIX1YiTmR9hf19KM712pWnol2QfjoxO0RVontSs2Qxdq7n3ke3Xoz5R8ye3GyA&_nc_zt=24&_nc_ht=scontent-cdg4-1.cdninstagram.com&_nc_ss=7b6a8&oh=00_Af6j2m4dnQHbkOPbRnYD-Lp2UnvCIwTQv9FSTTDDSLV_ZQ&oe=69FE93FB,manu.emi66,https://www.instagram.com/manu.emi66,#ilprodittomusteriosiPENY #accettoilregolamento#holettoprivacypolicyConfettura di  albicocche senza zuccheri aggiunti,0,0,2026-04-28T18:34:16.000Z,17883616449550315,74023274052,2026-05-04T16:10:58.798Z,https://www.instagram.com/p/DXotHFAjcSM
https://scontent-cdg4-2.cdninstagram.com/v/t51.2885-19/198693078_4384507761628130_3281340383579626995_n.jpg?stp=dst-jpg_s150x150_tt6&_nc_cat=107&ccb=7-5&_nc_sid=f7ccc5&efg=eyJ2ZW5jb2RlX3RhZyI6InByb2ZpbGVfcGljLnd3dy4zMjAuQzMifQ%3D%3D&_nc_ohc=yLNnEOd2fa0Q7kNvwEh-N33&_nc_oc=Adqh06QOAPNlPSyqJCNpkCo4uClX6Aw6PqwAHjTSl1BrSNgfCuMrpy6Zm3rn2vCiv5M&_nc_zt=24&_nc_ht=scontent-cdg4-2.cdninstagram.com&_nc_ss=7b6a8&oh=00_Af7N40kOylpx8NSFMNAsANwyNzpBaxm0QCzSQ3JFLmpAzA&oe=69FEA02C,tester_la_mia_passione,https://www.instagram.com/tester_la_mia_passione,Confettura di albicocca🧡 #ilprodottomisteriosopenny#accettoregolamento#holettoprivacypolicy,0,0,2026-05-01T09:12:47.000Z,17968960851026620,47722677185,2026-05-04T16:10:58.798Z,https://www.instagram.com/p/DXotHFAjcSM
https://scontent-cdg6-1.cdninstagram.com/v/t51.2885-19/245915249_393939382357186_2987102081960752606_n.jpg?stp=dst-jpg_s150x150_tt6&_nc_cat=103&ccb=7-5&_nc_sid=f7ccc5&efg=eyJ2ZW5jb2RlX3RhZyI6InByb2ZpbGVfcGljLnd3dy43MTMuQzMifQ%3D%3D&_nc_ohc=RNCAnUQovLwQ7kNvwHv2Rv4&_nc_oc=AdrG8XBNStPwmIV0cCrQ1fBbJ0F65eSPtM9CvU_uaVXHKteSSAy-47Det9PAiEzAoeE&_nc_zt=24&_nc_ht=scontent-cdg6-1.cdninstagram.com&_nc_ss=7b6a8&oh=00_Af4guNgP-bbDMQb86nddC5KvwUzSQBpeC6x9voO8Oo_K6Q&oe=69FE8E70,tester_rex,https://www.instagram.com/tester_rex,Marmellata di albicocche #ilprodottomisteriosopenny  #accettoregolamento  #holettoregolamento,0,0,2026-04-29T20:18:13.000Z,18091283351521752,49971279963,2026-05-04T16:10:58.798Z,https://www.instagram.com/p/DXotHFAjcSM
https://scontent-cdg6-1.cdninstagram.com/v/t51.89012-19/573323465_1219825463302212_7278921664109726296_n.jpg?stp=dst-jpg_s150x150_tt6&_nc_cat=1&ccb=7-5&_nc_sid=f7ccc5&efg=eyJ2ZW5jb2RlX3RhZyI6InByb2ZpbGVfcGljLnd3dy5DMyJ9&_nc_ohc=Pf4Jx7fI-JMQ7kNvwEdnA1r&_nc_oc=AdrM5ak9ThOqfmCIPi6cg4Jm_5TeInAUOEZd_c63seXXEeGj0StKGP4VtTRRkluVdEU&_nc_zt=24&_nc_ht=scontent-cdg6-1.cdninstagram.com&_nc_gid=s_YU_MDbTQOQW57AOS7GtA&_nc_ss=7b6a8&oh=00_Af6hECvH8cTVFFgeaTd_dcYinn_YsRZPP4Q2zV_iTiSksw&oe=69FE87E2,fra.4005,https://www.instagram.com/fra.4005,#ilprodottomisteriosopenny e' la marmellata senza zuccheri,0,0,2026-04-28T09:48:34.000Z,18104446369902780,27208255593,2026-05-04T16:11:04.063Z,https://www.instagram.com/p/DXotHFAjcSM
https://scontent-cdg6-1.cdninstagram.com/v/t51.89012-19/573323465_1219825463302212_7278921664109726296_n.jpg?stp=dst-jpg_s150x150_tt6&_nc_cat=1&ccb=7-5&_nc_sid=f7ccc5&efg=eyJ2ZW5jb2RlX3RhZyI6InByb2ZpbGVfcGljLnd3dy5DMyJ9&_nc_ohc=Pf4Jx7fI-JMQ7kNvwEdnA1r&_nc_oc=AdrM5ak9ThOqfmCIPi6cg4Jm_5TeInAUOEZd_c63seXXEeGj0StKGP4VtTRRkluVdEU&_nc_zt=24&_nc_ht=scontent-cdg6-1.cdninstagram.com&_nc_gid=s_YU_MDbTQOQW57AOS7GtA&_nc_ss=7b6a8&oh=00_Af6hECvH8cTVFFgeaTd_dcYinn_YsRZPP4Q2zV_iTiSksw&oe=69FE87E2,serf.ramas63,https://www.instagram.com/serf.ramas63,Confettura extra di albicocche Amonatura #ilprodottomisteriosoPENNY #accettoregolamento #holettoprivacypolicy,0,0,2026-04-30T16:58:52.000Z,18087696083577476,75847239912,2026-05-04T16:11:04.063Z,https://www.instagram.com/p/DXotHFAjcSM
https://scontent-cdg4-2.cdninstagram.com/v/t51.2885-19/446268149_1474887276483289_7829703114584576522_n.jpg?stp=dst-jpg_s150x150_tt6&_nc_cat=101&ccb=7-5&_nc_sid=f7ccc5&efg=eyJ2ZW5jb2RlX3RhZyI6InByb2ZpbGVfcGljLnd3dy42MzQuQzMifQ%3D%3D&_nc_ohc=NT7f6yixyiMQ7kNvwFj7cbF&_nc_oc=AdrMJaKl2G44O2LX5WAwRuVJqUE0h9lzY2SLnKOF99AQkp8TDgKyBpjXdDidQxLezSI&_nc_zt=24&_nc_ht=scontent-cdg4-2.cdninstagram.com&_nc_ss=7b6a8&oh=00_Af74CADOWsLjEIcqVGvprpILLEqa9zrk67Qf5gjQ8qgqVQ&oe=69FE9823,elvydevito73,https://www.instagram.com/elvydevito73,#ilprodottomisteriosopenny#accettoregolamento#holettopryvacypolicy confettura di albicocche senza zuccheri aggiunti,0,0,2026-04-27T18:46:11.000Z,18092863877176522,52636277472,2026-05-04T16:11:04.063Z,https://www.instagram.com/p/DXotHFAjcSM
https://scontent-cdg4-1.cdninstagram.com/v/t51.82787-19/649222239_18064870586661475_6323203244291969431_n.jpg?stp=dst-jpg_s150x150_tt6&_nc_cat=110&ccb=7-5&_nc_sid=f7ccc5&efg=eyJ2ZW5jb2RlX3RhZyI6InByb2ZpbGVfcGljLnd3dy4xMDgwLkMzIn0%3D&_nc_ohc=v3St4dX1hIwQ7kNvwGPgnIu&_nc_oc=AdpQYxMb3TOxGklUoOdfF2C_ZOEQO47WQEEAVtSHH0T_fQH3PvebtwwzVR1RYjPL4_w&_nc_zt=24&_nc_ht=scontent-cdg4-1.cdninstagram.com&_nc_gid=s_YU_MDbTQOQW57AOS7GtA&_nc_ss=7b6a8&oh=00_Af4DwKZ2-bkMPAjJi78skQ0eWmAvpg7awJ4X8ovn8rOddA&oe=69FEA3B0,nonnapapera1955,https://www.instagram.com/nonnapapera1955,Confettura di albicocche senza zuccheri aggiunti #PRODOTTOMISTERIOSOPENNY #ACCETTOREGOLAMENTO #HOLETTOPRIVACYPOLICY,0,0,2026-04-29T18:05:04.000Z,17934776781248428,49756469474,2026-05-04T16:11:04.063Z,https://www.instagram.com/p/DXotHFAjcSM
https://scontent-cdg4-2.cdninstagram.com/v/t51.2885-19/472528776_1388460132520372_6809513016242705826_n.jpg?stp=dst-jpg_s150x150_tt6&_nc_cat=100&ccb=7-5&_nc_sid=f7ccc5&efg=eyJ2ZW5jb2RlX3RhZyI6InByb2ZpbGVfcGljLnd3dy4xMDgwLkMzIn0%3D&_nc_ohc=p6a2gzgz1bAQ7kNvwFZUhju&_nc_oc=AdqBzvE17PbWBHgm-IYwQE7yCniXi35-plumnouI1_mLHA38EzDm1uV0VHlqdYyjMvM&_nc_zt=24&_nc_ht=scontent-cdg4-2.cdninstagram.com&_nc_ss=7b6a8&oh=00_Af6K5pjN8owqxR-js5f01upIedVU0gFdXlCnHTQZcadqcw&oe=69FE8620,e3491394589,https://www.instagram.com/e3491394589,Carota,0,0,2026-04-29T20:53:38.000Z,18129093505573460,68313454074,2026-05-04T16:11:04.063Z,https://www.instagram.com/p/DXotHFAjcSM
https://scontent-cdg4-1.cdninstagram.com/v/t51.2885-19/23164950_831784693648423_2492351319797399552_n.jpg?_nc_cat=104&ccb=7-5&_nc_sid=f7ccc5&efg=eyJ2ZW5jb2RlX3RhZyI6InByb2ZpbGVfcGljLnd3dy4xNTAuQzMifQ%3D%3D&_nc_ohc=DBf-Dyr4Fy8Q7kNvwH8n7-D&_nc_oc=AdoS_yH8c3AIZymNkaDqxJfRIMBBvGe6auIvUAG65wdTmmcdVuDWHApskNB9-XANYME&_nc_zt=24&_nc_ht=scontent-cdg4-1.cdninstagram.com&_nc_ss=7b6a8&oh=00_Af7nvGi8Vx4KbVLAYFrKEkJvwpyGU8-e4Xsqweg6A1vJRQ&oe=69FE852C,tommyfrollo,https://www.instagram.com/tommyfrollo,Marmellata albicocche senza zucchero,0,0,2026-04-28T12:13:44.000Z,17862499146566099,3626988641,2026-05-04T16:11:04.063Z,https://www.instagram.com/p/DXotHFAjcSM
https://scontent-cdg6-1.cdninstagram.com/v/t51.89012-19/573323465_1219825463302212_7278921664109726296_n.jpg?stp=dst-jpg_s150x150_tt6&_nc_cat=1&ccb=7-5&_nc_sid=f7ccc5&efg=eyJ2ZW5jb2RlX3RhZyI6InByb2ZpbGVfcGljLnd3dy5DMyJ9&_nc_ohc=Pf4Jx7fI-JMQ7kNvwEdnA1r&_nc_oc=AdrM5ak9ThOqfmCIPi6cg4Jm_5TeInAUOEZd_c63seXXEeGj0StKGP4VtTRRkluVdEU&_nc_zt=24&_nc_ht=scontent-cdg6-1.cdninstagram.com&_nc_gid=s_YU_MDbTQOQW57AOS7GtA&_nc_ss=7b6a8&oh=00_Af6hECvH8cTVFFgeaTd_dcYinn_YsRZPP4Q2zV_iTiSksw&oe=69FE87E2,sonytibaldo,https://www.instagram.com/sonytibaldo,"Confettura di albicocche,no zuccheri aggiunti 🍑 #ilprodottomisteriosopenny #accettoregolamento #holettoprivacypolicy",0,0,2026-04-28T11:09:36.000Z,18148338079491419,53442412479,2026-05-04T16:11:04.063Z,https://www.instagram.com/p/DXotHFAjcSM
https://scontent-cdg6-1.cdninstagram.com/v/t51.82787-19/684151006_18120808507727481_1764929513742502385_n.jpg?stp=dst-jpg_s150x150_tt6&_nc_cat=105&ccb=7-5&_nc_sid=f7ccc5&efg=eyJ2ZW5jb2RlX3RhZyI6InByb2ZpbGVfcGljLnd3dy4xMDgwLkMzIn0%3D&_nc_ohc=VpRnY9iMuFgQ7kNvwE9ebmG&_nc_oc=Adq0wNo-4O6V0H5vYl8IPeaKnZqD2WOFZwqGMjNKEpmK4AEZU0Yu1XbwQ6LGckmvyxQ&_nc_zt=24&_nc_ht=scontent-cdg6-1.cdninstagram.com&_nc_gid=s_YU_MDbTQOQW57AOS7GtA&_nc_ss=7b6a8&oh=00_Af6VKn6lyPwGsPeEaW62c3XWHpKZ9GNsUtaX2-iaJtJfbQ&oe=69FE9439,graziella4520,https://www.instagram.com/graziella4520,Purea di zucca 🎃 #ilprodottomisteriosopenny #accettoilregolamento #holettoprivacypolicy,0,0,2026-04-28T11:53:13.000Z,18014300429842745,21693847480,2026-05-04T16:11:04.063Z,https://www.instagram.com/p/DXotHFAjcSM
https://scontent-cdg4-2.cdninstagram.com/v/t51.2885-19/296728521_435975578463483_3907231754341445316_n.jpg?stp=dst-jpg_s150x150_tt6&_nc_cat=109&ccb=7-5&_nc_sid=f7ccc5&efg=eyJ2ZW5jb2RlX3RhZyI6InByb2ZpbGVfcGljLnd3dy4xMDgwLkMzIn0%3D&_nc_ohc=s11fj7dzqZcQ7kNvwHoy-dL&_nc_oc=AdrItV_sGXP3z9PZx17xl3-_QXocex4w50gQUWfOY7coxj2fVn8H72yP-ZCe9eZmFGc&_nc_zt=24&_nc_ht=scontent-cdg4-2.cdninstagram.com&_nc_ss=7b6a8&oh=00_Af49d14EQ2xFMlgPDl-Nu3AZxHhCRLyQhVZpTaXsCAE5bQ&oe=69FE9454,marypaul.online,https://www.instagram.com/marypaul.online,Marmellata del frutto della passione #ilprodottomisteriosopenny #accettoregolamento #holettoprivacypolicy,0,0,2026-04-29T09:40:09.000Z,17879686416569193,6483255263,2026-05-04T16:11:04.063Z,https://www.instagram.com/p/DXotHFAjcSM
https://scontent-cdg6-1.cdninstagram.com/v/t51.82787-19/656041859_18577988503024466_521444067684977604_n.jpg?stp=dst-jpg_s150x150_tt6&_nc_cat=103&ccb=7-5&_nc_sid=f7ccc5&efg=eyJ2ZW5jb2RlX3RhZyI6InByb2ZpbGVfcGljLnd3dy4zMjAuQzMifQ%3D%3D&_nc_ohc=IOmcDm6WHFYQ7kNvwHvhT0l&_nc_oc=AdoZ9PkoXv-un31WlSkJX3Mi9FLI0M4pShhdoZ8Ym8yw7A1UuBAYK_Kpu4DOIx_7hsY&_nc_zt=24&_nc_ht=scontent-cdg6-1.cdninstagram.com&_nc_gid=s_YU_MDbTQOQW57AOS7GtA&_nc_ss=7b6a8&oh=00_Af4hx7vV_SNUgwuLuBPyV1JiYiQyj9_GIgw8Vtwq2qWi7g&oe=69FE7EDB,_smimmola_,https://www.instagram.com/_smimmola_,Marmellata di albicocca senza zuccheri aggiunti 😋🍑 #ilprodottomistreriosoPENNY #accettoregolamento #holettoprivacypolicy,0,0,2026-04-28T19:20:51.000Z,18152952649460895,1798936465,2026-05-04T16:11:04.063Z,https://www.instagram.com/p/DXotHFAjcSM
https://scontent-cdg4-1.cdninstagram.com/v/t51.82787-19/567104360_18291726964286610_954651024174418419_n.jpg?stp=dst-jpg_s150x150_tt6&_nc_cat=108&ccb=7-5&_nc_sid=f7ccc5&efg=eyJ2ZW5jb2RlX3RhZyI6InByb2ZpbGVfcGljLnd3dy4xMDgwLkMzIn0%3D&_nc_ohc=h610O5CjyFQQ7kNvwFUECeV&_nc_oc=AdoYVKtIbq_4aBwxbb2QXstu0W8SC5GuUgPNhXLHcdRjhJ1AZQ1Gc0_D-B14V9298Xw&_nc_zt=24&_nc_ht=scontent-cdg4-1.cdninstagram.com&_nc_gid=s_YU_MDbTQOQW57AOS7GtA&_nc_ss=7b6a8&oh=00_Af5erfDElfp-Ubja48cSci6mbKO4PyWALauWOZGbpnGKyA&oe=69FE8BFE,frolladimamma,https://www.instagram.com/frolladimamma,BURRO DI ARACHIDI 🥜 #ilprodottomisteriosopenny #accettoregolamento #holettoprivacypolicy,0,0,2026-04-28T13:33:23.000Z,18092094734269674,8629262609,2026-05-04T16:11:04.063Z,https://www.instagram.com/p/DXotHFAjcSM
https://scontent-cdg4-2.cdninstagram.com/v/t51.82787-19/521004212_18510841270011578_720734439460023876_n.jpg?stp=dst-jpg_s150x150_tt6&_nc_cat=100&ccb=7-5&_nc_sid=f7ccc5&efg=eyJ2ZW5jb2RlX3RhZyI6InByb2ZpbGVfcGljLnd3dy4xMDgwLkMzIn0%3D&_nc_ohc=fCmc2oVOYa4Q7kNvwHvN6uC&_nc_oc=AdqpPYsu22raOaeeoIc8bKFWZHGTneCFyIKOXh0mJ_9RroPouznJ5-rvcQUXuCsHOHg&_nc_zt=24&_nc_ht=scontent-cdg4-2.cdninstagram.com&_nc_gid=s_YU_MDbTQOQW57AOS7GtA&_nc_ss=7b6a8&oh=00_Af4uYk82kI5Qft5qTaXpuYHVRq2WZTYStaSLSEU0Fngw8w&oe=69FEA421,greakor89,https://www.instagram.com/greakor89,"Confettura di albicocca 🎉🎉🎉✌️#ilprodottomisteriosoPENNY
#accettoregolamento
#holettoprivacypolicy",0,0,2026-04-29T10:02:41.000Z,18093134492181092,996939577,2026-05-04T16:11:04.063Z,https://www.instagram.com/p/DXotHFAjcSM
https://scontent-cdg4-2.cdninstagram.com/v/t51.2885-19/298713200_191713346534470_4143433738232886676_n.jpg?stp=dst-jpg_s150x150_tt6&_nc_cat=100&ccb=7-5&_nc_sid=f7ccc5&efg=eyJ2ZW5jb2RlX3RhZyI6InByb2ZpbGVfcGljLnd3dy41MDguQzMifQ%3D%3D&_nc_ohc=9Ci5WXjlCKEQ7kNvwE1_rEx&_nc_oc=AdpokRCuN1ITrvVuyRQbOy7P93wEYnotw2wGlIkbkNpcH1UdEErTO9euwUsoe-6MsjY&_nc_zt=24&_nc_ht=scontent-cdg4-2.cdninstagram.com&_nc_ss=7b6a8&oh=00_Af6jZXN2lHRCfw5nE9-a9bFp3GHrrPrxcyqKh5mFPO_AOg&oe=69FEA057,monicaboglietti,https://www.instagram.com/monicaboglietti,Marmellata di arance wellness senza zuccheri aggiunti #ilprodottomisteriosooenn,0,0,2026-05-02T12:40:05.000Z,18218138107321828,5646429948,2026-05-04T16:11:04.063Z,https://www.instagram.com/p/DXotHFAjcSM
https://scontent-cdg4-2.cdninstagram.com/v/t51.2885-19/101454720_2639248652991202_5227180352639860736_n.jpg?stp=dst-jpg_s150x150_tt6&_nc_cat=109&ccb=7-5&_nc_sid=f7ccc5&efg=eyJ2ZW5jb2RlX3RhZyI6InByb2ZpbGVfcGljLnd3dy4xMDgwLkMzIn0%3D&_nc_ohc=KlxjO65D3BoQ7kNvwGTpGnd&_nc_oc=AdrsHmpEqXIBCLxF0WQpba9FY6XmCIDGs_3lfEQ58xaVGYF1Ku4powvBZek-xyOOoeg&_nc_zt=24&_nc_ht=scontent-cdg4-2.cdninstagram.com&_nc_ss=7b6a8&oh=00_Af7SOw4IW4ItoxH2-jZa0j-35Iy2MwhQnol2eMCUn5xkuA&oe=69FE899B,vanessa14574,https://www.instagram.com/vanessa14574,#ilprodottomisteriosopenny #accettoilregolamento #holettolaprivacypolicy  Vellutata di lenticchie decorticate .,0,0,2026-04-27T15:50:59.000Z,18034206266608844,9252689533,2026-05-04T16:11:04.063Z,https://www.instagram.com/p/DXotHFAjcSM
https://scontent-cdg4-2.cdninstagram.com/v/t51.2885-19/448625890_839594298026838_1244895300318944495_n.jpg?stp=dst-jpg_s150x150_tt6&_nc_cat=101&ccb=7-5&_nc_sid=f7ccc5&efg=eyJ2ZW5jb2RlX3RhZyI6InByb2ZpbGVfcGljLnd3dy45OTAuQzMifQ%3D%3D&_nc_ohc=ECJBa-WE4mUQ7kNvwFkhP05&_nc_oc=AdqAKjoJCdYc4qvsVhkzzYL8FhKlUHbr40IC7JHOfGRijHXamCFUqoQ2_V06HJ9hUxk&_nc_zt=24&_nc_ht=scontent-cdg4-2.cdninstagram.com&_nc_ss=7b6a8&oh=00_Af5UY03-1f5mslWZEI6B1oh0l9zWbbJgnkdq6qE58-ouFQ&oe=69FE8B12,mammapaola.70,https://www.instagram.com/mammapaola.70,Integratori#ilprodottomisteriosopenny#accettoregolamento#holettoprvacypolicy,0,0,2026-04-30T08:38:12.000Z,17877540852579909,4712870497,2026-05-04T16:11:04.063Z,https://www.instagram.com/p/DXotHFAjcSM
https://scontent-cdg6-1.cdninstagram.com/v/t51.2885-19/381199729_829543891994089_4320544601795877815_n.jpg?stp=dst-jpg_s150x150_tt6&_nc_cat=105&ccb=7-5&_nc_sid=f7ccc5&efg=eyJ2ZW5jb2RlX3RhZyI6InByb2ZpbGVfcGljLnd3dy4xMDgwLkMzIn0%3D&_nc_ohc=Tj5mnZKfSyYQ7kNvwHecXG8&_nc_oc=AdpxAgqjrVoXET4Cdt3sBy0oIZ1k4XdXzT6SGVfq0toVNLCO05nE2KKCkkdkM-b0eaE&_nc_zt=24&_nc_ht=scontent-cdg6-1.cdninstagram.com&_nc_ss=7b6a8&oh=00_Af6I8-qD2AepMS5PJEaO_X_ql3Moddjrgg7XBbR1SqiBHw&oe=69FE9418,pietro_thereal,https://www.instagram.com/pietro_thereal,Confettura di albicocche senza zuccheri aggiunti  #prodottomisteriosoPENNY #accettoregolamento #holettoprivacipolicy,0,0,2026-04-27T21:44:09.000Z,18590846719062401,1066640321,2026-05-04T16:11:10.016Z,https://www.instagram.com/p/DXotHFAjcSM
https://scontent-cdg4-1.cdninstagram.com/v/t51.2885-19/262688187_476908333774801_3074489980915042175_n.jpg?stp=dst-jpg_s150x150_tt6&_nc_cat=104&ccb=7-5&_nc_sid=f7ccc5&efg=eyJ2ZW5jb2RlX3RhZyI6InByb2ZpbGVfcGljLnd3dy41MDAuQzMifQ%3D%3D&_nc_ohc=JO1PtFHo0xYQ7kNvwHc7_Gc&_nc_oc=AdrX_ZOLuo8NqVor5A21Mq9X42V6WAGYmGfrSYmjacukvYUmOOe2-TYbfkhGDnpThF4&_nc_zt=24&_nc_ht=scontent-cdg4-1.cdninstagram.com&_nc_ss=7b6a8&oh=00_Af5vtU9EaGBAjbCklY6RjfmrXTioYwdCrHJXrym4xxYRaA&oe=69FEB2DF,odioilmondo00,https://www.instagram.com/odioilmondo00,Hummus di carote 🥕 #prodottomisteriosopenny #accettoregolamento #holettpprivacypolicy,0,0,2026-04-29T13:36:05.000Z,18317909902284009,243683288,2026-05-04T16:11:10.016Z,https://www.instagram.com/p/DXotHFAjcSM
https://scontent-cdg6-1.cdninstagram.com/v/t51.89012-19/573323465_1219825463302212_7278921664109726296_n.jpg?stp=dst-jpg_s150x150_tt6&_nc_cat=1&ccb=7-5&_nc_sid=f7ccc5&efg=eyJ2ZW5jb2RlX3RhZyI6InByb2ZpbGVfcGljLnd3dy5DMyJ9&_nc_ohc=Pf4Jx7fI-JMQ7kNvwEdnA1r&_nc_oc=AdrM5ak9ThOqfmCIPi6cg4Jm_5TeInAUOEZd_c63seXXEeGj0StKGP4VtTRRkluVdEU&_nc_zt=24&_nc_ht=scontent-cdg6-1.cdninstagram.com&_nc_gid=V_xPdVZvW9sLcIz8y97v_g&_nc_ss=7b6a8&oh=00_Af4VuTTTI7XQI93yrn2mP_eJ1a_7jNZFkSuLQhQ4M4MgxQ&oe=69FE87E2,zanella9358,https://www.instagram.com/zanella9358,Marmellata di arance senza zucchero,0,0,2026-04-29T18:29:48.000Z,18000446753753064,75076017727,2026-05-04T16:11:10.016Z,https://www.instagram.com/p/DXotHFAjcSM
https://scontent-cdg6-1.cdninstagram.com/v/t51.89012-19/573323465_1219825463302212_7278921664109726296_n.jpg?stp=dst-jpg_s150x150_tt6&_nc_cat=1&ccb=7-5&_nc_sid=f7ccc5&efg=eyJ2ZW5jb2RlX3RhZyI6InByb2ZpbGVfcGljLnd3dy5DMyJ9&_nc_ohc=Pf4Jx7fI-JMQ7kNvwEdnA1r&_nc_oc=AdrM5ak9ThOqfmCIPi6cg4Jm_5TeInAUOEZd_c63seXXEeGj0StKGP4VtTRRkluVdEU&_nc_zt=24&_nc_ht=scontent-cdg6-1.cdninstagram.com&_nc_gid=V_xPdVZvW9sLcIz8y97v_g&_nc_ss=7b6a8&oh=00_Af4VuTTTI7XQI93yrn2mP_eJ1a_7jNZFkSuLQhQ4M4MgxQ&oe=69FE87E2,signoriluciano63,https://www.instagram.com/signoriluciano63,Miele #ilprodottomisteriosopenny #accettoregolamento #holettoprivacypolicy,0,0,2026-04-28T16:07:28.000Z,18083202551079896,71981052105,2026-05-04T16:11:10.016Z,https://www.instagram.com/p/DXotHFAjcSM
https://scontent-cdg4-1.cdninstagram.com/v/t51.2885-19/448290467_337085595941243_2661099178711667186_n.jpg?stp=dst-jpg_s150x150_tt6&_nc_cat=108&ccb=7-5&_nc_sid=f7ccc5&efg=eyJ2ZW5jb2RlX3RhZyI6InByb2ZpbGVfcGljLnd3dy4xMDgwLkMzIn0%3D&_nc_ohc=FrHEJrfdq3wQ7kNvwF0xdI4&_nc_oc=AdrxsJwObUpI2hyruDQcy7o2RZDsRLGDNiT_lXZitye93Bt1wjqedpzVEFjmemB2zYI&_nc_zt=24&_nc_ht=scontent-cdg4-1.cdninstagram.com&_nc_ss=7b6a8&oh=00_Af47eWrM_XUbPBn-kAxqGd8ZSWQS_ZzNpASE4c7DPvtHEg&oe=69FE7BCB,zorbina,https://www.instagram.com/zorbina,Confettura zero zucchero albicocca #accettoilregolamento #holettoprivacypilicy #ilprodottomisteriosopenny,0,0,2026-04-27T18:01:07.000Z,18580046191030979,42005813,2026-05-04T16:11:10.016Z,https://www.instagram.com/p/DXotHFAjcSM
https://scontent-cdg6-1.cdninstagram.com/v/t51.82787-19/612417680_18030678467773113_3786812754204677569_n.jpg?stp=dst-jpg_s150x150_tt6&_nc_cat=105&ccb=7-5&_nc_sid=f7ccc5&efg=eyJ2ZW5jb2RlX3RhZyI6InByb2ZpbGVfcGljLnd3dy4xMDgwLkMzIn0%3D&_nc_ohc=Py0wv-0syTwQ7kNvwGAbyq-&_nc_oc=AdoQzFIlJ3n1lqzn66xZCa5SDOEdCx_jwYzu6D0AhI-N2ZxYccyMIxCAyh_xzWMcq9M&_nc_zt=24&_nc_ht=scontent-cdg6-1.cdninstagram.com&_nc_gid=V_xPdVZvW9sLcIz8y97v_g&_nc_ss=7b6a8&oh=00_Af77fUjyZs69eTgFKO4hpBobDJWPjQOlEH_I8TXy-jolSw&oe=69FE8735,lentini_isabella,https://www.instagram.com/lentini_isabella,Burro di arachidi,0,0,2026-04-30T20:56:02.000Z,18439825084190572,53202221112,2026-05-04T16:11:10.016Z,https://www.instagram.com/p/DXotHFAjcSM
https://scontent-cdg4-2.cdninstagram.com/v/t51.2885-19/447278138_360879407011740_288428966296035181_n.jpg?stp=dst-jpg_s150x150_tt6&_nc_cat=101&ccb=7-5&_nc_sid=f7ccc5&efg=eyJ2ZW5jb2RlX3RhZyI6InByb2ZpbGVfcGljLnd3dy45NDkuQzMifQ%3D%3D&_nc_ohc=cvodl4p2QSsQ7kNvwFRA7yT&_nc_oc=Adp-R4pWiS7KfNwYRGSVPj3RrNPIvhbLm9CMr6g_OkONAqT6VYkk6hLtLBHuvgXwCh4&_nc_zt=24&_nc_ht=scontent-cdg4-2.cdninstagram.com&_nc_ss=7b6a8&oh=00_Af4OYBWDpuohRK4HcLOWhlnby6T_cRJzesELATik6iZt0Q&oe=69FE87FF,domenico1835,https://www.instagram.com/domenico1835,"confettura di albicocche, humus di zucca/carote o pesto rosso  #prodottomisteriosoPENNY  #accettoregolamento  #holettoprivacypolicy",0,0,2026-04-28T18:46:48.000Z,18092382656222802,11539782091,2026-05-04T16:11:10.016Z,https://www.instagram.com/p/DXotHFAjcSM
https://scontent-cdg4-1.cdninstagram.com/v/t51.82787-19/604202323_18304633399269413_873105664795444770_n.jpg?stp=dst-jpg_s150x150_tt6&_nc_cat=110&ccb=7-5&_nc_sid=f7ccc5&efg=eyJ2ZW5jb2RlX3RhZyI6InByb2ZpbGVfcGljLnd3dy4xMDgwLkMzIn0%3D&_nc_ohc=UFn1L0_sH4kQ7kNvwESo3SZ&_nc_oc=AdqqzDYGK8-Gd3VQ7invgpZnws86t5sgrSIGNQ6A2nv9VhexPxJYsfoUDwFa-_2ueN8&_nc_zt=24&_nc_ht=scontent-cdg4-1.cdninstagram.com&_nc_gid=V_xPdVZvW9sLcIz8y97v_g&_nc_ss=7b6a8&oh=00_Af5UXHLTF21hzeZft5jFpD2jAAwqKWc3_y7TtjvkveXHVA&oe=69FE882E,axu88,https://www.instagram.com/axu88,Crema spalmabile di lenticchie rosse #ilprodottomiateriosopenny #accettoilregolamento #holettoprivacypolicy,0,0,2026-04-27T16:24:26.000Z,18138566425462562,7950725412,2026-05-04T16:11:10.016Z,https://www.instagram.com/p/DXotHFAjcSM
https://scontent-cdg6-1.cdninstagram.com/v/t51.2885-19/316447572_211301464656302_5933383330420193757_n.jpg?stp=dst-jpg_s150x150_tt6&_nc_cat=106&ccb=7-5&_nc_sid=f7ccc5&efg=eyJ2ZW5jb2RlX3RhZyI6InByb2ZpbGVfcGljLnd3dy44NTkuQzMifQ%3D%3D&_nc_ohc=pjyTQZ7g8_IQ7kNvwHrdJlj&_nc_oc=AdoE8QCLEcNCWIcEfkl_OqNOV5sdp_FrkWjVyGLozsFmilkmCuMpIqnn-tXRhKMgYnU&_nc_zt=24&_nc_ht=scontent-cdg6-1.cdninstagram.com&_nc_ss=7b6a8&oh=00_Af5WgloJV4g49XTqnTk8hADFCufiZnwig-FAyIMvtI783w&oe=69FE910C,cati0666,https://www.instagram.com/cati0666,Confettura di albicocca linea Wellness #ilprodottomisteriosoPENNY #accettoregolamento #holettoprivacypolicy,0,0,2026-04-28T11:44:28.000Z,18015180815685209,5513899774,2026-05-04T16:11:10.016Z,https://www.instagram.com/p/DXotHFAjcSM
https://scontent-cdg6-1.cdninstagram.com/v/t51.2885-19/26871523_213513409210195_6081235226514685952_n.jpg?stp=dst-jpg_s150x150_tt6&_nc_cat=105&ccb=7-5&_nc_sid=f7ccc5&efg=eyJ2ZW5jb2RlX3RhZyI6InByb2ZpbGVfcGljLnd3dy4xMDgwLkMzIn0%3D&_nc_ohc=oXjQ5qV0bDoQ7kNvwHCp666&_nc_oc=Adr4JA0WgzFHrIK4ZsX4Oj-Xh5-z8qDXQyiZbSv0RTc2jZII2yPq8AQpPcME62wN7Uc&_nc_zt=24&_nc_ht=scontent-cdg6-1.cdninstagram.com&_nc_ss=7b6a8&oh=00_Af5HqQlPufugKY1HCE_7xBttTB9EPtUwaobcTb-jqzQAow&oe=69FE98D7,jokervale17,https://www.instagram.com/jokervale17,Confettura di pesca #ilprodottomisteriosopenny #accettoregolamento #holettoprivacypolicy,0,0,2026-04-27T20:13:26.000Z,18158671705450023,7038079677,2026-05-04T16:11:10.016Z,https://www.instagram.com/p/DXotHFAjcSM
https://scontent-cdg4-1.cdninstagram.com/v/t51.2885-19/29094370_572690923093080_1851820882482167808_n.jpg?stp=dst-jpg_s150x150_tt6&_nc_cat=104&ccb=7-5&_nc_sid=f7ccc5&efg=eyJ2ZW5jb2RlX3RhZyI6InByb2ZpbGVfcGljLnd3dy42NzIuQzMifQ%3D%3D&_nc_ohc=czakSM20aXkQ7kNvwH1Zyzf&_nc_oc=Ados2KYC6dP1XfqncbYBPe7ehXWMa5e--AW2T8yUBkG2ScwhMJo5IIiBaqYpOPswcWA&_nc_zt=24&_nc_ht=scontent-cdg4-1.cdninstagram.com&_nc_ss=7b6a8&oh=00_Af7QYUa4sZAgdxFbNVi_ww-2l1RLFsMmuFr-tcYLJ3NOyw&oe=69FE8534,matilde_civitiello,https://www.instagram.com/matilde_civitiello,"Pesche
#prodottomisteriosopenny
#accettoregolamento
#holettoprivacypolicy",0,0,2026-04-28T11:13:28.000Z,18005384522884086,7361084534,2026-05-04T16:11:10.016Z,https://www.instagram.com/p/DXotHFAjcSM
https://scontent-cdg4-1.cdninstagram.com/v/t51.2885-19/294207351_1021705038519061_266142473526982348_n.jpg?stp=dst-jpg_s150x150_tt6&_nc_cat=104&ccb=7-5&_nc_sid=f7ccc5&efg=eyJ2ZW5jb2RlX3RhZyI6InByb2ZpbGVfcGljLnd3dy4xMDgwLkMzIn0%3D&_nc_ohc=4Q7roJ5yYZcQ7kNvwGyq-am&_nc_oc=Adrk8oGMp9o8e5butDJMFva_RJP2FcatQZtTx1uzmz2XtOo6bxcAtHAooisNYoNb-wk&_nc_zt=24&_nc_ht=scontent-cdg4-1.cdninstagram.com&_nc_ss=7b6a8&oh=00_Af7CEDbfgslNSr0RFrFssQ-2wlr1to0OroswbnrBKPsA-Q&oe=69FEA160,lipgloos,https://www.instagram.com/lipgloos,Hummu di zucca #prosoffomisteriosopenny #accettoregolamento #holettoprivacypolicy,0,0,2026-04-29T13:47:32.000Z,17858703477690304,245209803,2026-05-04T16:11:10.016Z,https://www.instagram.com/p/DXotHFAjcSM
https://scontent-cdg4-3.cdninstagram.com/v/t51.2885-19/456445832_968709145028331_2301787554983865404_n.jpg?stp=dst-jpg_s150x150_tt6&_nc_cat=111&ccb=7-5&_nc_sid=f7ccc5&efg=eyJ2ZW5jb2RlX3RhZyI6InByb2ZpbGVfcGljLnd3dy44MTYuQzMifQ%3D%3D&_nc_ohc=oMrKNIT2bxQQ7kNvwGBUxbx&_nc_oc=AdrHxNb3YNy5KiiM49rrBZhwD9ClnMpnvI6hOZg0kMSmeMhY_ffBcOVqlfEZkcmKmso&_nc_zt=24&_nc_ht=scontent-cdg4-3.cdninstagram.com&_nc_ss=7b6a8&oh=00_Af7ckt5cWZ9hYa-TsOWx1acCKLqhNbrYBXg-ep4rGnTwjA&oe=69FEA015,cos_tina16,https://www.instagram.com/cos_tina16,Confettura di albicocche senza zuccheri aggiunti,0,0,2026-04-30T07:38:04.000Z,18093000796913382,8125446079,2026-05-04T16:11:10.016Z,https://www.instagram.com/p/DXotHFAjcSM
https://scontent-cdg6-1.cdninstagram.com/v/t51.82787-19/625906702_18360988117162118_562050279249680436_n.jpg?stp=dst-jpg_s150x150_tt6&_nc_cat=106&ccb=7-5&_nc_sid=f7ccc5&efg=eyJ2ZW5jb2RlX3RhZyI6InByb2ZpbGVfcGljLnd3dy4xMDgwLkMzIn0%3D&_nc_ohc=GDmcR-U0YSgQ7kNvwG8fvTu&_nc_oc=AdpnWJyc4T7C-Okel5PxlfXWN0XXaQl_TEzc-aMN0zQat7870b1etLKo9yvtuaCuTfs&_nc_zt=24&_nc_ht=scontent-cdg6-1.cdninstagram.com&_nc_gid=V_xPdVZvW9sLcIz8y97v_g&_nc_ss=7b6a8&oh=00_Af5rzxHR0QUWexCPWd_vBFNdmqLdiElv04KCZjgkEYVNvQ&oe=69FE7E15,gia.c189,https://www.instagram.com/gia.c189,Confettura di albicocche senza zuccheri #ilprodottomisteriosoPENNY #accettoregolamento #holettopricacypolicy,0,0,2026-04-28T11:06:29.000Z,18100951619284738,4900498117,2026-05-04T16:11:10.016Z,https://www.instagram.com/p/DXotHFAjcSM
https://scontent-cdg4-2.cdninstagram.com/v/t51.2885-19/326394433_128096319921865_409438823048739566_n.jpg?_nc_cat=101&ccb=7-5&_nc_sid=f7ccc5&efg=eyJ2ZW5jb2RlX3RhZyI6InByb2ZpbGVfcGljLnd3dy4xNTAuQzMifQ%3D%3D&_nc_ohc=rEAt1BIgyekQ7kNvwHJsoQb&_nc_oc=AdrvLbOjnOqU52pMmiYA--JP_EXML5-basbPQv7gNAsGwdz_U7AaD883vg652vvtqY4&_nc_zt=24&_nc_ht=scontent-cdg4-2.cdninstagram.com&_nc_ss=7b6a8&oh=00_Af5VvX2aIDfk190EwYeEvvBczunLQSYfK2eYNn5NUEdB3A&oe=69FE9578,vdani.00,https://www.instagram.com/vdani.00,#ilprodottomisterosoPENNY #accettoregolamento #holettoprivacypolicy confettura di albicocche senza zuccheri aggiunti,0,0,2026-04-27T17:15:13.000Z,18093416452897307,3213811635,2026-05-04T16:11:10.016Z,https://www.instagram.com/p/DXotHFAjcSM
https://scontent-cdg4-2.cdninstagram.com/v/t51.2885-19/16110861_1333223396741478_7246488368207364096_a.jpg?stp=dst-jpg_s150x150_tt6&_nc_cat=101&ccb=7-5&_nc_sid=f7ccc5&efg=eyJ2ZW5jb2RlX3RhZyI6InByb2ZpbGVfcGljLnd3dy4xMDgwLkMzIn0%3D&_nc_ohc=eus2-lm-ITwQ7kNvwGXieRF&_nc_oc=Adqt6-xao6A6VRxWIo9JMD3pZw7pxg0Bz8HWYxKMHyJxSVAO9TSNb-zbPZGzauF0aPU&_nc_zt=24&_nc_ht=scontent-cdg4-2.cdninstagram.com&_nc_ss=7b6a8&oh=00_Af4vBHJ7F3FXnX0TJrh7CNU14WlZ_rcwE2Py2WHABCh0cQ&oe=69FEAC5A,carlotta_newmoon,https://www.instagram.com/carlotta_newmoon,"Confettura di albicocche senza zuccheri aggiunti #ilprodottomisteriosopenny
#accettoregolamento #holettoprivacypolicy 🔥",0,0,2026-04-28T15:29:59.000Z,18102056245961247,860735483,2026-05-04T16:11:15.867Z,https://www.instagram.com/p/DXotHFAjcSM
https://scontent-cdg4-1.cdninstagram.com/v/t51.2885-19/186334608_300559461786678_8213720179983046760_n.jpg?stp=dst-jpg_s150x150_tt6&_nc_cat=102&ccb=7-5&_nc_sid=f7ccc5&efg=eyJ2ZW5jb2RlX3RhZyI6InByb2ZpbGVfcGljLnd3dy4xMDgwLkMzIn0%3D&_nc_ohc=N72uKgTtxmYQ7kNvwFNcY01&_nc_oc=Adq_V5nJuVfxARDEmOaRQYIK9V8GIvse29YGr_KpFI4WOe2deqvkzWjY2SMqsHYeJZ8&_nc_zt=24&_nc_ht=scontent-cdg4-1.cdninstagram.com&_nc_ss=7b6a8&oh=00_Af52jd6EaTfmYUYWv9uYoxb1mLeWQ2ORTDXUlZRWjE-7Vw&oe=69FE956D,_magicglamour_,https://www.instagram.com/_magicglamour_,Confettura di albicocche senza zuccheri aggiunti #ilprodottomisteriosopenny #accettoregolamento #holettoprivacypolicy 🙌,0,0,2026-04-28T15:28:47.000Z,18125725450719481,4166390339,2026-05-04T16:11:15.868Z,https://www.instagram.com/p/DXotHFAjcSM
https://scontent-cdg4-1.cdninstagram.com/v/t51.2885-19/1662735_543062175863294_214612451_a.jpg?stp=dst-jpg_s150x150_tt6&_nc_cat=102&ccb=7-5&_nc_sid=f7ccc5&efg=eyJ2ZW5jb2RlX3RhZyI6InByb2ZpbGVfcGljLnd3dy4xMDgwLkMzIn0%3D&_nc_ohc=-QtIOFPyZm0Q7kNvwEVy6l4&_nc_oc=AdoCU1fNBd4m5iEr8sM5Acu_tGmsINEvLRZPhLWAaugWHH54iP7y-La2o3Xwm8vVGbM&_nc_zt=24&_nc_ht=scontent-cdg4-1.cdninstagram.com&_nc_ss=7b6a8&oh=00_Af6SOO8mYfbaBY4IJZh3QQ21Jlf8iczHd8C7t-VgBdhkKg&oe=69FEB027,carla_pisati,https://www.instagram.com/carla_pisati,Confettura Albicocca #ilprodottomisteriosopenny #accettoregolamento #holettoprivacypolicy,0,0,2026-04-27T15:58:46.000Z,18087068942365379,1180995731,2026-05-04T16:11:15.868Z,https://www.instagram.com/p/DXotHFAjcSM
https://scontent-cdg4-1.cdninstagram.com/v/t51.82787-19/583088622_18096331558842577_3744345245687197964_n.jpg?stp=dst-jpg_s150x150_tt6&_nc_cat=104&ccb=7-5&_nc_sid=f7ccc5&efg=eyJ2ZW5jb2RlX3RhZyI6InByb2ZpbGVfcGljLnd3dy42MzcuQzMifQ%3D%3D&_nc_ohc=tpnPRgIZtQkQ7kNvwEdVZZD&_nc_oc=AdpZ9EA-Df9gY6YDpcCXW3zg4yoYdtoKeBp1aL5vbN5tOLMajhKEbiHcXppDEetEy18&_nc_zt=24&_nc_ht=scontent-cdg4-1.cdninstagram.com&_nc_gid=jAtu3BfFdGdJ0Ud4pGq83A&_nc_ss=7b6a8&oh=00_Af7Ctqi391yxLWQBiSxgRRs5FJcITyBSJf1fEn8wFv0PFw&oe=69FEA1C7,adeleemoltoaltro,https://www.instagram.com/adeleemoltoaltro,Confettura di albicocche senza zuccheri aggiunti 😋 #prodottomisteriosoPENNY #accettoregolamento #holettoprivacypolicy,0,0,2026-05-03T21:23:53.000Z,18086890055358614,25289178576,2026-05-04T16:11:15.868Z,https://www.instagram.com/p/DXotHFAjcSM
https://scontent-cdg4-2.cdninstagram.com/v/t51.2885-19/450786903_1903044126810439_421581278319807160_n.jpg?stp=dst-jpg_s150x150_tt6&_nc_cat=101&ccb=7-5&_nc_sid=f7ccc5&efg=eyJ2ZW5jb2RlX3RhZyI6InByb2ZpbGVfcGljLnd3dy43MjAuQzMifQ%3D%3D&_nc_ohc=989j9eZezrYQ7kNvwGCsaW_&_nc_oc=Adp4fUugZCyuzpE1EurajbL7ZiVcvrt9o3jBPNnZe6VPazl4x8zRlP2L8eMCadIovcU&_nc_zt=24&_nc_ht=scontent-cdg4-2.cdninstagram.com&_nc_ss=7b6a8&oh=00_Af74Reh8LEkr0-HNMdVhYbnGuGY3JtYVyWeu5xc1V-j4-A&oe=69FEA83E,freeheel3,https://www.instagram.com/freeheel3,Confettura di albicocche senza zuccheri aggiunti 🍯🍑🧡 #ilprodottomisteriosopenny #accettoregolamento #holettoprivacypolicy,0,0,2026-04-28T17:31:12.000Z,18407349679183383,67550159805,2026-05-04T16:11:15.868Z,https://www.instagram.com/p/DXotHFAjcSM
https://scontent-cdg4-1.cdninstagram.com/v/t51.2885-19/91870648_547829622517348_3508470088732770304_n.jpg?stp=dst-jpg_s150x150_tt6&_nc_cat=104&ccb=7-5&_nc_sid=f7ccc5&efg=eyJ2ZW5jb2RlX3RhZyI6InByb2ZpbGVfcGljLnd3dy45NjIuQzMifQ%3D%3D&_nc_ohc=zdETzWlTL6cQ7kNvwHOuP8f&_nc_oc=AdqjN-YSaR7PdVa4cyCIQjy7RoZh4MSOP_xWcyu9sVRZAVu4RYgSDF65yV0v5btzRxg&_nc_zt=24&_nc_ht=scontent-cdg4-1.cdninstagram.com&_nc_ss=7b6a8&oh=00_Af76M0Pxs_W7kmbA2A06Xif_9C8eXTKb3ETp0pxWAqtoHQ&oe=69FE7E87,manilation,https://www.instagram.com/manilation,Confettura di albicocche senza zuccheri aggiunti 🥭😋 #ilprodottomisteriosopenny  #accettoregolamento  #holettoprivacypolicy,0,0,2026-04-29T07:38:49.000Z,18002802620865882,32762084642,2026-05-04T16:11:15.868Z,https://www.instagram.com/p/DXotHFAjcSM
https://scontent-cdg4-2.cdninstagram.com/v/t51.82787-19/671801992_18416562649134031_1160029384761321894_n.jpg?stp=dst-jpg_s150x150_tt6&_nc_cat=100&ccb=7-5&_nc_sid=f7ccc5&efg=eyJ2ZW5jb2RlX3RhZyI6InByb2ZpbGVfcGljLnd3dy4xMDgwLkMzIn0%3D&_nc_ohc=vAox6THD2EMQ7kNvwFi1Z32&_nc_oc=Adr3zvVj_SAvGvgEvWH5Wwsugg3e8GNwyM6Ab3NDCaveq67iTcVakMAWnJqlCPrSc_Q&_nc_zt=24&_nc_ht=scontent-cdg4-2.cdninstagram.com&_nc_gid=jAtu3BfFdGdJ0Ud4pGq83A&_nc_ss=7b6a8&oh=00_Af6zVxYw3Hqv1nCGosRkaXRIS6n_KtDsZL9SV6yR2_74BA&oe=69FE8321,nicla26mazzonj,https://www.instagram.com/nicla26mazzonj,#ilprodottomisteriosopenny#accettoregolamento#holettoprivacypolicy  Benedetta userà la marmellata di albicocche senza zucchero per la torta,0,0,2026-04-30T17:52:20.000Z,17913257646183820,3900886030,2026-05-04T16:11:15.868Z,https://www.instagram.com/p/DXotHFAjcSM
https://scontent-cdg6-1.cdninstagram.com/v/t51.82787-19/649259022_18538980349070965_7350980332126606629_n.jpg?stp=dst-jpg_s150x150_tt6&_nc_cat=106&ccb=7-5&_nc_sid=f7ccc5&efg=eyJ2ZW5jb2RlX3RhZyI6InByb2ZpbGVfcGljLnd3dy4xMDgwLkMzIn0%3D&_nc_ohc=VbcOiLzuxqEQ7kNvwEYnrHd&_nc_oc=Ado599GsbCDAxOduEKiASc-FNlCWQ4A2ZmDX8s3hQ3K82ztilzu9WDIQwdmmB6fxl0M&_nc_zt=24&_nc_ht=scontent-cdg6-1.cdninstagram.com&_nc_gid=jAtu3BfFdGdJ0Ud4pGq83A&_nc_ss=7b6a8&oh=00_Af4Wp03GOs0HUQTtJnMAnNtrf2eVs8L0GtPpf1mQrfpr_A&oe=69FE8773,laele.88,https://www.instagram.com/laele.88,Confettura di albicocca  #ilprodottomisteriosoPenny #accettoregolamento #holettoprivacypolicy,0,0,2026-04-27T16:33:23.000Z,18210530728331380,1981886964,2026-05-04T16:11:15.868Z,https://www.instagram.com/p/DXotHFAjcSM
https://scontent-cdg4-3.cdninstagram.com/v/t51.2885-19/242100520_1570298083315635_3953719272038605181_n.jpg?stp=dst-jpg_s150x150_tt6&_nc_cat=111&ccb=7-5&_nc_sid=f7ccc5&efg=eyJ2ZW5jb2RlX3RhZyI6InByb2ZpbGVfcGljLnd3dy4xMDgwLkMzIn0%3D&_nc_ohc=Hctj6rGQTCAQ7kNvwG-QvuI&_nc_oc=AdpxSionJpOJDbMTuFNGNan24NO-OjLfU9dS6tOybdT8uJbo56PeJ_Kudlx2D00ruS4&_nc_zt=24&_nc_ht=scontent-cdg4-3.cdninstagram.com&_nc_ss=7b6a8&oh=00_Af6h2i6GyhQ0BPjBPIpLnREdxLJYSX7ohfhue1yU1eHFRg&oe=69FE888E,annamariapatronella,https://www.instagram.com/annamariapatronella,#ilprodottomisteriosopenny  #accettoregolamento  #holettoprivacypolicy  confettura di albicocche zero zuccheri,0,0,2026-04-27T17:22:25.000Z,18123856360627998,6785904715,2026-05-04T16:11:15.868Z,https://www.instagram.com/p/DXotHFAjcSM
https://scontent-cdg6-1.cdninstagram.com/v/t51.2885-19/225822980_518149526064330_2887028246004581441_n.jpg?stp=dst-jpg_s150x150_tt6&_nc_cat=105&ccb=7-5&_nc_sid=f7ccc5&efg=eyJ2ZW5jb2RlX3RhZyI6InByb2ZpbGVfcGljLnd3dy4xMDgwLkMzIn0%3D&_nc_ohc=tXx0vOZ4sXsQ7kNvwFsB0c9&_nc_oc=AdpYcmfCvhCK0w4XJXOSB7mMnZTNAEYEvklTg4CLS9IEO8WsUHsKqLTcNg9mM8MfcoQ&_nc_zt=24&_nc_ht=scontent-cdg6-1.cdninstagram.com&_nc_ss=7b6a8&oh=00_Af61FgDzbMytfaHPgwkHgR5LZ3vtMTod3yC6pX9m3BPmKg&oe=69FEA9BF,mistermerlino24,https://www.instagram.com/mistermerlino24,Confettura Albicocca #prodottomisteriosopenny #accettoregolamento #holettoprivacypolicy,0,0,2026-04-27T18:44:42.000Z,17870197092666696,13495162317,2026-05-04T16:11:15.868Z,https://www.instagram.com/p/DXotHFAjcSM
https://scontent-cdg4-2.cdninstagram.com/v/t51.82787-19/681316194_18351671377232796_7257504699933997334_n.jpg?stp=dst-jpg_s150x150_tt6&_nc_cat=107&ccb=7-5&_nc_sid=f7ccc5&efg=eyJ2ZW5jb2RlX3RhZyI6InByb2ZpbGVfcGljLnd3dy4xMDgwLkMzIn0%3D&_nc_ohc=dFaIY5A_p6cQ7kNvwFn0yOp&_nc_oc=AdodMzauXxnXp9i3NWe47OIco_lUIoSOGNCTWgqbn40k800Q32ZnT3BsbTtcL_fbZcs&_nc_zt=24&_nc_ht=scontent-cdg4-2.cdninstagram.com&_nc_gid=jAtu3BfFdGdJ0Ud4pGq83A&_nc_ss=7b6a8&oh=00_Af6dQE0nApjwh5QJrev3C8dLyIR6AK7za1l3NQY_viEwFg&oe=69FE824A,monica_zzovolete,https://www.instagram.com/monica_zzovolete,Nespola,0,0,2026-04-30T11:56:22.000Z,17965168455074014,7168528795,2026-05-04T16:11:15.870Z,https://www.instagram.com/p/DXotHFAjcSM
https://scontent-cdg4-1.cdninstagram.com/v/t51.82787-19/669851640_18434058208139466_4524732327207869218_n.jpg?stp=dst-jpg_s150x150_tt6&_nc_cat=104&ccb=7-5&_nc_sid=f7ccc5&efg=eyJ2ZW5jb2RlX3RhZyI6InByb2ZpbGVfcGljLnd3dy4xMDgwLkMzIn0%3D&_nc_ohc=dhlWvSCWKy0Q7kNvwHfOZgH&_nc_oc=Ado4_Dv7SNKeg-Cd1d55NVWt1npVhOzn8VI25hpDK8cjcj-4cs5idRKq5iWrY11Jj-s&_nc_zt=24&_nc_ht=scontent-cdg4-1.cdninstagram.com&_nc_gid=jAtu3BfFdGdJ0Ud4pGq83A&_nc_ss=7b6a8&oh=00_Af6n9dtRwgjUjYGpmHEMCdvZx_KLkpYSWMqeKZIgEKHr_w&oe=69FE874A,gendelgais,https://www.instagram.com/gendelgais,Confettura di albicocche senza zuccheri aggiunti #prododottomisteriosopenny #accettoregolamento#holettoprivacypolicy,0,0,2026-04-27T19:42:41.000Z,18061916918422513,4141379465,2026-05-04T16:11:15.870Z,https://www.instagram.com/p/DXotHFAjcSM
https://scontent-cdg4-1.cdninstagram.com/v/t51.82787-19/600261009_18424051609117735_8180498317653845975_n.jpg?stp=dst-jpg_s150x150_tt6&_nc_cat=110&ccb=7-5&_nc_sid=f7ccc5&efg=eyJ2ZW5jb2RlX3RhZyI6InByb2ZpbGVfcGljLnd3dy4yMDAuQzMifQ%3D%3D&_nc_ohc=evBeRBpGjR0Q7kNvwGGM9XC&_nc_oc=AdoPxZpZb9pG3EOQkOvvRoqdVczpb-y8FQDQaSlZK3mSDTvXm1jkPomfrovo1Mc5oIU&_nc_zt=24&_nc_ht=scontent-cdg4-1.cdninstagram.com&_nc_gid=jAtu3BfFdGdJ0Ud4pGq83A&_nc_ss=7b6a8&oh=00_Af7SDJ0NpLHtdcdpzYJgdRx7BFY_r3dIhB02HCH1ZPA-yA&oe=69FEB28D,ermannodallomo,https://www.instagram.com/ermannodallomo,"confettura/marmellata di albicocche senza zuccheri aggiunti 🍑🤔
#ilprodottomisteriosopenny #accettoregolamento #holettoprivacypolicy",0,0,2026-04-30T20:47:48.000Z,18067908230659026,3557197734,2026-05-04T16:11:15.870Z,https://www.instagram.com/p/DXotHFAjcSM
https://scontent-cdg4-2.cdninstagram.com/v/t51.2885-19/11848940_1647296478888038_1957778896_a.jpg?_nc_cat=109&ccb=7-5&_nc_sid=f7ccc5&efg=eyJ2ZW5jb2RlX3RhZyI6InByb2ZpbGVfcGljLnd3dy4xNTAuQzMifQ%3D%3D&_nc_ohc=n0lP2zmGzTIQ7kNvwERF0Ys&_nc_oc=AdorndHMzMCfUQeCVXGdMAkgcYxabBVW9SzJkn68oAhNoKPewoV_3N_hAanTKGHgMxA&_nc_zt=24&_nc_ht=scontent-cdg4-2.cdninstagram.com&_nc_ss=7b6a8&oh=00_Af7pmggXlS8TMAcu9tlCPdxfSh5w3Stqq3khekXT5dyUmQ&oe=69FEAF2E,robertaumoret,https://www.instagram.com/robertaumoret,"Marmellata albicocche #ilprodottomisteriosoPENNY
#accettoregolamento
#holettoprivacypolicy",0,0,2026-04-27T15:20:12.000Z,18089092250254030,340179008,2026-05-04T16:11:15.870Z,https://www.instagram.com/p/DXotHFAjcSM
https://scontent-cdg4-2.cdninstagram.com/v/t51.82787-19/519988266_18332071600200638_3226264012045654069_n.jpg?stp=dst-jpg_s150x150_tt6&_nc_cat=107&ccb=7-5&_nc_sid=f7ccc5&efg=eyJ2ZW5jb2RlX3RhZyI6InByb2ZpbGVfcGljLnd3dy4xMDgwLkMzIn0%3D&_nc_ohc=favFUHTF5w0Q7kNvwETVIRv&_nc_oc=AdpdA2liUeUYjzk3zNq5S_pLcGsCutZTFCCyP2_tnkJO5cHWilmEriSOxS6Q0suIgxk&_nc_zt=24&_nc_ht=scontent-cdg4-2.cdninstagram.com&_nc_gid=jAtu3BfFdGdJ0Ud4pGq83A&_nc_ss=7b6a8&oh=00_Af6QP2BiOMX-cbCxmRqN4RV67Fm03uGhfe7VDh8o7kot-A&oe=69FE89FA,emanuela.rossi87,https://www.instagram.com/emanuela.rossi87,Confettura di albicocca#ilprodottomisteriosoPENNY #accettoregolamento  #holettoprivacypolicy,0,0,2026-04-27T19:10:52.000Z,18117715489679614,6217968637,2026-05-04T16:11:15.870Z,https://www.instagram.com/p/DXotHFAjcSM
https://scontent-cdg6-1.cdninstagram.com/v/t51.2885-19/450848884_338118296012455_2196096009075173224_n.jpg?stp=dst-jpg_s150x150_tt6&_nc_cat=106&ccb=7-5&_nc_sid=f7ccc5&efg=eyJ2ZW5jb2RlX3RhZyI6InByb2ZpbGVfcGljLnd3dy45NTAuQzMifQ%3D%3D&_nc_ohc=Xe8Cls9t4vIQ7kNvwF9ppnB&_nc_oc=Ado0xl105aQrcO6imYhwXXjsOpjb-MRfVxfwZA56GsErpgAD71IU_KdIxtuxio9s2wA&_nc_zt=24&_nc_ht=scontent-cdg6-1.cdninstagram.com&_nc_ss=7b6a8&oh=00_Af6t_RdfvvTp-gE0xRyQD1SjTqENokxP2DW9VLMb2dwvew&oe=69FEB1BE,robertoteboni,https://www.instagram.com/robertoteboni,Confettura di albicocca #ilprodottomisteriosopenny #holettoprivacypolicy #accettoregolamento,0,0,2026-04-27T16:14:45.000Z,17947269969160452,5463686924,2026-05-04T16:11:22.143Z,https://www.instagram.com/p/DXotHFAjcSM
https://scontent-cdg6-1.cdninstagram.com/v/t51.75761-19/504168414_18081047188826087_3112671471358623586_n.jpg?stp=dst-jpg_s150x150_tt6&_nc_cat=106&ccb=7-5&_nc_sid=f7ccc5&efg=eyJ2ZW5jb2RlX3RhZyI6InByb2ZpbGVfcGljLnd3dy4xMDgwLkMzIn0%3D&_nc_ohc=D1IMSQteYRwQ7kNvwHwVnPW&_nc_oc=AdoyyrRjUBuqOka8akz_K8YBScL7nTvU4GO9lXdHUQtuy-fKT0mtSwSykwnUgVX6QUQ&_nc_zt=24&_nc_ht=scontent-cdg6-1.cdninstagram.com&_nc_gid=LltBSIF-c6vBzmxurywoIw&_nc_ss=7b6a8&oh=00_Af4Q_MAtQE2tvWJalZY3-1qoGwcxZdTzDqi-Sr3cvpL6aQ&oe=69FEAB05,homecasa19,https://www.instagram.com/homecasa19,"#ilprodottomisteriosoPENNY
#accettoregolamento
#holettoprivacypolicy confettura di Albicocche",0,0,2026-04-29T08:48:54.000Z,18011113445893250,24875130086,2026-05-04T16:11:22.143Z,https://www.instagram.com/p/DXotHFAjcSM
https://scontent-cdg4-2.cdninstagram.com/v/t51.2885-19/78714027_471481593567828_4900595351599185920_n.jpg?stp=dst-jpg_s150x150_tt6&_nc_cat=100&ccb=7-5&_nc_sid=f7ccc5&efg=eyJ2ZW5jb2RlX3RhZyI6InByb2ZpbGVfcGljLnd3dy45NzcuQzMifQ%3D%3D&_nc_ohc=hmqJUrhDgagQ7kNvwGN09mo&_nc_oc=AdroMpaGWacLvwVKXH42E4cHH7VZG0S8Qg9fxhEafF6zy9oVW1ntESzahwtZf9FQ1dI&_nc_zt=24&_nc_ht=scontent-cdg4-2.cdninstagram.com&_nc_ss=7b6a8&oh=00_Af5k_vXkl8mmo2jYzwwfLtENiXvGfjuK7psqDvOWHQFQHQ&oe=69FE9D1F,s3r3ba,https://www.instagram.com/s3r3ba,#ilprodottomisteriosoPENNY #accettoregolamento #holettoprivacypolicy confettura di albicocche,0,0,2026-04-29T10:34:42.000Z,18100636586287551,6634817473,2026-05-04T16:11:22.143Z,https://www.instagram.com/p/DXotHFAjcSM
https://scontent-cdg6-1.cdninstagram.com/v/t51.82787-19/581965905_17846528415603345_3027700472325629179_n.jpg?stp=dst-jpg_s150x150_tt6&_nc_cat=105&ccb=7-5&_nc_sid=f7ccc5&efg=eyJ2ZW5jb2RlX3RhZyI6InByb2ZpbGVfcGljLnd3dy4xMDgwLkMzIn0%3D&_nc_ohc=kOnnPYfG4ocQ7kNvwHDM4k0&_nc_oc=AdrugQdW7Yek_feviIgXm-RZs-zokYlvlFfAdMTtYjjGq-Eynb8dew93Jf7bkoJmu3M&_nc_zt=24&_nc_ht=scontent-cdg6-1.cdninstagram.com&_nc_gid=LltBSIF-c6vBzmxurywoIw&_nc_ss=7b6a8&oh=00_Af43wbWJWZ-AkOIMaAby5othazkqBH3r_TxDzyTU-7xW5w&oe=69FE80E3,mariannaferri6,https://www.instagram.com/mariannaferri6,"#ilprodottomisteriosoPENNY
#accettoregolamento
#holettoprivacypolicy confettura di albicocca senza zuccheri aggiunti",0,0,2026-04-28T19:39:47.000Z,18161603020434910,78015403344,2026-05-04T16:11:22.143Z,https://www.instagram.com/p/DXotHFAjcSM
https://scontent-cdg4-3.cdninstagram.com/v/t51.82787-19/669995167_18422607151126897_3439366893667571012_n.jpg?stp=dst-jpg_s150x150_tt6&_nc_cat=111&ccb=7-5&_nc_sid=f7ccc5&efg=eyJ2ZW5jb2RlX3RhZyI6InByb2ZpbGVfcGljLnd3dy45ODAuQzMifQ%3D%3D&_nc_ohc=W8seC4GBDr0Q7kNvwFBmAzF&_nc_oc=Ado0LAeRITm1RHZZVxETLpW6g4XhNxjwNGYEk6eSTL1i0tsoQONl0AZK80ggEHFTHaU&_nc_zt=24&_nc_ht=scontent-cdg4-3.cdninstagram.com&_nc_gid=LltBSIF-c6vBzmxurywoIw&_nc_ss=7b6a8&oh=00_Af6CrR5C3fpp6I0QoJca7_mOow450SNjpMGHs6O4BFyfXQ&oe=69FEAEF0,oliveromanu,https://www.instagram.com/oliveromanu,Confettura di albivocca #ilprodottomisteriosopenny #accettoregolamento €holettoprivacypolicy,0,0,2026-04-27T17:57:01.000Z,18091141168952350,3735006896,2026-05-04T16:11:22.143Z,https://www.instagram.com/p/DXotHFAjcSM
https://scontent-cdg4-3.cdninstagram.com/v/t51.2885-19/24126408_1456418031074372_6546148179128090624_n.jpg?stp=dst-jpg_s150x150_tt6&_nc_cat=111&ccb=7-5&_nc_sid=f7ccc5&efg=eyJ2ZW5jb2RlX3RhZyI6InByb2ZpbGVfcGljLnd3dy4yMDAuQzMifQ%3D%3D&_nc_ohc=K8LuttSBNq8Q7kNvwErz-T1&_nc_oc=AdqbHqM-TEpRmxWXX3fXDof3c7qcVQvYBMFHZUbtrCfl7iCQezu0CeJgNiKWXf9HKio&_nc_zt=24&_nc_ht=scontent-cdg4-3.cdninstagram.com&_nc_ss=7b6a8&oh=00_Af4Up1Cd48sc2d464tPoqiVK1WPKoaAm_GePwIJqrGFqRQ&oe=69FEA735,marina.patane,https://www.instagram.com/marina.patane,Confettura di albicocca #ilprodottomisteriosoPenny #accettoregolamento #holettoprivacypolicy,0,0,2026-04-28T15:20:27.000Z,18131007007498564,6601560442,2026-05-04T16:11:22.143Z,https://www.instagram.com/p/DXotHFAjcSM
https://scontent-cdg4-2.cdninstagram.com/v/t51.2885-19/456574248_882137233272924_1925236368147856409_n.jpg?stp=dst-jpg_s150x150_tt6&_nc_cat=109&ccb=7-5&_nc_sid=f7ccc5&efg=eyJ2ZW5jb2RlX3RhZyI6InByb2ZpbGVfcGljLnd3dy45NTAuQzMifQ%3D%3D&_nc_ohc=JwGcPddI5H4Q7kNvwFOnxFc&_nc_oc=Adoi3PzTQ2b861ndjKJbERUUr8xdv1urRRK8jwAT-NAZi_2sKMFUfJcY_05wJLvrciQ&_nc_zt=24&_nc_ht=scontent-cdg4-2.cdninstagram.com&_nc_ss=7b6a8&oh=00_Af7thAjQdqp2Ym8_y4PHcfyRJiPV2va31rYuEWl5zRtotQ&oe=69FEA309,annarita_spc,https://www.instagram.com/annarita_spc,Pappa reale fresca #ilprodottomisteriosopenny #accettoilregolamento #holettoprivacypolicy,0,0,2026-04-28T11:23:15.000Z,17865292629545082,50841117,2026-05-04T16:11:22.143Z,https://www.instagram.com/p/DXotHFAjcSM
https://scontent-cdg4-3.cdninstagram.com/v/t51.2885-19/455273245_349056141601098_307411497428356977_n.jpg?stp=dst-jpg_s150x150_tt6&_nc_cat=111&ccb=7-5&_nc_sid=f7ccc5&efg=eyJ2ZW5jb2RlX3RhZyI6InByb2ZpbGVfcGljLnd3dy4xMDgwLkMzIn0%3D&_nc_ohc=kX2rwLejd20Q7kNvwE5JeH8&_nc_oc=AdqlbBHiOwkFuEdmGutje-GoFjzAsg3j33uRxE6hDFEr2Vuwe1ksXMcMpcy1SaTSSZQ&_nc_zt=24&_nc_ht=scontent-cdg4-3.cdninstagram.com&_nc_ss=7b6a8&oh=00_Af61_3RfC8597PqmGnTKurSsQsECVgXv3h8yEXs-yyx-jw&oe=69FE9DB5,ambassador_pervoi,https://www.instagram.com/ambassador_pervoi,#ilprodottomisteriosoPENNY #accettoregolamento #holettoprivacypolicy Confettura di albicocche senza zuccheri aggiunti,0,0,2026-04-28T12:23:34.000Z,18037790132627095,225157952,2026-05-04T16:11:22.143Z,https://www.instagram.com/p/DXotHFAjcSM
https://scontent-cdg4-3.cdninstagram.com/v/t51.82787-19/537934756_17917247313154108_495233379116645568_n.jpg?stp=dst-jpg_s150x150_tt6&_nc_cat=111&ccb=7-5&_nc_sid=f7ccc5&efg=eyJ2ZW5jb2RlX3RhZyI6InByb2ZpbGVfcGljLnd3dy4xMDgwLkMzIn0%3D&_nc_ohc=hH7NKFscdogQ7kNvwEpKrCC&_nc_oc=Ado51x1T8BqRd2a4HJaHd69NzehRD7ZXIJCLwcQozKb99ZHg-w1eMR62IqBvW-z6t4M&_nc_zt=24&_nc_ht=scontent-cdg4-3.cdninstagram.com&_nc_gid=LltBSIF-c6vBzmxurywoIw&_nc_ss=7b6a8&oh=00_Af6YwFdUw65NnEKjvqJCxE6KwJDUySDbdQCLuqwk1mqnww&oe=69FE9009,gisellagrammatica,https://www.instagram.com/gisellagrammatica,Confettura di albicocche #ilprododottomisteriosopenny #accettoilregolamento #holettolaprivacypolicy,0,0,2026-05-03T06:45:19.000Z,18127770853602778,64570146107,2026-05-04T16:11:22.143Z,https://www.instagram.com/p/DXotHFAjcSM
https://scontent-cdg4-1.cdninstagram.com/v/t51.2885-19/79985583_476217949703291_2095051602078466048_n.jpg?stp=dst-jpg_s150x150_tt6&_nc_cat=110&ccb=7-5&_nc_sid=f7ccc5&efg=eyJ2ZW5jb2RlX3RhZyI6InByb2ZpbGVfcGljLnd3dy4xMDgwLkMzIn0%3D&_nc_ohc=vj8ztvkd-lIQ7kNvwGHOw3m&_nc_oc=AdpAb-855cPjTwbT4NCCy5pjzBQ3CgtRBZdtShOEm8vl8LroVRrKSgpNQ_-qDThLoMc&_nc_zt=24&_nc_ht=scontent-cdg4-1.cdninstagram.com&_nc_ss=7b6a8&oh=00_Af7bWqdF9jTE38ITYSdhob86Uv5i8h4Hrn3N5Q1NDd5eTg&oe=69FE9691,terryantogiuppy,https://www.instagram.com/terryantogiuppy,Confettura di albicocche #ilprodottomistwriosoPenny #accettoilregolamento #holettoprivacypolicy,0,0,2026-04-27T16:27:33.000Z,17960959887079486,1923123480,2026-05-04T16:11:22.143Z,https://www.instagram.com/p/DXotHFAjcSM
https://scontent-cdg6-1.cdninstagram.com/v/t51.82787-19/661719018_18371899591203010_7936031956957671558_n.jpg?stp=dst-jpg_s150x150_tt6&_nc_cat=106&ccb=7-5&_nc_sid=f7ccc5&efg=eyJ2ZW5jb2RlX3RhZyI6InByb2ZpbGVfcGljLnd3dy4xMDgwLkMzIn0%3D&_nc_ohc=r4lha-tCGKMQ7kNvwEKCYHc&_nc_oc=AdrZOIxjRXcCn4PE5YYZNENS2UzJRgjRJnz8rK6qkc53nq4tB3wI8ghVCOeCx6el2mk&_nc_zt=24&_nc_ht=scontent-cdg6-1.cdninstagram.com&_nc_gid=LltBSIF-c6vBzmxurywoIw&_nc_ss=7b6a8&oh=00_Af7UTxxL2WAh6zUx3pc0E2mt393fhveLDaLgXwX0BJXlsQ&oe=69FE8EF5,mery.dima,https://www.instagram.com/mery.dima,Confettura di albicocche senza zuccheri aggiunti #ilprodottomisteriosopenny #accettoilregolamento #holettolaprivacypolicy 🤞💪🌹,0,0,2026-04-28T14:47:32.000Z,18098225399015200,6151059009,2026-05-04T16:11:22.143Z,https://www.instagram.com/p/DXotHFAjcSM
https://scontent-cdg4-1.cdninstagram.com/v/t51.2885-19/23280031_1815359445421288_1841318721075806208_n.jpg?stp=dst-jpg_s150x150_tt6&_nc_cat=110&ccb=7-5&_nc_sid=f7ccc5&efg=eyJ2ZW5jb2RlX3RhZyI6InByb2ZpbGVfcGljLnd3dy41NDAuQzMifQ%3D%3D&_nc_ohc=ufwlVsKq-4YQ7kNvwEdv5nl&_nc_oc=Adpb0ImdSda2Dte5OulFGL7aJZL921h4ij2m1nCnbsMvMHhVBhyM3fdTMNTLllBREmo&_nc_zt=24&_nc_ht=scontent-cdg4-1.cdninstagram.com&_nc_ss=7b6a8&oh=00_Af5xzh2ETDA0W-T7BW23rF4qAZd1s2U6nvgfEbFNgxbH2w&oe=69FE8375,vanish_vanessa,https://www.instagram.com/vanish_vanessa,Composta di albicocche #ilprodottomisteriosoPENNY #accettoregolamento #holettoprivacypolicy,0,0,2026-04-28T14:50:50.000Z,18074360945268126,1250993426,2026-05-04T16:11:22.143Z,https://www.instagram.com/p/DXotHFAjcSM
https://scontent-cdg4-2.cdninstagram.com/v/t51.82787-19/538153782_18059929937377181_3673100815675186664_n.jpg?stp=dst-jpg_s150x150_tt6&_nc_cat=109&ccb=7-5&_nc_sid=f7ccc5&efg=eyJ2ZW5jb2RlX3RhZyI6InByb2ZpbGVfcGljLnd3dy4xMDgwLkMzIn0%3D&_nc_ohc=FLTsE2WCP-gQ7kNvwEReeb_&_nc_oc=Ado9gl5NbMA9F7tkE9KjIL_5q1HPXIYPxBymUKOaKfNfB7cwKVVfkaeckBPnabjujTk&_nc_zt=24&_nc_ht=scontent-cdg4-2.cdninstagram.com&_nc_gid=LltBSIF-c6vBzmxurywoIw&_nc_ss=7b6a8&oh=00_Af742IR4QzcKnVjqvZa4loruPFSEdahQvjUCMIYUdUXziw&oe=69FE91B2,kalosnapoli92,https://www.instagram.com/kalosnapoli92,#accettoprivacypolicy #accettoregolamento #holettoprivacypolicy #ilprodottomisteriosopenny  marmellata di albicocche senza zuccheri,0,0,2026-04-28T19:10:09.000Z,17953373394132336,41449241180,2026-05-04T16:11:22.143Z,https://www.instagram.com/p/DXotHFAjcSM
https://scontent-cdg4-1.cdninstagram.com/v/t51.2885-19/470918111_1114689487055247_6581273407659959810_n.jpg?stp=dst-jpg_s150x150_tt6&_nc_cat=104&ccb=7-5&_nc_sid=f7ccc5&efg=eyJ2ZW5jb2RlX3RhZyI6InByb2ZpbGVfcGljLnd3dy4xMDgwLkMzIn0%3D&_nc_ohc=HB_jvUB5NX0Q7kNvwEr52FX&_nc_oc=AdpN_acGOPfEqzLpmeu78jScPj-ozf7q7Hk94tdCAc0jk9_2fJS6NhRBhO5FeZ1cpKA&_nc_zt=24&_nc_ht=scontent-cdg4-1.cdninstagram.com&_nc_ss=7b6a8&oh=00_Af6HI8RWyJLjK7vH5Rsq2EZvhF89lDx_EpElEjOUB51QIA&oe=69FEAB12,rered.7,https://www.instagram.com/rered.7,"Confettura di albicocca #ilprodottomisteriosoPENNY
#accettoregolamento
#holettoprivacypolicy",0,0,2026-04-28T11:20:01.000Z,17888657151472004,50939783262,2026-05-04T16:11:22.143Z,https://www.instagram.com/p/DXotHFAjcSM
https://scontent-cdg6-1.cdninstagram.com/v/t51.82787-19/572004973_18532553011010532_758885243521873287_n.jpg?stp=dst-jpg_s150x150_tt6&_nc_cat=106&ccb=7-5&_nc_sid=f7ccc5&efg=eyJ2ZW5jb2RlX3RhZyI6InByb2ZpbGVfcGljLnd3dy4xMDA4LkMzIn0%3D&_nc_ohc=7O1phYi87XoQ7kNvwGKxc4U&_nc_oc=Adrd78nmxDYqqV9JbaHKzDELts4A1iUVN4nUyIRiufARZe2DLP3LBPm6R8iDSa7nZWY&_nc_zt=24&_nc_ht=scontent-cdg6-1.cdninstagram.com&_nc_gid=LltBSIF-c6vBzmxurywoIw&_nc_ss=7b6a8&oh=00_Af7VKEErz3UHzMABBsvYzV_DXENqX42qaj_QMEyQcmKUHQ&oe=69FEADD6,palermosabrina,https://www.instagram.com/palermosabrina,#prodottomisteriosopenny #accettoilregolamento #holettoprivacypolicy  Confettura di albicocche light,0,0,2026-04-29T05:31:20.000Z,18080040785636755,1296714531,2026-05-04T16:11:22.143Z,https://www.instagram.com/p/DXotHFAjcSM
https://scontent-cdg4-1.cdninstagram.com/v/t51.2885-19/103939682_310144226828822_8576127744399830439_n.jpg?stp=dst-jpg_s150x150_tt6&_nc_cat=108&ccb=7-5&_nc_sid=f7ccc5&efg=eyJ2ZW5jb2RlX3RhZyI6InByb2ZpbGVfcGljLnd3dy43MjAuQzMifQ%3D%3D&_nc_ohc=GB8Vd-KhGcAQ7kNvwHZ7d93&_nc_oc=AdqvZ2CvEd36iBXz98lMCpTF51JHWAjcgmoSX0J56edVSM9nCbH3UiDFSP8JkOdDJy0&_nc_zt=24&_nc_ht=scontent-cdg4-1.cdninstagram.com&_nc_ss=7b6a8&oh=00_Af5Q2IPpSqi72ZOyRjTD2u-FF8IpRQokRub8SP5p1aTrAw&oe=69FE9C45,giusy_fiore213,https://www.instagram.com/giusy_fiore213,Confettura di albicocche #ilprodottomisteriosopenny #accettoregolamento #holettoprivasypolicy,0,0,2026-04-30T06:35:13.000Z,18127186975592303,27222637513,2026-05-04T16:11:28.220Z,https://www.instagram.com/p/DXotHFAjcSM
https://scontent-cdg4-2.cdninstagram.com/v/t51.2885-19/472478727_596703876557402_3773486952956097073_n.jpg?stp=dst-jpg_s150x150_tt6&_nc_cat=107&ccb=7-5&_nc_sid=f7ccc5&efg=eyJ2ZW5jb2RlX3RhZyI6InByb2ZpbGVfcGljLnd3dy42MTMuQzMifQ%3D%3D&_nc_ohc=GiUgKe9i67kQ7kNvwGVBDXy&_nc_oc=AdrBpHhQ1EQ7vGFlsWKQGRDHQEZnSQ5IQLdNqVG08qL0wsmdPr_iJzuIpIdmDpfjWe8&_nc_zt=24&_nc_ht=scontent-cdg4-2.cdninstagram.com&_nc_ss=7b6a8&oh=00_Af6vMNnVAaA47Ve0uDwHPzjn5vS0reQtYhokIw82TdgaMA&oe=69FEA1D5,rosscitarella,https://www.instagram.com/rosscitarella,#ilprodottomisteriosopenny #accettoregolamento #holettoprivacypolicy  confettura di albicocca senza zuccheri aggiunti,0,0,2026-04-27T19:38:04.000Z,18085363160604907,4366272503,2026-05-04T16:11:28.220Z,https://www.instagram.com/p/DXotHFAjcSM
https://scontent-cdg6-1.cdninstagram.com/v/t51.2885-19/450218015_1625217375000616_3970149138506513333_n.jpg?stp=dst-jpg_s150x150_tt6&_nc_cat=106&ccb=7-5&_nc_sid=f7ccc5&_nc_aid=0&efg=eyJ2ZW5jb2RlX3RhZyI6InByb2ZpbGVfcGljLnd3dy44MTguQzMifQ%3D%3D&_nc_ohc=szhbgq-H8K4Q7kNvwHzARmk&_nc_oc=AdpXZE5B0uiGx0Lz5fmiRbUYGG6lQ3c93Uh6IwYEUD9hzXkBQLlVkN0z67-fV6p8TNo&_nc_zt=24&_nc_ht=scontent-cdg6-1.cdninstagram.com&_nc_ss=7b6a8&oh=00_Af4dJG4qKqDdpgs0tW7yTmkUZsyVlCC08ZjXfht4i76bZA&oe=69FE86DF,saturnalabart,https://www.instagram.com/saturnalabart,Marmellata albicocche #ilprodottomisteriosopenny #accettoregolamento #holettoprivacypolicy,0,0,2026-04-27T19:00:29.000Z,17921979288127566,67941100182,2026-05-04T16:11:28.220Z,https://www.instagram.com/p/DXotHFAjcSM
https://scontent-cdg6-1.cdninstagram.com/v/t51.2885-19/430991626_949047520261901_2574734827482874134_n.jpg?stp=dst-jpg_s150x150_tt6&_nc_cat=106&ccb=7-5&_nc_sid=f7ccc5&efg=eyJ2ZW5jb2RlX3RhZyI6InByb2ZpbGVfcGljLnd3dy4zMzYuQzMifQ%3D%3D&_nc_ohc=bZ9KD6iemMoQ7kNvwGv__dY&_nc_oc=AdoYI7pTw8MZIlnDZVyiYZXHh1MO4P_NlgRCxhPpppm42LGj3ASe4FuURQ1mFl1nxhs&_nc_zt=24&_nc_ht=scontent-cdg6-1.cdninstagram.com&_nc_ss=7b6a8&oh=00_Af5n-LVyzHer_vo-AqqAFtonMPlDpW7YJ5Of7DGJZ-ns2A&oe=69FE96FE,sandro_melli,https://www.instagram.com/sandro_melli,Confettura di albicocca #ilprodottomisteriosoPENNY #accettoregolamento #holettoprivacypolicy,0,0,2026-04-28T12:35:17.000Z,18111047419837508,61390355079,2026-05-04T16:11:28.220Z,https://www.instagram.com/p/DXotHFAjcSM
https://scontent-cdg4-2.cdninstagram.com/v/t51.82787-19/515558164_17895502425251561_1618210530408607007_n.jpg?stp=dst-jpg_s150x150_tt6&_nc_cat=107&ccb=7-5&_nc_sid=f7ccc5&efg=eyJ2ZW5jb2RlX3RhZyI6InByb2ZpbGVfcGljLnd3dy4xMDgwLkMzIn0%3D&_nc_ohc=PtQfZPe6yNEQ7kNvwEKQRH3&_nc_oc=AdqE9aFW0D0Osu9Gdfj-BDPwDZQhH_-qk_-durR6TskPwip7S9nve7Sw8neJockmW-s&_nc_zt=24&_nc_ht=scontent-cdg4-2.cdninstagram.com&_nc_gid=UFIC10KglvUQtFBmvYdAvQ&_nc_ss=7b6a8&oh=00_Af7XCQzlmcxF95H28Ps8rBoFdPDA4BeIllx9TULnGt3ZJg&oe=69FE8622,maika5861,https://www.instagram.com/maika5861,Confettura di albicocca #ilprodottomisteriosoPENNY #accettoregolamento #holettoprivacypolicy,0,0,2026-04-28T13:01:40.000Z,17943211602016310,67536147560,2026-05-04T16:11:28.220Z,https://www.instagram.com/p/DXotHFAjcSM
https://scontent-cdg4-2.cdninstagram.com/v/t51.75761-19/491437700_18379602424137033_3316434377291680274_n.jpg?stp=dst-jpg_s150x150_tt6&_nc_cat=100&ccb=7-5&_nc_sid=f7ccc5&efg=eyJ2ZW5jb2RlX3RhZyI6InByb2ZpbGVfcGljLnd3dy4xMDc4LkMzIn0%3D&_nc_ohc=cgXi8xxTTe4Q7kNvwHxNahZ&_nc_oc=Adq2R8s_dfwbiqYiC2_kweCbr4ThBgn3_dyK4QUyM4_fvmIqEo6Lus9x6o4I_vNxFOE&_nc_zt=24&_nc_ht=scontent-cdg4-2.cdninstagram.com&_nc_gid=UFIC10KglvUQtFBmvYdAvQ&_nc_ss=7b6a8&oh=00_Af5cOd9pNHYIMBM3ZDyF0R3OBARBsQJoxgRxzBa7pXfizA&oe=69FE95A6,manue_92k,https://www.instagram.com/manue_92k,#ilprodottomisteriosopenny #accettoilregolamento #holettoprivacypolicy marmellata di albicocche senza zuccheri aggiunti,0,0,2026-04-27T18:31:57.000Z,18060421445438354,4214769032,2026-05-04T16:11:28.221Z,https://www.instagram.com/p/DXotHFAjcSM
https://scontent-cdg4-1.cdninstagram.com/v/t51.82787-19/584062718_18329270173211960_9171112670277016498_n.jpg?stp=dst-jpg_s150x150_tt6&_nc_cat=104&ccb=7-5&_nc_sid=f7ccc5&efg=eyJ2ZW5jb2RlX3RhZyI6InByb2ZpbGVfcGljLnd3dy4xMDgwLkMzIn0%3D&_nc_ohc=NqYbDtDrgNIQ7kNvwGf87uw&_nc_oc=AdrXROl-ARjUjOZq9Z_OkpCkcSzv4Ixq972_1fi4_0s_2-pz7-ulznQEACe521UKgHs&_nc_zt=24&_nc_ht=scontent-cdg4-1.cdninstagram.com&_nc_gid=UFIC10KglvUQtFBmvYdAvQ&_nc_ss=7b6a8&oh=00_Af4J2mlu7qG3WuF67lFt4v3fbif8pWmiQyh0UlE_P0y1eA&oe=69FE8668,elena.bestetti,https://www.instagram.com/elena.bestetti,"#ilprodottomisteriosoPENNY
#accettoregolamento
#holettoprivacypolicy confettura di albicocca",0,0,2026-04-28T08:22:22.000Z,18577100335023662,6415803959,2026-05-04T16:11:28.221Z,https://www.instagram.com/p/DXotHFAjcSM
https://scontent-cdg6-1.cdninstagram.com/v/t51.2885-19/275162773_1135665253896588_468664793718706654_n.jpg?stp=dst-jpg_s150x150_tt6&_nc_cat=106&ccb=7-5&_nc_sid=f7ccc5&efg=eyJ2ZW5jb2RlX3RhZyI6InByb2ZpbGVfcGljLnd3dy4xMDgwLkMzIn0%3D&_nc_ohc=AGagsBzIa3cQ7kNvwFclgyR&_nc_oc=Ado9v0k0uCZgQNM9MZ2vnDUudpKeqjtmDlmRN91UmwppTTj_-dewL7iIxaamqxW2RFM&_nc_zt=24&_nc_ht=scontent-cdg6-1.cdninstagram.com&_nc_ss=7b6a8&oh=00_Af4zZ8HpydwTLU_jrrZXaKz-uqHfkYUlyZdDRX8Cmg6o9w&oe=69FE9B39,ciabina99,https://www.instagram.com/ciabina99,#ilprodottomisteriosopenny #accettoregolamento #holettoprivacypolicy confettura di albicocca senza zuccheri aggiunti,0,0,2026-04-27T21:17:45.000Z,18581761066032989,895957266,2026-05-04T16:11:28.221Z,https://www.instagram.com/p/DXotHFAjcSM
https://scontent-cdg4-2.cdninstagram.com/v/t51.2885-19/260185955_604487144131789_4637508907867938398_n.jpg?stp=dst-jpg_s150x150_tt6&_nc_cat=100&ccb=7-5&_nc_sid=f7ccc5&efg=eyJ2ZW5jb2RlX3RhZyI6InByb2ZpbGVfcGljLnd3dy4zMjguQzMifQ%3D%3D&_nc_ohc=LEdXmO__0XAQ7kNvwFagcU_&_nc_oc=AdpkyN-3yfGnIN5gi8kjuopCiN1BeX5SiaKqmff0fdSG0Po5b83_wZ8y_Y9uXu-NA3w&_nc_zt=24&_nc_ht=scontent-cdg4-2.cdninstagram.com&_nc_ss=7b6a8&oh=00_Af7gl9qXdbS1jICrmxg2--yyUXuSBs-OUrohqvmGzALt4A&oe=69FE97A0,ilpoetaanonimo,https://www.instagram.com/ilpoetaanonimo,Confettura di albicocca #ilprodottomisteriosoPENNY #accettoregolamento #holettoprivacypolicy,0,0,2026-04-28T15:43:58.000Z,17910101847201813,3505493311,2026-05-04T16:11:28.221Z,https://www.instagram.com/p/DXotHFAjcSM
https://scontent-cdg4-2.cdninstagram.com/v/t51.2885-19/365039248_787976409734128_7471872404852768702_n.jpg?stp=dst-jpg_s150x150_tt6&_nc_cat=109&ccb=7-5&_nc_sid=f7ccc5&efg=eyJ2ZW5jb2RlX3RhZyI6InByb2ZpbGVfcGljLnd3dy4xMDgwLkMzIn0%3D&_nc_ohc=ATdeGWg9A0wQ7kNvwGmWAvs&_nc_oc=Adq1-CyZFgegwGBch3ytzDj5Ll4zR8BHArBm8KUb7IhitK9yl-k0Wcwl-F1dk7wyq-M&_nc_zt=24&_nc_ht=scontent-cdg4-2.cdninstagram.com&_nc_ss=7b6a8&oh=00_Af6vAPvFSeuNwbUeHAVXw6WhTVsP_yLf5ae_tWTBBdVACA&oe=69FEA9BC,giustina_ganci,https://www.instagram.com/giustina_ganci,#ilprodottomisteriosopenny #accettoregolamento #holettoprivacypolicy confettura di albicocche senza zuccheri aggiunti,0,0,2026-04-29T04:21:59.000Z,18127110481600703,1400659940,2026-05-04T16:11:28.221Z,https://www.instagram.com/p/DXotHFAjcSM
https://scontent-cdg6-1.cdninstagram.com/v/t51.89012-19/573323465_1219825463302212_7278921664109726296_n.jpg?stp=dst-jpg_s150x150_tt6&_nc_cat=1&ccb=7-5&_nc_sid=f7ccc5&efg=eyJ2ZW5jb2RlX3RhZyI6InByb2ZpbGVfcGljLnd3dy5DMyJ9&_nc_ohc=Pf4Jx7fI-JMQ7kNvwEdnA1r&_nc_oc=AdrM5ak9ThOqfmCIPi6cg4Jm_5TeInAUOEZd_c63seXXEeGj0StKGP4VtTRRkluVdEU&_nc_zt=24&_nc_ht=scontent-cdg6-1.cdninstagram.com&_nc_gid=UFIC10KglvUQtFBmvYdAvQ&_nc_ss=7b6a8&oh=00_Af6VhXfrlHiAHRnUgr5IPGsOYbLeYrrzBqOQOUMdXaKizQ&oe=69FE87E2,piscontistefania,https://www.instagram.com/piscontistefania,#il prodotto misterioso penny#accetto regolamento #ho letto privacy e policy  confettura di albicocca,0,0,2026-04-28T14:48:20.000Z,17898262443441817,77800190235,2026-05-04T16:11:28.221Z,https://www.instagram.com/p/DXotHFAjcSM
https://scontent-cdg4-1.cdninstagram.com/v/t51.2885-19/129763356_177574654073958_6237400096107162415_n.jpg?stp=dst-jpg_s150x150_tt6&_nc_cat=104&ccb=7-5&_nc_sid=f7ccc5&efg=eyJ2ZW5jb2RlX3RhZyI6InByb2ZpbGVfcGljLnd3dy4xMDgwLkMzIn0%3D&_nc_ohc=0_gEdGnqhzoQ7kNvwEIMtPo&_nc_oc=Adp245EIe8JyQob6GY-DG-pGTpyS9QrnkSVXSAY7F78-rbaFaPNPx39DVyQfzQAwFME&_nc_zt=24&_nc_ht=scontent-cdg4-1.cdninstagram.com&_nc_ss=7b6a8&oh=00_Af7l7U3nOV2fIXKJZ-OSujD1qC099Jte3d_LF5eAF4-LYA&oe=69FE99D2,antonella.galati.3,https://www.instagram.com/antonella.galati.3,#ilprodottomisteriosoPENNY#accettoilregolamento#holettoprivacypolicy marmellata  di  albicocche,0,0,2026-04-27T21:09:42.000Z,18409884538177439,8623178466,2026-05-04T16:11:28.221Z,https://www.instagram.com/p/DXotHFAjcSM
https://scontent-cdg4-3.cdninstagram.com/v/t51.2885-19/313974315_478995294207073_2803763533863153966_n.jpg?stp=dst-jpg_s150x150_tt6&_nc_cat=111&ccb=7-5&_nc_sid=f7ccc5&efg=eyJ2ZW5jb2RlX3RhZyI6InByb2ZpbGVfcGljLnd3dy4xMDgwLkMzIn0%3D&_nc_ohc=jtSCOap8CdsQ7kNvwGLPkHv&_nc_oc=AdrgTmkXiUzsAVdkHmF1yLmsFnglB963zl3BAuahUqMIbo277PI9a8qm54Rt5anHIx0&_nc_zt=24&_nc_ht=scontent-cdg4-3.cdninstagram.com&_nc_ss=7b6a8&oh=00_Af702x3yCHjWxK1hu-ZGwThH9Q7zJ6MWKS6a0KhuoZZXGA&oe=69FE8478,clara.tzn,https://www.instagram.com/clara.tzn,Confettura di albicocca #ilprodottomisteriosoPENNY #accettoregolamento #holettoprivacypolicy,0,0,2026-04-28T19:27:16.000Z,18095404496468264,3005144645,2026-05-04T16:11:28.221Z,https://www.instagram.com/p/DXotHFAjcSM
https://scontent-cdg6-1.cdninstagram.com/v/t51.2885-19/277700016_137487835466929_7620159817465750907_n.jpg?stp=dst-jpg_s150x150_tt6&_nc_cat=106&ccb=7-5&_nc_sid=f7ccc5&efg=eyJ2ZW5jb2RlX3RhZyI6InByb2ZpbGVfcGljLnd3dy4xMDgwLkMzIn0%3D&_nc_ohc=PCzetCkK3yQQ7kNvwHeiyu4&_nc_oc=AdodpvnA3URc4GU0eFewg8D9dJPGCaVNj5ohiLDi5aSwTk8-oR6JNzeNa4VHDjlYvtI&_nc_zt=24&_nc_ht=scontent-cdg6-1.cdninstagram.com&_nc_ss=7b6a8&oh=00_Af5GfF87qLsPOXWVSjMDC2ksc7NwWiL_GKtBuXfBxJ4EGw&oe=69FEADEC,michelameacci_75,https://www.instagram.com/michelameacci_75,#ilprodottomisteriosopenny #accettoregolamento #holettoprivacypolicy confettura di albicocca senza zuccheri aggiunti,0,0,2026-04-28T08:21:30.000Z,18128363644508821,5702072622,2026-05-04T16:11:28.221Z,https://www.instagram.com/p/DXotHFAjcSM
https://scontent-cdg4-1.cdninstagram.com/v/t51.2885-19/22220711_1836900939954427_558009465425625088_n.jpg?stp=dst-jpg_s150x150_tt6&_nc_cat=104&ccb=7-5&_nc_sid=f7ccc5&efg=eyJ2ZW5jb2RlX3RhZyI6InByb2ZpbGVfcGljLnd3dy40MDkuQzMifQ%3D%3D&_nc_ohc=U5CMxOSb2TMQ7kNvwFAUkHG&_nc_oc=AdoVeY3rFTcy1ro8qZ_rRqvK2ID2lh5UDHrTYUge7T9YSHVqBnUeq54MJr1THdbDbC4&_nc_zt=24&_nc_ht=scontent-cdg4-1.cdninstagram.com&_nc_ss=7b6a8&oh=00_Af5Z1XD8jjuFQMTIxEdbmQpt3-Rhqcd90HhLhNIfhUmlDQ&oe=69FE9F02,gabrigiub,https://www.instagram.com/gabrigiub,Confettura di albicocche senza zuccheri #ilprodottomisteriosopenny #accettoilregolamento #holettoprivancypolicy,0,0,2026-04-27T15:16:19.000Z,17990083874793119,2901753553,2026-05-04T16:11:28.221Z,https://www.instagram.com/p/DXotHFAjcSM
https://scontent-cdg4-1.cdninstagram.com/v/t51.2885-19/34033427_242039149898239_3461687170345992192_n.jpg?stp=dst-jpg_s150x150_tt6&_nc_cat=104&ccb=7-5&_nc_sid=f7ccc5&efg=eyJ2ZW5jb2RlX3RhZyI6InByb2ZpbGVfcGljLnd3dy43MTMuQzMifQ%3D%3D&_nc_ohc=8GVyUQVbxegQ7kNvwEE6LQn&_nc_oc=AdonKZtoWSWxnmo62tY871WUvioCPE4IGQkKRRHtDy5uoB66vWcPnnegdX1mSaKCOqY&_nc_zt=24&_nc_ht=scontent-cdg4-1.cdninstagram.com&_nc_ss=7b6a8&oh=00_Af7PUMKVHS2R6ZjBQwVEXf5tTjZcbpUtgmYAozKzRhE01A&oe=69FE7D92,lisazancato,https://www.instagram.com/lisazancato,Confettura di albicocche senza zuccheri aggiunti #ilprodottomiateriosopenny #accettoilregolamento #holettolaprivacypolicy,0,0,2026-04-28T11:27:01.000Z,18090786857340288,286861809,2026-05-04T16:11:35.088Z,https://www.instagram.com/p/DXotHFAjcSM
https://scontent-cdg4-2.cdninstagram.com/v/t51.2885-19/40083449_467026423796972_7443351879301464064_n.jpg?stp=dst-jpg_s150x150_tt6&_nc_cat=109&ccb=7-5&_nc_sid=f7ccc5&efg=eyJ2ZW5jb2RlX3RhZyI6InByb2ZpbGVfcGljLnd3dy43MTkuQzMifQ%3D%3D&_nc_ohc=sVri6hCz0P0Q7kNvwGjyZZF&_nc_oc=Adoca7_2ZwjEpJm0b_V0sfzjo7-IHVxL23A2vv54ZCix38SaZcnKtekh44uD5Ise8NQ&_nc_zt=24&_nc_ht=scontent-cdg4-2.cdninstagram.com&_nc_ss=7b6a8&oh=00_Af5eK1i7Q7-UXeXZtqFigYBjytHDv-adLEvrNdek3f6uvQ&oe=69FEB134,azul.blackbigs,https://www.instagram.com/azul.blackbigs,#ilprodottomisteriosopenny #accettoilregolamento #holettoprivacypolicy confettura di albicocche senza zuccheri aggiunti,0,0,2026-04-29T13:18:48.000Z,18102945023294546,1448669202,2026-05-04T16:11:35.088Z,https://www.instagram.com/p/DXotHFAjcSM
https://scontent-cdg4-1.cdninstagram.com/v/t51.2885-19/30084943_196597024403163_3539116797808607232_n.jpg?stp=dst-jpg_s150x150_tt6&_nc_cat=110&ccb=7-5&_nc_sid=f7ccc5&efg=eyJ2ZW5jb2RlX3RhZyI6InByb2ZpbGVfcGljLnd3dy45NTkuQzMifQ%3D%3D&_nc_ohc=JVT4_rQxG10Q7kNvwFDfm3C&_nc_oc=AdoL2w3aJIvtbD54xZ-fEegeGjRU96OvtcTEj2tvuR2F9LHDcZPEmavC1Nwtnj6-jgU&_nc_zt=24&_nc_ht=scontent-cdg4-1.cdninstagram.com&_nc_ss=7b6a8&oh=00_Af5aDaj9ZrBoUnfvHk6O6e5F7XNCwRtbL81QMXk3gLMUJw&oe=69FEA43E,claudiaboccini,https://www.instagram.com/claudiaboccini,"Confettura di albicocche zero zuccheri Welless 😊
#prodottomisteriosopenny #holettoprivacypolicy #accettoregolamento",0,0,2026-04-30T14:19:34.000Z,18102245185790288,400405342,2026-05-04T16:11:35.088Z,https://www.instagram.com/p/DXotHFAjcSM
https://scontent-cdg6-1.cdninstagram.com/v/t51.89012-19/573323465_1219825463302212_7278921664109726296_n.jpg?stp=dst-jpg_s150x150_tt6&_nc_cat=1&ccb=7-5&_nc_sid=f7ccc5&efg=eyJ2ZW5jb2RlX3RhZyI6InByb2ZpbGVfcGljLnd3dy5DMyJ9&_nc_ohc=Pf4Jx7fI-JMQ7kNvwEdnA1r&_nc_oc=AdrM5ak9ThOqfmCIPi6cg4Jm_5TeInAUOEZd_c63seXXEeGj0StKGP4VtTRRkluVdEU&_nc_zt=24&_nc_ht=scontent-cdg6-1.cdninstagram.com&_nc_gid=0aiyLCYlArSF_c2l5AEQvA&_nc_ss=7b6a8&oh=00_Af7XX7vXN2mIa5Mbr8f9NkaXqsuH88OQDa-J_eqUY76sWw&oe=69FE87E2,gianky4491,https://www.instagram.com/gianky4491,"#ilprodottomisteriosopenny
#accettoregolamento
#holettoprivacypolicy confettura di albicocche",0,0,2026-04-27T20:24:13.000Z,17968742796047573,79727574852,2026-05-04T16:11:35.089Z,https://www.instagram.com/p/DXotHFAjcSM
https://scontent-cdg4-2.cdninstagram.com/v/t51.82787-19/659142249_18460668082096774_5439453535426869858_n.jpg?stp=dst-jpg_s150x150_tt6&_nc_cat=100&ccb=7-5&_nc_sid=f7ccc5&efg=eyJ2ZW5jb2RlX3RhZyI6InByb2ZpbGVfcGljLnd3dy4xMDgwLkMzIn0%3D&_nc_ohc=rk5yRlwXwvQQ7kNvwEdagwG&_nc_oc=AdrRxsmFVaIBw7GnXAuTI8Sa84iKfH6GkBNAFKuUvbpZezISTlzHJnQgrQBF2cFGTLs&_nc_zt=24&_nc_ht=scontent-cdg4-2.cdninstagram.com&_nc_gid=0aiyLCYlArSF_c2l5AEQvA&_nc_ss=7b6a8&oh=00_Af7YU6_qBRWr9GoO4MVAjjidbKbBh0A4g9kNveaSWoRyrg&oe=69FEB0E7,cristinasanna77,https://www.instagram.com/cristinasanna77,Confetture albicocche e #ilprodottomisteriosopenny #accettoregolamento #holettoprivacypolicy,0,0,2026-04-28T11:04:49.000Z,17923055982123177,2895192773,2026-05-04T16:11:35.089Z,https://www.instagram.com/p/DXotHFAjcSM
https://scontent-cdg4-2.cdninstagram.com/v/t51.82787-19/519438074_18369210127183887_4578420944147960486_n.jpg?stp=dst-jpg_s150x150_tt6&_nc_cat=107&ccb=7-5&_nc_sid=f7ccc5&efg=eyJ2ZW5jb2RlX3RhZyI6InByb2ZpbGVfcGljLnd3dy4xMDgwLkMzIn0%3D&_nc_ohc=sENVw1qd7zcQ7kNvwFDPwhe&_nc_oc=AdrVxYyaFBKpaqsgCfp-nPi_Sb_LVXF6jkKZKujbw7p8jbb3XdglOtx-qXmChEzm-FM&_nc_zt=24&_nc_ht=scontent-cdg4-2.cdninstagram.com&_nc_gid=0aiyLCYlArSF_c2l5AEQvA&_nc_ss=7b6a8&oh=00_Af5ogwz_mxW2yfykm1h6LOtPBZXWxLedbNAAZuH47QMZGg&oe=69FE8A55,filipposicily,https://www.instagram.com/filipposicily,#ilprodottomisteriosopenny #accettoregolamento #holettoprivacypolicy marmellata di albicocche senza zuccheri aggiunti,0,0,2026-04-27T15:22:19.000Z,17970207266892350,5450927886,2026-05-04T16:11:35.089Z,https://www.instagram.com/p/DXotHFAjcSM
https://scontent-cdg6-1.cdninstagram.com/v/t51.2885-19/276160402_1151728402250736_1704478829578831683_n.jpg?stp=dst-jpg_s150x150_tt6&_nc_cat=106&ccb=7-5&_nc_sid=f7ccc5&efg=eyJ2ZW5jb2RlX3RhZyI6InByb2ZpbGVfcGljLnd3dy43MjAuQzMifQ%3D%3D&_nc_ohc=A3myexANTyQQ7kNvwHCVVeL&_nc_oc=Adp18J_C-TiVO6JupD36x00Vw6EFxYzrkjQdHyVk_WVDYHAFHdolPbJAtiEhakjet4o&_nc_zt=24&_nc_ht=scontent-cdg6-1.cdninstagram.com&_nc_ss=7b6a8&oh=00_Af67H-LV3vdUwvBKu5-6EaYngEVTQ_KIvczD43ItFSB4eg&oe=69FE81E0,alfiasilvestro,https://www.instagram.com/alfiasilvestro,#ilprodottomisteriosopenny#accettoregolamento#holettoprivacypolici.. marmellata di albicocche senza zucchero welless,0,0,2026-04-27T20:05:46.000Z,18033772925795385,5835150419,2026-05-04T16:11:35.089Z,https://www.instagram.com/p/DXotHFAjcSM
https://scontent-cdg4-1.cdninstagram.com/v/t51.2885-19/232522364_807694856608394_1697784519042510109_n.jpg?stp=dst-jpg_s150x150_tt6&_nc_cat=110&ccb=7-5&_nc_sid=f7ccc5&efg=eyJ2ZW5jb2RlX3RhZyI6InByb2ZpbGVfcGljLnd3dy4xMDgwLkMzIn0%3D&_nc_ohc=1lx6UtU0B6EQ7kNvwHLmHon&_nc_oc=Adr5Oedpit6bX9I-n6Sg3dFuan4JBoq-UCBxXq82WoKKgB6nMy_1tXLBUOQUCnOn_CI&_nc_zt=24&_nc_ht=scontent-cdg4-1.cdninstagram.com&_nc_ss=7b6a8&oh=00_Af7a292N2ODVpj_HRCvqkC3NfQbAW0smDX5g3ZlN8wJt6A&oe=69FEB148,ornenicolini,https://www.instagram.com/ornenicolini,marmellata di albicocche #il prodottomisteriosoPENNY #accettoregolamento #holettoprivacypolicy,0,0,2026-04-28T12:52:46.000Z,18089411285605954,48760437957,2026-05-04T16:11:35.089Z,https://www.instagram.com/p/DXotHFAjcSM
https://scontent-cdg4-1.cdninstagram.com/v/t51.2885-19/434094882_692259899782583_2827962934464347770_n.jpg?stp=dst-jpg_s150x150_tt6&_nc_cat=102&ccb=7-5&_nc_sid=f7ccc5&efg=eyJ2ZW5jb2RlX3RhZyI6InByb2ZpbGVfcGljLnd3dy43MjAuQzMifQ%3D%3D&_nc_ohc=RHfLDLcOl2cQ7kNvwEAXAaM&_nc_oc=Adq5UekDw7eTxagGtLH8dXESkerNICK9aGPPI_dh6Yxp-2cpW1wgbbOuKnJdHCIGuhw&_nc_zt=24&_nc_ht=scontent-cdg4-1.cdninstagram.com&_nc_ss=7b6a8&oh=00_Af4RFmwLjNbKhpFv3tlIfutQEY8GhJy_RN12rLcgW2IoZQ&oe=69FE86CE,michelaprofiloconcorsi,https://www.instagram.com/michelaprofiloconcorsi,"confettura di albicocche 
#ilprodottomisteriosoPENNY
#accettoregolamento
#holettoprivacypolicy",0,0,2026-04-28T11:06:26.000Z,18022046210652135,58007882643,2026-05-04T16:11:35.089Z,https://www.instagram.com/p/DXotHFAjcSM
https://scontent-cdg4-1.cdninstagram.com/v/t51.2885-19/28152046_209275093154724_5944823350047014912_n.jpg?stp=dst-jpg_s150x150_tt6&_nc_cat=108&ccb=7-5&_nc_sid=f7ccc5&efg=eyJ2ZW5jb2RlX3RhZyI6InByb2ZpbGVfcGljLnd3dy4xMDgwLkMzIn0%3D&_nc_ohc=4LNnBaXtoNkQ7kNvwHxJRPL&_nc_oc=Adp4H6YfHK4-k3wODv5SHN1PAXOKtFn9qyofjKRJ5h8-UcaBHZJuVs2afzlQL-IIqNc&_nc_zt=24&_nc_ht=scontent-cdg4-1.cdninstagram.com&_nc_ss=7b6a8&oh=00_Af7QB-X_gXDTPCF27MkXxMgCwsnm43uX1BtqJ7-fU0CdbA&oe=69FEA6BA,federico_mattioli_,https://www.instagram.com/federico_mattioli_,Confettura di albicocca #prodottomisteriosopenny #accettoregolamento #holettoprivacypolicy,0,0,2026-04-27T21:26:47.000Z,18100144325072396,4282790861,2026-05-04T16:11:35.089Z,https://www.instagram.com/p/DXotHFAjcSM
https://scontent-cdg4-1.cdninstagram.com/v/t51.82787-19/588652797_18000301151841788_3493164550607452661_n.jpg?stp=dst-jpg_s150x150_tt6&_nc_cat=108&ccb=7-5&_nc_sid=f7ccc5&efg=eyJ2ZW5jb2RlX3RhZyI6InByb2ZpbGVfcGljLnd3dy4xMDgwLkMzIn0%3D&_nc_ohc=PWw4XB_1hFoQ7kNvwE0R0BE&_nc_oc=Adqlji3ft4IA7hL4MpcOl4SseQbqXQslbCrde_BVZS2fvtMRize-oaUC-9QibXwJw4g&_nc_zt=24&_nc_ht=scontent-cdg4-1.cdninstagram.com&_nc_gid=0aiyLCYlArSF_c2l5AEQvA&_nc_ss=7b6a8&oh=00_Af4lpsmLluG2FzEGN-wcryPvK0kOsARfYTH2KWfZ5TWVZw&oe=69FE8368,izabel_ice_,https://www.instagram.com/izabel_ice_,#ilprodottomisteriosopenny #accettoregolamento #holettoprivacypolicy confettura di albicocche,0,0,2026-04-28T12:35:49.000Z,18419539954127360,55366129787,2026-05-04T16:11:35.089Z,https://www.instagram.com/p/DXotHFAjcSM
https://scontent-cdg4-1.cdninstagram.com/v/t51.2885-19/24175468_2040419492893975_5612098079076384768_n.jpg?_nc_cat=108&ccb=7-5&_nc_sid=f7ccc5&efg=eyJ2ZW5jb2RlX3RhZyI6InByb2ZpbGVfcGljLnd3dy4xNTAuQzMifQ%3D%3D&_nc_ohc=TL9ZPk0fosQQ7kNvwFthxra&_nc_oc=Adr_gAH--9O5VXv2hNr2R_OPDTvEnlc47Gq8BjdTwehD9XcFCQOR2yqKSBpgLj5ecS0&_nc_zt=24&_nc_ht=scontent-cdg4-1.cdninstagram.com&_nc_ss=7b6a8&oh=00_Af6XiXkH8WoNKN5kztXcy6TDQIISKgcF4xrFRpknlmF27Q&oe=69FEA616,doriana_iacurti,https://www.instagram.com/doriana_iacurti,Confettura di Albicocca senza zuccheri aggiunti #ilprodottomisteriosoPENNY #accettoregolamento #holettoprivacypolicy,0,0,2026-04-27T15:25:19.000Z,18086103980604581,3848008466,2026-05-04T16:11:35.089Z,https://www.instagram.com/p/DXotHFAjcSM
https://scontent-cdg4-1.cdninstagram.com/v/t51.82787-19/541181044_18424255585101943_7093608448632670417_n.jpg?stp=dst-jpg_s150x150_tt6&_nc_cat=104&ccb=7-5&_nc_sid=f7ccc5&efg=eyJ2ZW5jb2RlX3RhZyI6InByb2ZpbGVfcGljLnd3dy4yNTYuQzMifQ%3D%3D&_nc_ohc=K6fFk7_W6IUQ7kNvwHN2rMg&_nc_oc=Adrn6DooL6nUmJnp0bIbpfxr5WwdQk8ZKfhnlQ72spWrXv-FfIduKkDbn_w5xAEbpno&_nc_zt=24&_nc_ht=scontent-cdg4-1.cdninstagram.com&_nc_gid=0aiyLCYlArSF_c2l5AEQvA&_nc_ss=7b6a8&oh=00_Af5Jroke6ra7Q0Ueik6l1Xelad2in2WeSip1kTpTifVs9Q&oe=69FE7CA0,mariaritapalmiotti,https://www.instagram.com/mariaritapalmiotti,Confettura di albicocche senza zuccheri aggiunti  #ilpropdottomisteriosoPENNY  #accettoilregolamento  #holettoprivacypolicy,0,0,2026-04-27T15:09:13.000Z,18068692790679131,2914349942,2026-05-04T16:11:35.089Z,https://www.instagram.com/p/DXotHFAjcSM
https://scontent-cdg6-1.cdninstagram.com/v/t51.89012-19/573323465_1219825463302212_7278921664109726296_n.jpg?stp=dst-jpg_s150x150_tt6&_nc_cat=1&ccb=7-5&_nc_sid=f7ccc5&efg=eyJ2ZW5jb2RlX3RhZyI6InByb2ZpbGVfcGljLnd3dy5DMyJ9&_nc_ohc=Pf4Jx7fI-JMQ7kNvwEdnA1r&_nc_oc=AdrM5ak9ThOqfmCIPi6cg4Jm_5TeInAUOEZd_c63seXXEeGj0StKGP4VtTRRkluVdEU&_nc_zt=24&_nc_ht=scontent-cdg6-1.cdninstagram.com&_nc_gid=0aiyLCYlArSF_c2l5AEQvA&_nc_ss=7b6a8&oh=00_Af7XX7vXN2mIa5Mbr8f9NkaXqsuH88OQDa-J_eqUY76sWw&oe=69FE87E2,al_essandra4975,https://www.instagram.com/al_essandra4975,#ilprodottomisteriosopenny #accettoregolamento #Holettoprivacypolicy marmellata di pesche,0,0,2026-04-28T16:48:54.000Z,18396160738155681,33755095477,2026-05-04T16:11:35.089Z,https://www.instagram.com/p/DXotHFAjcSM
https://scontent-cdg4-2.cdninstagram.com/v/t51.2885-19/470985122_945425910446881_682701601598310530_n.jpg?stp=dst-jpg_s150x150_tt6&_nc_cat=107&ccb=7-5&_nc_sid=f7ccc5&efg=eyJ2ZW5jb2RlX3RhZyI6InByb2ZpbGVfcGljLnd3dy4xMDgwLkMzIn0%3D&_nc_ohc=Y2nWCiAA7NUQ7kNvwErreB7&_nc_oc=AdqbRemuxdEYoXkO5zr9ZFuRsjbpoGtWX6A9K5tig9oiScMLJSMXFzSjolOphXNTpgA&_nc_zt=24&_nc_ht=scontent-cdg4-2.cdninstagram.com&_nc_ss=7b6a8&oh=00_Af5zZGQfEf8E7hLoWNfYpY9DQvQ6AGmu2rv3pnI9XIp3lQ&oe=69FE9BDE,miriam.inglima,https://www.instagram.com/miriam.inglima,confettura di albicocche senza zuccheri aggiunti #ilprodottomisteriosoPENNY #accettoregolamento #holettoprivacypolicy,0,0,2026-04-27T19:32:48.000Z,18111792352876562,3554688366,2026-05-04T16:11:35.089Z,https://www.instagram.com/p/DXotHFAjcSM
https://scontent-cdg4-2.cdninstagram.com/v/t51.2885-19/69356050_755795014852498_3290388386929442816_n.jpg?stp=dst-jpg_s150x150_tt6&_nc_cat=101&ccb=7-5&_nc_sid=f7ccc5&efg=eyJ2ZW5jb2RlX3RhZyI6InByb2ZpbGVfcGljLnd3dy4yMDAuQzMifQ%3D%3D&_nc_ohc=Mt35o1IWwfsQ7kNvwFKogcO&_nc_oc=AdqS-RnXY8hakhjw2mohAkx7IuXgdK3Lq79jk39SO_5rPKZ9VYeWIbnxeh-SGN_IQdo&_nc_zt=24&_nc_ht=scontent-cdg4-2.cdninstagram.com&_nc_ss=7b6a8&oh=00_Af7YwkiUlG7pLDanPq65NyupoBAXiu85cjC18V9tStk7kw&oe=69FEAA8F,alberto.visentin.2003,https://www.instagram.com/alberto.visentin.2003,"Confettura di albicocche senza zuccheri aggiunti #ilprodottomisteriosoPENNY
#accettoregolamento
#holettoprivacypolicy",0,0,2026-04-27T20:12:08.000Z,18109154143873935,19344567648,2026-05-04T16:11:41.904Z,https://www.instagram.com/p/DXotHFAjcSM
https://scontent-cdg4-3.cdninstagram.com/v/t51.82787-19/649481711_18569013655023753_2842839722867270806_n.jpg?stp=dst-jpg_s150x150_tt6&_nc_cat=111&ccb=7-5&_nc_sid=f7ccc5&efg=eyJ2ZW5jb2RlX3RhZyI6InByb2ZpbGVfcGljLnd3dy4xMDgwLkMzIn0%3D&_nc_ohc=kR1TujiaAcAQ7kNvwELzim0&_nc_oc=AdqjU0U1VGJ0rVjgbUwrHWi6DIs6KQaEVsHvtl6rx7saH58m-Qds81bqT2aj6DZ6yTQ&_nc_zt=24&_nc_ht=scontent-cdg4-3.cdninstagram.com&_nc_gid=ToeTmop9sQ8x10pIoU9-9w&_nc_ss=7b6a8&oh=00_Af5nts0CJYDyU1Fldk2J9gbR_Se_Ptg7U_8dWN1MmXV_qw&oe=69FE8C70,sclerata80,https://www.instagram.com/sclerata80,"Confetture di albicocche #prodottomisteriosoPENNY, #accettoregolamento e #holettoprivacypolicy",0,0,2026-04-28T13:22:39.000Z,18068560847651674,1536023752,2026-05-04T16:11:41.904Z,https://www.instagram.com/p/DXotHFAjcSM
https://scontent-cdg4-1.cdninstagram.com/v/t51.2885-19/280702723_2254907951325135_880035346457724767_n.jpg?stp=dst-jpg_s150x150_tt6&_nc_cat=104&ccb=7-5&_nc_sid=f7ccc5&efg=eyJ2ZW5jb2RlX3RhZyI6InByb2ZpbGVfcGljLnd3dy41NTcuQzMifQ%3D%3D&_nc_ohc=7y1nP_LvtiUQ7kNvwFntqL3&_nc_oc=AdpHENP_gJ-PNgTAfkk_5WSK2-ixabsGZpZhoFbDjpd_xWcmyfAHshlAVmvu4lSeku8&_nc_zt=24&_nc_ht=scontent-cdg4-1.cdninstagram.com&_nc_ss=7b6a8&oh=00_Af4xgnQ1mDFmwWHQWJKgUyJVyGtSes8P6aefigqLhQ52TQ&oe=69FE7CE2,andreacavellini,https://www.instagram.com/andreacavellini,Confettura di albicocca #ilprodottomisteriosopenny #accettoregolamento #holettoprivacypolicy,0,0,2026-04-28T16:42:56.000Z,18578896057022010,286827174,2026-05-04T16:11:41.904Z,https://www.instagram.com/p/DXotHFAjcSM
https://scontent-cdg6-1.cdninstagram.com/v/t51.2885-19/480300912_1155558305620907_4557066182874131318_n.jpg?stp=dst-jpg_s150x150_tt6&_nc_cat=106&ccb=7-5&_nc_sid=f7ccc5&efg=eyJ2ZW5jb2RlX3RhZyI6InByb2ZpbGVfcGljLnd3dy4xMDgwLkMzIn0%3D&_nc_ohc=hU1saVAQ2jgQ7kNvwHAoH49&_nc_oc=AdqUxQS41lkcqQuQ1BEveoNQljCj3yUOM4_NHZg-SDaLmyTwOUg9GByLH3IVNNysapg&_nc_zt=24&_nc_ht=scontent-cdg6-1.cdninstagram.com&_nc_ss=7b6a8&oh=00_Af5E_sqIfIGaJVOsbC6HwQHMAfrAcWVGYTX0OyVvhQpycg&oe=69FEA1AF,tea64na,https://www.instagram.com/tea64na,Confettura di albicocca #ilprodottomisteriosopenny #accettoregolamento #holettoprivacypolicy,0,0,2026-04-28T16:33:59.000Z,18587020549060929,13813045905,2026-05-04T16:11:41.904Z,https://www.instagram.com/p/DXotHFAjcSM
https://scontent-cdg4-1.cdninstagram.com/v/t51.2885-19/52969796_405257990285050_3846051855318646784_n.jpg?stp=dst-jpg_s150x150_tt6&_nc_cat=110&ccb=7-5&_nc_sid=f7ccc5&efg=eyJ2ZW5jb2RlX3RhZyI6InByb2ZpbGVfcGljLnd3dy40NzMuQzMifQ%3D%3D&_nc_ohc=eq-AK4oB9m4Q7kNvwHkr_5t&_nc_oc=AdodhMv01ocOt6RN13L_eLPih-E5-dN1dG0HC0HjMD3ZQmoDKmUn0xgSy5_t1C-L6K0&_nc_zt=24&_nc_ht=scontent-cdg4-1.cdninstagram.com&_nc_ss=7b6a8&oh=00_Af4pWXN4KXvOpXD35pP3dVtGuk7eGmyhCIezKKkQkn1djQ&oe=69FE9E60,tella7178,https://www.instagram.com/tella7178,#ilprodottomisteriodopenny #accettoregolarmento #holettoprivacypolicy marmellata albicocca,0,0,2026-04-28T12:10:01.000Z,18101284000789428,12293624721,2026-05-04T16:11:41.904Z,https://www.instagram.com/p/DXotHFAjcSM
https://scontent-cdg6-1.cdninstagram.com/v/t51.2885-19/470306331_1320568382493565_8393929672309950138_n.jpg?stp=dst-jpg_s150x150_tt6&_nc_cat=106&ccb=7-5&_nc_sid=f7ccc5&efg=eyJ2ZW5jb2RlX3RhZyI6InByb2ZpbGVfcGljLnd3dy4xMDI0LkMzIn0%3D&_nc_ohc=kBbRfwAJs1YQ7kNvwHWBCQp&_nc_oc=AdqlHZD4s7bG5gpJX-5csIEWUpFscscDTqYvUzfMfLex1gThptDgPJp0d2b9hyuysWE&_nc_zt=24&_nc_ht=scontent-cdg6-1.cdninstagram.com&_nc_ss=7b6a8&oh=00_Af4uTuXq2BBmixfzRSCg50j5rhnjl--JiqLiVqSguTJ0hQ&oe=69FE9F94,vincent.concorsi,https://www.instagram.com/vincent.concorsi,#prodottomisteriosopenny #accettoregolamento #holettoprivacypolicy Confettura di albicocca,0,0,2026-04-28T13:17:52.000Z,18078866459548106,5581098959,2026-05-04T16:11:41.904Z,https://www.instagram.com/p/DXotHFAjcSM
https://scontent-cdg6-1.cdninstagram.com/v/t51.2885-19/474114146_586770237603175_1308280386674054712_n.jpg?stp=dst-jpg_s150x150_tt6&_nc_cat=105&ccb=7-5&_nc_sid=f7ccc5&efg=eyJ2ZW5jb2RlX3RhZyI6InByb2ZpbGVfcGljLnd3dy4zMjAuQzMifQ%3D%3D&_nc_ohc=T7PRnqBIgDsQ7kNvwFzJBQw&_nc_oc=Adq4GOZNEGnSzrMEzBRJDM-DV9oWcFd7TAt0MlMZ7ji3mzkfnU1K75IxVu4rKzryzAg&_nc_zt=24&_nc_ht=scontent-cdg6-1.cdninstagram.com&_nc_ss=7b6a8&oh=00_Af6tqwEo_V1_vvBKbuttl9qxsyZDrueJiMTFaeDhQLA0Dw&oe=69FE7D91,luisades2024,https://www.instagram.com/luisades2024,#prodottomisteriosopenny #accettoregolamento #holettoprivacypolicy Confettura di albicocca,0,0,2026-04-28T14:33:24.000Z,18069449966437627,65813945902,2026-05-04T16:11:41.904Z,https://www.instagram.com/p/DXotHFAjcSM
https://scontent-cdg6-1.cdninstagram.com/v/t51.2885-19/341351395_1251814762084246_5819680427663499731_n.jpg?stp=dst-jpg_s150x150_tt6&_nc_cat=103&ccb=7-5&_nc_sid=f7ccc5&efg=eyJ2ZW5jb2RlX3RhZyI6InByb2ZpbGVfcGljLnd3dy4xMDgwLkMzIn0%3D&_nc_ohc=SQJ3Rd6UVsUQ7kNvwGCh3_q&_nc_oc=AdoUuaucxjnIRE5IKkUjgBZ_1Gtj7MAKDoRx51QHlMl0i7yHOt3B85AObydLcq7YDzk&_nc_zt=24&_nc_ht=scontent-cdg6-1.cdninstagram.com&_nc_ss=7b6a8&oh=00_Af6Ea3pTcA17Rwu2A0DxEuDEjP9g-NWFIqCC5zbkv-tm0w&oe=69FE80B6,incucinadakate,https://www.instagram.com/incucinadakate,Confettura di albicocca linea Wellness senza zuccheri aggiunti #ilprodottomisteriosoPENNY #accettoregolamento #holettoprivacypolicy,0,0,2026-04-28T11:48:01.000Z,18090199124462309,47354651505,2026-05-04T16:11:41.904Z,https://www.instagram.com/p/DXotHFAjcSM
https://scontent-cdg6-1.cdninstagram.com/v/t51.89012-19/573323465_1219825463302212_7278921664109726296_n.jpg?stp=dst-jpg_s150x150_tt6&_nc_cat=1&ccb=7-5&_nc_sid=f7ccc5&efg=eyJ2ZW5jb2RlX3RhZyI6InByb2ZpbGVfcGljLnd3dy5DMyJ9&_nc_ohc=Pf4Jx7fI-JMQ7kNvwEdnA1r&_nc_oc=AdrM5ak9ThOqfmCIPi6cg4Jm_5TeInAUOEZd_c63seXXEeGj0StKGP4VtTRRkluVdEU&_nc_zt=24&_nc_ht=scontent-cdg6-1.cdninstagram.com&_nc_gid=ToeTmop9sQ8x10pIoU9-9w&_nc_ss=7b6a8&oh=00_Af7AhloSMDwQSkDkaM2bDqcBCOlWUK-BZfxyGBT9SdH7Ng&oe=69FE87E2,laurella771,https://www.instagram.com/laurella771,Confettura di albicocche senza zuccheri aggiunti #ilprodottomisteriosoPENNY #accettoregolamento #holettoprivacypolicy,0,0,2026-04-28T04:25:20.000Z,18091948619466125,58527293631,2026-05-04T16:11:41.904Z,https://www.instagram.com/p/DXotHFAjcSM
https://scontent-cdg4-2.cdninstagram.com/v/t51.2885-19/66604284_637077000115494_2154646931895222272_n.jpg?stp=dst-jpg_s150x150_tt6&_nc_cat=101&ccb=7-5&_nc_sid=f7ccc5&efg=eyJ2ZW5jb2RlX3RhZyI6InByb2ZpbGVfcGljLnd3dy45NjAuQzMifQ%3D%3D&_nc_ohc=cVq-F1fSwO0Q7kNvwFep_JX&_nc_oc=Adr1dTdhFdJD7XHdVNHqFwLxwAXmL7qy7jgqBZyUjTyynbpt1wB92B_dfOoSodUxM4A&_nc_zt=24&_nc_ht=scontent-cdg4-2.cdninstagram.com&_nc_ss=7b6a8&oh=00_Af4NhYtFDeCXUz1Xa9ygOxs8Rm3Sou6VK4V_NvP76U1qoQ&oe=69FE9710,maria.tomasello61,https://www.instagram.com/maria.tomasello61,Confettura di albicocca #ilprodottomisteriosopenny #accettoregolamento #holettoprivacypolicy,0,0,2026-04-29T19:14:26.000Z,18102389344990849,1908370395,2026-05-04T16:11:41.904Z,https://www.instagram.com/p/DXotHFAjcSM
https://scontent-cdg4-1.cdninstagram.com/v/t51.82787-19/610878130_18280079086304921_1836659492366270980_n.jpg?stp=dst-jpg_s150x150_tt6&_nc_cat=102&ccb=7-5&_nc_sid=f7ccc5&efg=eyJ2ZW5jb2RlX3RhZyI6InByb2ZpbGVfcGljLnd3dy4xMDgwLkMzIn0%3D&_nc_ohc=0_I6FwPM5XMQ7kNvwEufgC-&_nc_oc=AdpL94x5bj6Bck9bWkwRTLPfMai9SxL9iRkdw_owkg5Fd_rOMHVsdHMujnanPCw66I8&_nc_zt=24&_nc_ht=scontent-cdg4-1.cdninstagram.com&_nc_gid=ToeTmop9sQ8x10pIoU9-9w&_nc_ss=7b6a8&oh=00_Af7K3-A4FFqkIf2d3cb3BRrD-V-1J_0JlMvXW_qXo7lSrg&oe=69FEAB31,s_c_1977,https://www.instagram.com/s_c_1977,Confettura di albicocche 100% #prodottomisteriosopenny #accettoregolamento #holettoprivacypolicy,0,0,2026-04-28T11:42:19.000Z,18087165473598262,9194952920,2026-05-04T16:11:41.904Z,https://www.instagram.com/p/DXotHFAjcSM
https://scontent-cdg6-1.cdninstagram.com/v/t51.89012-19/573323465_1219825463302212_7278921664109726296_n.jpg?stp=dst-jpg_s150x150_tt6&_nc_cat=1&ccb=7-5&_nc_sid=f7ccc5&efg=eyJ2ZW5jb2RlX3RhZyI6InByb2ZpbGVfcGljLnd3dy5DMyJ9&_nc_ohc=Pf4Jx7fI-JMQ7kNvwEdnA1r&_nc_oc=AdrM5ak9ThOqfmCIPi6cg4Jm_5TeInAUOEZd_c63seXXEeGj0StKGP4VtTRRkluVdEU&_nc_zt=24&_nc_ht=scontent-cdg6-1.cdninstagram.com&_nc_gid=ToeTmop9sQ8x10pIoU9-9w&_nc_ss=7b6a8&oh=00_Af7AhloSMDwQSkDkaM2bDqcBCOlWUK-BZfxyGBT9SdH7Ng&oe=69FE87E2,pierabbi,https://www.instagram.com/pierabbi,Confettura di albicocche senza zuccheri aggiunti #ilprodottomisteriosoPENNY #accettoregolamento #holettoprivacypolicy,0,0,2026-04-28T07:53:52.000Z,18102399244768882,62523005149,2026-05-04T16:11:41.904Z,https://www.instagram.com/p/DXotHFAjcSM
https://scontent-cdg4-1.cdninstagram.com/v/t51.2885-19/353202290_279738327839962_568004275935565665_n.jpg?stp=dst-jpg_s150x150_tt6&_nc_cat=108&ccb=7-5&_nc_sid=f7ccc5&efg=eyJ2ZW5jb2RlX3RhZyI6InByb2ZpbGVfcGljLnd3dy44ODguQzMifQ%3D%3D&_nc_ohc=9g1mwe_0SAMQ7kNvwFaHmpH&_nc_oc=Adq4CEauazce5paFgio7ZMKBxLtJcNcO6hEZ2_5s2Z-rIrJHbW9V2AWw_gw_U36yecU&_nc_zt=24&_nc_ht=scontent-cdg4-1.cdninstagram.com&_nc_ss=7b6a8&oh=00_Af5aQkhQ0gYMRw4ZIReD7ZB9gYt-VN7wRliCKF8lxzAV3Q&oe=69FE9B37,hctiwydal__heith,https://www.instagram.com/hctiwydal__heith,Confettura di zucca .#prodottomisteriosopenny #accettoregolamento #holettoprivacypolicy,0,0,2026-04-28T11:02:33.000Z,18098229875015221,854772269,2026-05-04T16:11:41.904Z,https://www.instagram.com/p/DXotHFAjcSM
https://scontent-cdg6-1.cdninstagram.com/v/t51.2885-19/240580233_868626647091406_9114875350036912872_n.jpg?stp=dst-jpg_s150x150_tt6&_nc_cat=103&ccb=7-5&_nc_sid=f7ccc5&efg=eyJ2ZW5jb2RlX3RhZyI6InByb2ZpbGVfcGljLnd3dy4xMDgwLkMzIn0%3D&_nc_ohc=RUfg7HhQwRAQ7kNvwGMBhZ2&_nc_oc=AdoAqgZ2JChCs1HnO99bE1ADzdiyg8007p7EY3iygMXnll7LzWtJiC0826rPDe3XD7k&_nc_zt=24&_nc_ht=scontent-cdg6-1.cdninstagram.com&_nc_ss=7b6a8&oh=00_Af4HLywofq456nT_wDsxali_c_4JechAjrxlBH2nwEMc4g&oe=69FEABE5,francesca.gallo9782017,https://www.instagram.com/francesca.gallo9782017,#confetturadialbicocche#accettoregolamento#holettoprivacypolicy,0,0,2026-04-29T19:04:16.000Z,18122092558618572,5756196169,2026-05-04T16:11:41.904Z,https://www.instagram.com/p/DXotHFAjcSM
https://scontent-cdg6-1.cdninstagram.com/v/t51.2885-19/11326107_1622109094727654_604712427_a.jpg?_nc_cat=106&ccb=7-5&_nc_sid=f7ccc5&efg=eyJ2ZW5jb2RlX3RhZyI6InByb2ZpbGVfcGljLnd3dy4xNTAuQzMifQ%3D%3D&_nc_ohc=gt9Vz0NBOHIQ7kNvwEzwkyz&_nc_oc=AdoGHewpJKgYW2s2oItNlxRRUH1JB2FOzebpo3qWUhKqVxCf8joEvtsO-Cl5v587jK4&_nc_zt=24&_nc_ht=scontent-cdg6-1.cdninstagram.com&_nc_ss=7b6a8&oh=00_Af4KXCmCiPlhHZbUwOjk4cdEZImlo6cGGPxtCNcruCJ--A&oe=69FE912B,archviews,https://www.instagram.com/archviews,marmellata di albicocca #ilprodottomisteriosoPENNY #accettoregolamento #holettoprivacypolicy,0,0,2026-04-28T01:59:43.000Z,18113362312748712,24200121,2026-05-04T16:11:41.904Z,https://www.instagram.com/p/DXotHFAjcSM
https://scontent-cdg4-1.cdninstagram.com/v/t51.2885-19/385722420_286656217623379_6781367641702735225_n.jpg?stp=dst-jpg_s150x150_tt6&_nc_cat=110&ccb=7-5&_nc_sid=f7ccc5&efg=eyJ2ZW5jb2RlX3RhZyI6InByb2ZpbGVfcGljLnd3dy4xMDgwLkMzIn0%3D&_nc_ohc=EDmRWKjlvioQ7kNvwHrLBjb&_nc_oc=Adoif26d6LninoeZG5oeqBPvGP3iDEn9RitPCSpBcodWZjfONAywxCzbRRrTbbL9MHA&_nc_zt=24&_nc_ht=scontent-cdg4-1.cdninstagram.com&_nc_ss=7b6a8&oh=00_Af5ko7ydb0E9Tk3JQHECm-eTv8lznuz1lDWNCZQue9SsAA&oe=69FE92D0,rosaparibellos,https://www.instagram.com/rosaparibellos,#ilprodottomisteriosopenny #accettoregolamento #holettoprivacypolicy  marmellata di albicocche senza zuccheri aggiunti,0,0,2026-04-28T05:27:07.000Z,18081833177377983,3171359216,2026-05-04T16:11:49.579Z,https://www.instagram.com/p/DXotHFAjcSM
https://scontent-cdg4-1.cdninstagram.com/v/t51.2885-19/350901967_6764839813528139_2362121369426870832_n.jpg?stp=dst-jpg_s150x150_tt6&_nc_cat=104&ccb=7-5&_nc_sid=f7ccc5&efg=eyJ2ZW5jb2RlX3RhZyI6InByb2ZpbGVfcGljLnd3dy45NjAuQzMifQ%3D%3D&_nc_ohc=5hU1p3TQDMoQ7kNvwH5BRMX&_nc_oc=AdqDoliKtC3DJA-MMsGB0rMz85nxEh6x5kHE-39sVaBzmcD-YxPsyH_EMPW4FO6wXxs&_nc_zt=24&_nc_ht=scontent-cdg4-1.cdninstagram.com&_nc_ss=7b6a8&oh=00_Af4q8LOeeOR8kW6rvULMpdkWJ5mp3unHTPNHnAte3hV0EQ&oe=69FEB043,ele_ing82,https://www.instagram.com/ele_ing82,#ilprodottomisteriosopenny  #accettoregolamento #holettoprivacypolicy  confettura di albicocca senza zuccheri,0,0,2026-04-28T21:49:19.000Z,18102734330068501,7325616211,2026-05-04T16:11:49.579Z,https://www.instagram.com/p/DXotHFAjcSM
https://scontent-cdg4-2.cdninstagram.com/v/t51.2885-19/310525221_6322258977789081_1596026275859199695_n.jpg?stp=dst-jpg_s150x150_tt6&_nc_cat=109&ccb=7-5&_nc_sid=f7ccc5&efg=eyJ2ZW5jb2RlX3RhZyI6InByb2ZpbGVfcGljLnd3dy45NDAuQzMifQ%3D%3D&_nc_ohc=HS9gy-221GIQ7kNvwGem8j8&_nc_oc=AdqH35IfH7JHCRYLguDVz3K_GGbxM-Joy2saQiT4FO0KYnbuZOEP0-WmuOAiu9NmE8g&_nc_zt=24&_nc_ht=scontent-cdg4-2.cdninstagram.com&_nc_ss=7b6a8&oh=00_Af4YY71ALoAIzfMCWOAZVkwBEGDpO84Hf6UZi3o6slhLgw&oe=69FE9903,zairatkd,https://www.instagram.com/zairatkd,Confettura di albicocca #prodottomisteriosopenny #accettoregolamento #holettoprivacypolicy,0,0,2026-04-28T15:35:24.000Z,18072941978276087,560320122,2026-05-04T16:11:49.579Z,https://www.instagram.com/p/DXotHFAjcSM
https://scontent-cdg6-1.cdninstagram.com/v/t51.2885-19/13707175_1340919329261129_1472895803_a.jpg?stp=dst-jpg_s150x150_tt6&_nc_cat=105&ccb=7-5&_nc_sid=f7ccc5&efg=eyJ2ZW5jb2RlX3RhZyI6InByb2ZpbGVfcGljLnd3dy4xMDgwLkMzIn0%3D&_nc_ohc=IZ9HBhrkRJEQ7kNvwFH7trV&_nc_oc=AdqUUx_fBrOLZXAV8-amTlEwSUtLE6jdAIn13jtCJaPOzi7Hm9ZxFt8Bb_qqaUfrslA&_nc_zt=24&_nc_ht=scontent-cdg6-1.cdninstagram.com&_nc_ss=7b6a8&oh=00_Af63bd14k169ikdl0JYM4MGCkXwcKudmt0gJBBMIhVLCQQ&oe=69FE8E75,alessandrabedendo,https://www.instagram.com/alessandrabedendo,"Confettura di albicocca senza zuccheri aggiunti #ilprodottomisteriosoPENNY
#accettoregolamento
#holettoprivacypolicy",0,0,2026-04-27T15:22:14.000Z,18101548397294808,3620502832,2026-05-04T16:11:49.579Z,https://www.instagram.com/p/DXotHFAjcSM
https://scontent-cdg6-1.cdninstagram.com/v/t51.2885-19/22793792_291655878007056_5797745162817896448_n.jpg?stp=dst-jpg_s150x150_tt6&_nc_cat=103&ccb=7-5&_nc_sid=f7ccc5&efg=eyJ2ZW5jb2RlX3RhZyI6InByb2ZpbGVfcGljLnd3dy4xMDgwLkMzIn0%3D&_nc_ohc=WFZl0GDiNskQ7kNvwHOh-6q&_nc_oc=AdqFl9-Xqsr5FYXS0xtiWTzvOOjAC4py3k3a3RijLUOI1Y-ughOYi7bGkq62UjqBSgc&_nc_zt=24&_nc_ht=scontent-cdg6-1.cdninstagram.com&_nc_ss=7b6a8&oh=00_Af7VwbU7TCffnIrLexk6qLSKjemGunNWtIlSOYrHeP8Sug&oe=69FE8DC7,fra.1979,https://www.instagram.com/fra.1979,Confettura di albicocche senza zuccheri aggiunti #ilprodottomisteriosoPENNY #accettoregolamento #holettoprivacypolicy,0,0,2026-04-28T12:17:26.000Z,18580590922057594,967682190,2026-05-04T16:11:49.579Z,https://www.instagram.com/p/DXotHFAjcSM
https://scontent-cdg4-2.cdninstagram.com/v/t51.2885-19/11426379_1456378131351827_1088646825_a.jpg?_nc_cat=101&ccb=7-5&_nc_sid=f7ccc5&efg=eyJ2ZW5jb2RlX3RhZyI6InByb2ZpbGVfcGljLnd3dy4xNTAuQzMifQ%3D%3D&_nc_ohc=kzR-L3guEuIQ7kNvwG_jq8E&_nc_oc=AdoL4xX8kRn1rGicpDlpXxwQKUdlBcfZrgLUf9dBhi8jsbathRmDSSixc1yeUW_iJ7A&_nc_zt=24&_nc_ht=scontent-cdg4-2.cdninstagram.com&_nc_ss=7b6a8&oh=00_Af6y-wNetEn7SHfjRS8CmEnXltp-VoQqD0-CbXswE3PnvQ&oe=69FEB0DF,bene_erbetti,https://www.instagram.com/bene_erbetti,"Confettura di albicocche #ilprodottomisteriosoPENNY
#accettoregolamento
#holettoprivacypolicy",0,0,2026-04-27T15:39:30.000Z,18099905522283569,190492078,2026-05-04T16:11:49.579Z,https://www.instagram.com/p/DXotHFAjcSM
https://scontent-cdg4-1.cdninstagram.com/v/t51.82787-19/587366620_17842042059633568_3922475571430946436_n.jpg?stp=dst-jpg_s150x150_tt6&_nc_cat=108&ccb=7-5&_nc_sid=f7ccc5&efg=eyJ2ZW5jb2RlX3RhZyI6InByb2ZpbGVfcGljLnd3dy4zMjAuQzMifQ%3D%3D&_nc_ohc=VOZ0hAMafxUQ7kNvwHfAE64&_nc_oc=AdqMIKPPb3fRF4E-2RvSkSmxE6mVxWIYRhmmoF0T-TisRDrYN1gw1Zy86NLCsrTl7ic&_nc_zt=24&_nc_ht=scontent-cdg4-1.cdninstagram.com&_nc_gid=QBQehP__Yyt-MaVhhnTUXg&_nc_ss=7b6a8&oh=00_Af790KOu4C_NTy_JJbnNf0gnemH4FUD_b20pIN2_Q2eWog&oe=69FE8A70,biondi_debora,https://www.instagram.com/biondi_debora,Marmellata di pesca  #ilprodottomisteriosoPenny  #accettoregolamento.  #holettoprivacypolicy,0,0,2026-04-29T04:19:15.000Z,18404605480149181,78967865567,2026-05-04T16:11:49.579Z,https://www.instagram.com/p/DXotHFAjcSM
https://scontent-cdg4-1.cdninstagram.com/v/t51.2885-19/384826106_365307149172804_2167720347026625560_n.jpg?stp=dst-jpg_s150x150_tt6&_nc_cat=102&ccb=7-5&_nc_sid=f7ccc5&efg=eyJ2ZW5jb2RlX3RhZyI6InByb2ZpbGVfcGljLnd3dy4xMDgwLkMzIn0%3D&_nc_ohc=iKfGvAdconQQ7kNvwEOOgt3&_nc_oc=AdpsaCX96bpUpqFNZhhMiNUgxIjLKYtJnmQq7h3wvIYcxFvWz7GTNMAVbgj5PX0i2ZI&_nc_zt=24&_nc_ht=scontent-cdg4-1.cdninstagram.com&_nc_ss=7b6a8&oh=00_Af4M-7EEQnxAf5bLBHPRo_Iladyi7Ag5ZBHnF25DCGaLyg&oe=69FEA5F6,anto_plutino,https://www.instagram.com/anto_plutino,Confettura di albicocche senza zuccheri aggiunti #ilprodottomisteriosoPENNY #accettoregolamento #holettoprivacypolicy,0,0,2026-04-28T13:27:25.000Z,18582364651005886,7708733095,2026-05-04T16:11:49.579Z,https://www.instagram.com/p/DXotHFAjcSM
https://scontent-cdg4-1.cdninstagram.com/v/t51.2885-19/272915062_1108095733275963_6829329662749958097_n.jpg?stp=dst-jpg_s150x150_tt6&_nc_cat=104&ccb=7-5&_nc_sid=f7ccc5&efg=eyJ2ZW5jb2RlX3RhZyI6InByb2ZpbGVfcGljLnd3dy43MjAuQzMifQ%3D%3D&_nc_ohc=EiZB_xlQAAkQ7kNvwEz3D9Z&_nc_oc=AdrVZw79FWd-Ev0t_0ynVa4vB-t4A3kk2gcgz8WSVqemC9Uuj5dfXsBpEPomdhZt8Wc&_nc_zt=24&_nc_ht=scontent-cdg4-1.cdninstagram.com&_nc_ss=7b6a8&oh=00_Af6xdGH5kyFxjIndSevjKf-xbbkCw1i2MSF-6VlGGoyJvw&oe=69FE86D0,franny_84_,https://www.instagram.com/franny_84_,Confettura di albicocca #prodottomisteriosopenny #accettoregolamento #holettoprivacypolicy,0,0,2026-04-30T07:16:13.000Z,17887944885490067,51499005313,2026-05-04T16:11:49.579Z,https://www.instagram.com/p/DXotHFAjcSM
https://scontent-cdg4-2.cdninstagram.com/v/t51.82787-19/649539878_18572266252022420_6036310850059898242_n.jpg?stp=dst-jpg_s150x150_tt6&_nc_cat=101&ccb=7-5&_nc_sid=f7ccc5&efg=eyJ2ZW5jb2RlX3RhZyI6InByb2ZpbGVfcGljLnd3dy4xMDgwLkMzIn0%3D&_nc_ohc=cfvB41lNvWgQ7kNvwHJH9ZJ&_nc_oc=AdrVt-Lo2ivhrSbrTxy_oFkECXoCI6ZvLHCU4kuKjnBtTtG896J0LJ4ATZjRNHWpVfE&_nc_zt=24&_nc_ht=scontent-cdg4-2.cdninstagram.com&_nc_gid=QBQehP__Yyt-MaVhhnTUXg&_nc_ss=7b6a8&oh=00_Af5ih_TqiueBUOaEYTt_4D_LBQ_mAicgXUvrCfKyLTOoZQ&oe=69FEA843,francescabaria,https://www.instagram.com/francescabaria,Confettura di albicocca #prodottomisteriosopenny #accettoregolamento #holettoprivacypolicy,0,0,2026-04-30T06:28:05.000Z,18102160702783944,207510419,2026-05-04T16:11:49.579Z,https://www.instagram.com/p/DXotHFAjcSM
https://scontent-cdg6-1.cdninstagram.com/v/t51.2885-19/386570493_889719502499186_5579800441691399084_n.jpg?stp=dst-jpg_s150x150_tt6&_nc_cat=103&ccb=7-5&_nc_sid=f7ccc5&efg=eyJ2ZW5jb2RlX3RhZyI6InByb2ZpbGVfcGljLnd3dy4xMDY3LkMzIn0%3D&_nc_ohc=SubhMXq1cmYQ7kNvwFH_f9Y&_nc_oc=AdrZz93WAQtHaMT3MjeH4o8b7dpAPyYeVGRGb7tb-pku97AOqzumqWCsON5cUYg4o34&_nc_zt=24&_nc_ht=scontent-cdg6-1.cdninstagram.com&_nc_ss=7b6a8&oh=00_Af78swiJi3GxswarhsBdyJsOu1yHq14Z9DTy_Y6bV9C_ng&oe=69FEB3A9,vitospaccucci,https://www.instagram.com/vitospaccucci,Confettura di albicocche senza zuccheri aggiunti #ilprodottomisteriosoPENNY #accettoregolamento #holettoprivacypolicy,0,0,2026-04-28T17:56:22.000Z,18072213443656601,6174270330,2026-05-04T16:11:49.579Z,https://www.instagram.com/p/DXotHFAjcSM
https://scontent-cdg4-1.cdninstagram.com/v/t51.82787-19/655938210_18087485063236698_4060057574434379972_n.jpg?stp=dst-jpg_s150x150_tt6&_nc_cat=104&ccb=7-5&_nc_sid=f7ccc5&efg=eyJ2ZW5jb2RlX3RhZyI6InByb2ZpbGVfcGljLnd3dy42NDAuQzMifQ%3D%3D&_nc_ohc=5oo8RhD1W9cQ7kNvwGFD9np&_nc_oc=AdrBZHaiv_VZ4yw83k-VhSp31HRYQB4mok5nASPmOwp6xUS4N5Z-k_Lqbtpyyar0qsQ&_nc_zt=24&_nc_ht=scontent-cdg4-1.cdninstagram.com&_nc_gid=QBQehP__Yyt-MaVhhnTUXg&_nc_ss=7b6a8&oh=00_Af6gFhzGToGxRVkUIrF5_Bsg3fY9_dMFkG7k2VppAMnesQ&oe=69FE8B5B,giuseppe1964puddu,https://www.instagram.com/giuseppe1964puddu,marmellata di albicocca #ilprodottomisteriosoPENNY #accettoregolamento #holettoprivacypolicy,0,0,2026-04-28T12:37:25.000Z,18140325454508144,37045100697,2026-05-04T16:11:49.579Z,https://www.instagram.com/p/DXotHFAjcSM
https://scontent-cdg4-1.cdninstagram.com/v/t51.82787-19/588723211_18044562134686438_1811522846526177566_n.jpg?stp=dst-jpg_s150x150_tt6&_nc_cat=110&ccb=7-5&_nc_sid=f7ccc5&efg=eyJ2ZW5jb2RlX3RhZyI6InByb2ZpbGVfcGljLnd3dy4xMDgwLkMzIn0%3D&_nc_ohc=fPGcwUL0i2QQ7kNvwE7zmmG&_nc_oc=AdopS_61ny_-GwWXZxK_5CdvxUlJRtYpGANsfL_beMKBeeMJprhUjFj06IVPzKoLsAw&_nc_zt=24&_nc_ht=scontent-cdg4-1.cdninstagram.com&_nc_gid=QBQehP__Yyt-MaVhhnTUXg&_nc_ss=7b6a8&oh=00_Af6ICPCzWUcjxSasnEobxhGg24k0a0xEA3DboOaRbFeYPw&oe=69FE95A5,nunzia.crochet81,https://www.instagram.com/nunzia.crochet81,#ilprodottomisteriosopenny #accettoregolamento #holettoprivacypolicy Confettura di albicocche,0,0,2026-04-28T10:58:37.000Z,17961412763932289,50432910437,2026-05-04T16:11:49.579Z,https://www.instagram.com/p/DXotHFAjcSM
https://scontent-cdg6-1.cdninstagram.com/v/t51.2885-19/391172388_6805856622784812_7504100052797507860_n.jpg?stp=dst-jpg_s150x150_tt6&_nc_cat=103&ccb=7-5&_nc_sid=f7ccc5&efg=eyJ2ZW5jb2RlX3RhZyI6InByb2ZpbGVfcGljLnd3dy4xMDgwLkMzIn0%3D&_nc_ohc=SN-AgFnDQq4Q7kNvwFB0jyK&_nc_oc=AdqyGUeLD4kn6yAePo70BWmQff4r4o9VlfVsUOe1njVkGqiXwFSRhffvi1-7-gmBL2k&_nc_zt=24&_nc_ht=scontent-cdg6-1.cdninstagram.com&_nc_ss=7b6a8&oh=00_Af7Br8xZPQ7ULb9qE1lpJTux4zYmIKTKoG68Hy00eYOm3g&oe=69FEA0F2,angela.misiano,https://www.instagram.com/angela.misiano,Confettura do albicocche senza zuccheri #ilprodottomisteriosopenny #accettoilregolamento #holettoprivacypolicy,0,0,2026-04-28T19:56:57.000Z,17931702747253718,7051603510,2026-05-04T16:11:49.580Z,https://www.instagram.com/p/DXotHFAjcSM
https://scontent-cdg6-1.cdninstagram.com/v/t51.2885-19/118271852_378236976501189_4903258477909696683_n.jpg?stp=dst-jpg_s150x150_tt6&_nc_cat=103&ccb=7-5&_nc_sid=f7ccc5&efg=eyJ2ZW5jb2RlX3RhZyI6InByb2ZpbGVfcGljLnd3dy41NDkuQzMifQ%3D%3D&_nc_ohc=6lot2E80ZGoQ7kNvwE7EB9X&_nc_oc=AdpGaqTpFQurK3l6iKWPt9InDBwTW9vWO3gSvKJcxHKyHGnCQJUWGFUPa7m-4E7ztt4&_nc_zt=24&_nc_ht=scontent-cdg6-1.cdninstagram.com&_nc_ss=7b6a8&oh=00_Af454n99q53Ldt-_-A1_UEA4BBe5Lnpmbt--dnov3Jc66g&oe=69FEAC88,tittapina,https://www.instagram.com/tittapina,"confettura di albicocca senza zuccheri aggiunti Welless #ilprodottomisteriosoPENNY
#accettoregolamento
#holettoprivacypolicy",0,0,2026-04-27T16:44:04.000Z,18110458336853263,40906603845,2026-05-04T16:11:49.580Z,https://www.instagram.com/p/DXotHFAjcSM
https://scontent-cdg4-1.cdninstagram.com/v/t51.2885-19/470974745_2096428417465214_275459768052331852_n.jpg?stp=dst-jpg_s150x150_tt6&_nc_cat=104&ccb=7-5&_nc_sid=f7ccc5&efg=eyJ2ZW5jb2RlX3RhZyI6InByb2ZpbGVfcGljLnd3dy43NTIuQzMifQ%3D%3D&_nc_ohc=t-9_GqqH-ngQ7kNvwFUfkOx&_nc_oc=AdpB9DhzkbhxNTu1TEKoEtpTIuFPGfpU9CeO-qavlW11zzPjEkt9e9-DPf10kgQ7R84&_nc_zt=24&_nc_ht=scontent-cdg4-1.cdninstagram.com&_nc_ss=7b6a8&oh=00_Af4y9FdU2ZReWECoxYH13xJ543_x1Rao3sk_cEnGZKb4OA&oe=69FE809F,giarratana.anna,https://www.instagram.com/giarratana.anna,"Marmellata di albicocche #prodottomisteriosoPENNY, #accettoregolamento e #holettoprivacypolicy",0,0,2026-04-27T16:35:05.000Z,18433957612140315,50053272775,2026-05-04T16:11:57.062Z,https://www.instagram.com/p/DXotHFAjcSM
https://scontent-cdg6-1.cdninstagram.com/v/t51.89012-19/573323465_1219825463302212_7278921664109726296_n.jpg?stp=dst-jpg_s150x150_tt6&_nc_cat=1&ccb=7-5&_nc_sid=f7ccc5&efg=eyJ2ZW5jb2RlX3RhZyI6InByb2ZpbGVfcGljLnd3dy5DMyJ9&_nc_ohc=Pf4Jx7fI-JMQ7kNvwEdnA1r&_nc_oc=AdrM5ak9ThOqfmCIPi6cg4Jm_5TeInAUOEZd_c63seXXEeGj0StKGP4VtTRRkluVdEU&_nc_zt=24&_nc_ht=scontent-cdg6-1.cdninstagram.com&_nc_gid=AikumlH8NzVnbtXiabAacg&_nc_ss=7b6a8&oh=00_Af6i7ECxx5mj-ZCkx3XjIHlsH_8dQJnfhDGbKzu0jI3pSg&oe=69FE87E2,alfileo9,https://www.instagram.com/alfileo9,Confettura di albicocche senza zuccheri aggiunti#prodotto misteriosopenny#accettoregolamento#Holettoprivacypolicy,0,0,2026-04-27T18:47:55.000Z,18097099382030345,54463589150,2026-05-04T16:11:57.062Z,https://www.instagram.com/p/DXotHFAjcSM
https://scontent-cdg4-2.cdninstagram.com/v/t51.82787-19/655270810_18428113207141800_4537814092894674632_n.jpg?stp=dst-jpg_s150x150_tt6&_nc_cat=107&ccb=7-5&_nc_sid=f7ccc5&efg=eyJ2ZW5jb2RlX3RhZyI6InByb2ZpbGVfcGljLnd3dy4xMDgwLkMzIn0%3D&_nc_ohc=PuqfTIQkSJcQ7kNvwHqUZNa&_nc_oc=AdqeWTh3zAKmQ21xMjlCQnzHQc0OWcqc8NVxXh2p7cgfIpgxs9JvikTsifZf54MjMtU&_nc_zt=24&_nc_ht=scontent-cdg4-2.cdninstagram.com&_nc_gid=AikumlH8NzVnbtXiabAacg&_nc_ss=7b6a8&oh=00_Af7iqytFjdAIVGgwU29w20xfPa36C7XcnhPk4IekYsPvZA&oe=69FEA15B,marialuisademartin,https://www.instagram.com/marialuisademartin,Marmellata di albicocche #ilprodottomisteriosoPENNY #accettoilregolamento #holettoprivacypolicy,0,0,2026-04-28T11:52:28.000Z,18086037074047584,4192557799,2026-05-04T16:11:57.062Z,https://www.instagram.com/p/DXotHFAjcSM
https://scontent-cdg4-2.cdninstagram.com/v/t51.2885-19/135573743_858399008064842_8664063575550536204_n.jpg?stp=dst-jpg_s150x150_tt6&_nc_cat=100&ccb=7-5&_nc_sid=f7ccc5&efg=eyJ2ZW5jb2RlX3RhZyI6InByb2ZpbGVfcGljLnd3dy4xMDgwLkMzIn0%3D&_nc_ohc=iyF-m1b69bIQ7kNvwHLwqmN&_nc_oc=AdrOZ8QvGL9Ou0g5qpTjJFQbt3WcJHHpU1hRcxRM1BiCayMsu1ec7RJfee22Z95iTrw&_nc_zt=24&_nc_ht=scontent-cdg4-2.cdninstagram.com&_nc_ss=7b6a8&oh=00_Af78nngDlNF7y5bKCdeGXflFuW_OOSb0GBJ5jG6f0R48uw&oe=69FE976D,_monicamancini_,https://www.instagram.com/_monicamancini_,Confettura di albicocche #ilprodottomisteriosopenny #accettoilregolamento #holettoprivacypolicy,0,0,2026-04-27T15:15:14.000Z,18048459431754439,45095624490,2026-05-04T16:11:57.062Z,https://www.instagram.com/p/DXotHFAjcSM
https://scontent-cdg4-1.cdninstagram.com/v/t51.2885-19/221441820_551582812648392_6400196969707468121_n.jpg?stp=dst-jpg_s150x150_tt6&_nc_cat=102&ccb=7-5&_nc_sid=f7ccc5&efg=eyJ2ZW5jb2RlX3RhZyI6InByb2ZpbGVfcGljLnd3dy4xMDgwLkMzIn0%3D&_nc_ohc=tjAuFZt8VQIQ7kNvwGxYjXW&_nc_oc=AdpxUfPLuFfUJSh7N6e6je6B7jAJ_DJqPVIRoo-Xh9vqtIMFNnIt90zsbB4yiQaAKJc&_nc_zt=24&_nc_ht=scontent-cdg4-1.cdninstagram.com&_nc_ss=7b6a8&oh=00_Af70CeziE2Sam28Lt0ozYkxc1GkIZkxF7NQrV3zMprFung&oe=69FE7CC2,silvioelisacarpinelli,https://www.instagram.com/silvioelisacarpinelli,"confettura di albicocche senza zuccheri #ilprodottomisteriosoPENNY
#accettoregolamento
#holettoprivacypolicy",0,0,2026-04-29T07:52:52.000Z,18098506580011137,990921397,2026-05-04T16:11:57.062Z,https://www.instagram.com/p/DXotHFAjcSM
https://scontent-cdg4-2.cdninstagram.com/v/t51.2885-19/28765560_222137088343393_3236790540854886400_n.jpg?stp=dst-jpg_s150x150_tt6&_nc_cat=107&ccb=7-5&_nc_sid=f7ccc5&efg=eyJ2ZW5jb2RlX3RhZyI6InByb2ZpbGVfcGljLnd3dy40MzYuQzMifQ%3D%3D&_nc_ohc=yBg3EVDHun4Q7kNvwGAzgoA&_nc_oc=AdrEXJlv1RAHGnA_LDbW8ZICZmykpLELAKEd7cl2bMZe1SEXYE2VHdKgzn2_jvVE1LQ&_nc_zt=24&_nc_ht=scontent-cdg4-2.cdninstagram.com&_nc_ss=7b6a8&oh=00_Af649E8f1_gvgTzuFIc0yZmC0N7VygI-6hyPJAht6X-ehg&oe=69FEA8AB,sandrobarbalarga,https://www.instagram.com/sandrobarbalarga,Marmellata di albicocca #ilprodottomisteriosoPENNY #accettoregolamento #holettoprivacypolicy,0,0,2026-04-29T01:48:20.000Z,18117014878735965,7318074181,2026-05-04T16:11:57.062Z,https://www.instagram.com/p/DXotHFAjcSM
https://scontent-cdg4-1.cdninstagram.com/v/t51.82787-19/639645610_18042185798739348_8423429167297326135_n.jpg?stp=dst-jpg_s150x150_tt6&_nc_cat=110&ccb=7-5&_nc_sid=f7ccc5&efg=eyJ2ZW5jb2RlX3RhZyI6InByb2ZpbGVfcGljLnd3dy4xMDY5LkMzIn0%3D&_nc_ohc=Ex66tDvk6CAQ7kNvwGEHrx8&_nc_oc=AdrBZ_xFctTy4FRTeT5jo4W70EzSkdfAFePo5oUZYXzO3V9fG9xOxpXfjj1zgt2RlL0&_nc_zt=24&_nc_ht=scontent-cdg4-1.cdninstagram.com&_nc_gid=AikumlH8NzVnbtXiabAacg&_nc_ss=7b6a8&oh=00_Af5krRu_6Cxj46jCWlJYnuJ56HDONu5riGx-S_ZZeF306Q&oe=69FEAEE0,anto.nellina.520,https://www.instagram.com/anto.nellina.520,Confettura di albicocche #ilprodottomisteriosopenny #accettoilregolamento #holettoprivacypolicy,0,0,2026-04-27T16:51:53.000Z,18309751777278573,52181643347,2026-05-04T16:11:57.062Z,https://www.instagram.com/p/DXotHFAjcSM
https://scontent-cdg6-1.cdninstagram.com/v/t51.2885-19/40001106_233345703967650_74289220390223872_n.jpg?stp=dst-jpg_s150x150_tt6&_nc_cat=106&ccb=7-5&_nc_sid=f7ccc5&efg=eyJ2ZW5jb2RlX3RhZyI6InByb2ZpbGVfcGljLnd3dy4yNTkuQzMifQ%3D%3D&_nc_ohc=3AGo28mT3NMQ7kNvwHC1V1N&_nc_oc=AdrCSZeBpb9A_yMsUI2x9LGHpnJbO-hG22w6eEHA_KmAzOm-voei8g7R6x-GekxczCs&_nc_zt=24&_nc_ht=scontent-cdg6-1.cdninstagram.com&_nc_ss=7b6a8&oh=00_Af7yx8IRsBgZu0k05rBKhpEOwKCQpcMMbD8t8O7M2RaiYA&oe=69FE9252,barbarabiagi.74,https://www.instagram.com/barbarabiagi.74,Marmellata di albicocca senza zuccheri aggiunti. #prodottomisteriosopenny #accettoregolamento #holettopricacypolicy,0,0,2026-04-28T10:59:01.000Z,18111656092858192,8524133529,2026-05-04T16:11:57.062Z,https://www.instagram.com/p/DXotHFAjcSM
https://scontent-cdg4-1.cdninstagram.com/v/t51.2885-19/127133600_2701981430065228_434830356295829736_n.jpg?stp=dst-jpg_s150x150_tt6&_nc_cat=110&ccb=7-5&_nc_sid=f7ccc5&efg=eyJ2ZW5jb2RlX3RhZyI6InByb2ZpbGVfcGljLnd3dy4xMDgwLkMzIn0%3D&_nc_ohc=WtfLHL0DDTEQ7kNvwFY5KWK&_nc_oc=AdqOYvRMUluIxK61C8CQWeXOmyQ74apnOU_GLBiq3xrzZThmRi21XfpT44iDopSh0v8&_nc_zt=24&_nc_ht=scontent-cdg4-1.cdninstagram.com&_nc_ss=7b6a8&oh=00_Af7i-ABZ4QWnXMveyosk7Re2UOoTUopWlT8g5UBFk_wB0Q&oe=69FE907E,gnomettinamamy,https://www.instagram.com/gnomettinamamy,Direi confettura di albicocche senza zuccheri aggiunti,0,0,2026-04-30T05:49:30.000Z,18060587702651218,40500678181,2026-05-04T16:11:57.062Z,https://www.instagram.com/p/DXotHFAjcSM
https://scontent-cdg6-1.cdninstagram.com/v/t51.89012-19/573323465_1219825463302212_7278921664109726296_n.jpg?stp=dst-jpg_s150x150_tt6&_nc_cat=1&ccb=7-5&_nc_sid=f7ccc5&efg=eyJ2ZW5jb2RlX3RhZyI6InByb2ZpbGVfcGljLnd3dy5DMyJ9&_nc_ohc=Pf4Jx7fI-JMQ7kNvwEdnA1r&_nc_oc=AdrM5ak9ThOqfmCIPi6cg4Jm_5TeInAUOEZd_c63seXXEeGj0StKGP4VtTRRkluVdEU&_nc_zt=24&_nc_ht=scontent-cdg6-1.cdninstagram.com&_nc_gid=AikumlH8NzVnbtXiabAacg&_nc_ss=7b6a8&oh=00_Af6i7ECxx5mj-ZCkx3XjIHlsH_8dQJnfhDGbKzu0jI3pSg&oe=69FE87E2,cilioangela,https://www.instagram.com/cilioangela,Confettura di albicocche #ilprodottomisteriosopenny  #accettoregolamento #holettoprivacypolicy,0,0,2026-04-27T15:30:01.000Z,18086849621522806,16702904208,2026-05-04T16:11:57.062Z,https://www.instagram.com/p/DXotHFAjcSM
https://scontent-cdg4-1.cdninstagram.com/v/t51.2885-19/468177205_893745599193312_9211915826209729517_n.jpg?stp=dst-jpg_s150x150_tt6&_nc_cat=104&ccb=7-5&_nc_sid=f7ccc5&efg=eyJ2ZW5jb2RlX3RhZyI6InByb2ZpbGVfcGljLnd3dy4xMDgwLkMzIn0%3D&_nc_ohc=Se7A4JyaZB0Q7kNvwEuPwCm&_nc_oc=Adods5dgdk7xcQc_b-tKGNMzjRv-LRJS_Pjb7nCWzWmBYjF6KZ8DrmjTWsHFtUFCMAM&_nc_zt=24&_nc_ht=scontent-cdg4-1.cdninstagram.com&_nc_ss=7b6a8&oh=00_Af7GHJvlJulY3D3kSbGm7bIdzG0RSC6Kjv1txaLgZ_zWKw&oe=69FE907A,sarys220,https://www.instagram.com/sarys220,Confettura di albicocche #ilprodottomisteriosopenny #accettoregolamento #holettoprivacypolicy,0,0,2026-04-27T15:24:56.000Z,18040579418576385,70506137698,2026-05-04T16:11:57.062Z,https://www.instagram.com/p/DXotHFAjcSM
https://scontent-cdg6-1.cdninstagram.com/v/t51.2885-19/454948329_519267953817969_6109558273969626859_n.jpg?stp=dst-jpg_s150x150_tt6&_nc_cat=106&ccb=7-5&_nc_sid=f7ccc5&efg=eyJ2ZW5jb2RlX3RhZyI6InByb2ZpbGVfcGljLnd3dy4xMDgwLkMzIn0%3D&_nc_ohc=7r2Ejjgjl-8Q7kNvwFga_i9&_nc_oc=AdrAtG3X9qQl0f9AJU4J1_ERkuNuXuZ1H5RcZLg7NlGugTn5Fa5EfjvcdUqSUvZHagQ&_nc_zt=24&_nc_ht=scontent-cdg6-1.cdninstagram.com&_nc_ss=7b6a8&oh=00_Af4Tr0gE9TU80_SDi-qNL9RP049v4N82cd5Hmd7WYdP7hg&oe=69FE9349,luigia0384,https://www.instagram.com/luigia0384,Confettura di albicocche #ilprodottomisteriosopenny #accettoregolamento #holettoprivacypolicy,0,0,2026-04-27T15:20:53.000Z,17942507394189581,1575865293,2026-05-04T16:11:57.062Z,https://www.instagram.com/p/DXotHFAjcSM
https://scontent-cdg6-1.cdninstagram.com/v/t51.82787-19/632553063_17934965604173674_8912935661546981662_n.jpg?stp=dst-jpg_s150x150_tt6&_nc_cat=106&ccb=7-5&_nc_sid=f7ccc5&efg=eyJ2ZW5jb2RlX3RhZyI6InByb2ZpbGVfcGljLnd3dy4xMDgwLkMzIn0%3D&_nc_ohc=tQyPTEKTMQgQ7kNvwGk2ux2&_nc_oc=AdrsQP1X6sW_8m9_xy5371lo3uKBOr9oWvIraXRl1sLrMKi6L2MFzJL7-0V0UTLeUQ8&_nc_zt=24&_nc_ht=scontent-cdg6-1.cdninstagram.com&_nc_gid=AikumlH8NzVnbtXiabAacg&_nc_ss=7b6a8&oh=00_Af5CKQ73O-w6vACvspOaBT94vxorR8Y1nTvfmWViZSpB4g&oe=69FE9B89,pinkmoon_stella_77,https://www.instagram.com/pinkmoon_stella_77,Confettura di albicocche #ilprodottomisteriopenny#acettoregolamento#holettoprivacypolicy,0,0,2026-04-28T11:58:16.000Z,18182152354378814,65253781673,2026-05-04T16:11:57.062Z,https://www.instagram.com/p/DXotHFAjcSM
https://scontent-cdg6-1.cdninstagram.com/v/t51.89012-19/573323465_1219825463302212_7278921664109726296_n.jpg?stp=dst-jpg_s150x150_tt6&_nc_cat=1&ccb=7-5&_nc_sid=f7ccc5&efg=eyJ2ZW5jb2RlX3RhZyI6InByb2ZpbGVfcGljLnd3dy5DMyJ9&_nc_ohc=Pf4Jx7fI-JMQ7kNvwEdnA1r&_nc_oc=AdrM5ak9ThOqfmCIPi6cg4Jm_5TeInAUOEZd_c63seXXEeGj0StKGP4VtTRRkluVdEU&_nc_zt=24&_nc_ht=scontent-cdg6-1.cdninstagram.com&_nc_gid=AikumlH8NzVnbtXiabAacg&_nc_ss=7b6a8&oh=00_Af6i7ECxx5mj-ZCkx3XjIHlsH_8dQJnfhDGbKzu0jI3pSg&oe=69FE87E2,valerianoscanferla,https://www.instagram.com/valerianoscanferla,Marmellata di pesca #ilprodottomisteriosopenny #accettoregolamento #holettoprivacypolicy,0,0,2026-04-29T19:13:37.000Z,18104118292912903,67903413164,2026-05-04T16:11:57.062Z,https://www.instagram.com/p/DXotHFAjcSM
https://scontent-cdg6-1.cdninstagram.com/v/t51.2885-19/38439614_297264594173689_8666894345745465344_n.jpg?stp=dst-jpg_s150x150_tt6&_nc_cat=105&ccb=7-5&_nc_sid=f7ccc5&efg=eyJ2ZW5jb2RlX3RhZyI6InByb2ZpbGVfcGljLnd3dy4xMDgwLkMzIn0%3D&_nc_ohc=SiVIMy_nXb4Q7kNvwF6rzkC&_nc_oc=AdonlMHeIvmFMDHO0dvKr-EdLooylybaDDrk8DJP11Ak1tbDzGaGqEhkWSjSgwyqiyk&_nc_zt=24&_nc_ht=scontent-cdg6-1.cdninstagram.com&_nc_ss=7b6a8&oh=00_Af7h9HLuT_OI9H_3r5lyZRBnWQ5LWPMwwBeED5VoPIxIAQ&oe=69FE8FEB,mariaconcetta_89,https://www.instagram.com/mariaconcetta_89,#ilprodottomisteriosopenny #accettoregolamento  #holettoprivacypolicy  marmellata di albicocche,0,0,2026-04-27T20:10:28.000Z,17994379172948274,1795168767,2026-05-04T16:11:57.062Z,https://www.instagram.com/p/DXotHFAjcSM
https://scontent-cdg6-1.cdninstagram.com/v/t51.2885-19/310059905_153429420658592_2044877384809178595_n.jpg?stp=dst-jpg_s150x150_tt6&_nc_cat=106&ccb=7-5&_nc_sid=f7ccc5&efg=eyJ2ZW5jb2RlX3RhZyI6InByb2ZpbGVfcGljLnd3dy4xMDQyLkMzIn0%3D&_nc_ohc=1wxIDXwT-eoQ7kNvwFSIEOz&_nc_oc=AdpfWD7rK2f6WJJSFfVtOrfsyzyxJp2rDT1ICK8LYTp5-oQeTMxGr7cpxNXYDPc-ZHk&_nc_zt=24&_nc_ht=scontent-cdg6-1.cdninstagram.com&_nc_ss=7b6a8&oh=00_Af5AgNHLrFOOEe_j-ck2yvjlX3RHz4U8LkmJP8hXLc-vkw&oe=69FEA6E3,cucciolapaoletta,https://www.instagram.com/cucciolapaoletta,"Confettura di albicocca senza zuccheri aggiunti 

#ilprodottomisteriosoPENNY
#accettoregolamento #holettoprivacypolicy",0,0,2026-04-27T19:36:46.000Z,17983256675988916,35552441236,2026-05-04T16:12:04.917Z,https://www.instagram.com/p/DXotHFAjcSM
https://scontent-cdg4-2.cdninstagram.com/v/t51.2885-19/278988033_1008561196706730_148153557204087305_n.jpg?stp=dst-jpg_s150x150_tt6&_nc_cat=107&ccb=7-5&_nc_sid=f7ccc5&efg=eyJ2ZW5jb2RlX3RhZyI6InByb2ZpbGVfcGljLnd3dy4xMDgwLkMzIn0%3D&_nc_ohc=I62Bo6RBytQQ7kNvwFLbyRF&_nc_oc=AdrL6jOtn_tXKDuz_g6soNSAYqf5TAc2AFjrxhl_wzr6wXLtzZk83BVzKu8DY5NCkok&_nc_zt=24&_nc_ht=scontent-cdg4-2.cdninstagram.com&_nc_ss=7b6a8&oh=00_Af5GCmgFT8fYXViIB-7gMG9TlA18SaAlOiGF5QHRLpqutA&oe=69FEA53C,cinti405,https://www.instagram.com/cinti405,#ilprodottomisteriosopenny #accettoregolamento #holettoprivacypolicy marmellata di albicocche,0,0,2026-04-27T20:26:14.000Z,17875155459596027,52706534476,2026-05-04T16:12:04.917Z,https://www.instagram.com/p/DXotHFAjcSM
https://scontent-cdg6-1.cdninstagram.com/v/t51.82787-19/657761377_17917455405323830_7777030113780787216_n.jpg?stp=dst-jpg_s150x150_tt6&_nc_cat=105&ccb=7-5&_nc_sid=f7ccc5&efg=eyJ2ZW5jb2RlX3RhZyI6InByb2ZpbGVfcGljLnd3dy4xMDgwLkMzIn0%3D&_nc_ohc=5mD4DG1k2EsQ7kNvwH47OXI&_nc_oc=AdoBkCc4ZsTR2ARrJXlMbwB1zrBQV-ZZBC_CDqDzmeer5q1UrMHS60OAI_6a47actAQ&_nc_zt=24&_nc_ht=scontent-cdg6-1.cdninstagram.com&_nc_gid=vC3bl2BTzf1OewmgeW8KcQ&_nc_ss=7b6a8&oh=00_Af456Ttz16YQV6x9ApALmNhEWY17r56GUk-3kQhtSzUV5w&oe=69FEA1B3,streghetta_84_,https://www.instagram.com/streghetta_84_,Marmellata di albicocche #ilprodottomisteriosopenny #accettoilregolamento #holettoprivacypolicy,0,0,2026-04-27T17:11:37.000Z,18015321257814784,69728843829,2026-05-04T16:12:04.917Z,https://www.instagram.com/p/DXotHFAjcSM
https://scontent-cdg4-1.cdninstagram.com/v/t51.2885-19/469142299_2037174046712599_2810431008302329428_n.jpg?stp=dst-jpg_s150x150_tt6&_nc_cat=110&ccb=7-5&_nc_sid=f7ccc5&efg=eyJ2ZW5jb2RlX3RhZyI6InByb2ZpbGVfcGljLnd3dy4xMDgwLkMzIn0%3D&_nc_ohc=1G956CjUiXgQ7kNvwFrLZ6P&_nc_oc=AdrMSlS8CYyoGby_fxx9bVgqJQ5YrEGc4EMxAJl79z66Ch-_99SMiYefSGpGJlc4RbI&_nc_zt=24&_nc_ht=scontent-cdg4-1.cdninstagram.com&_nc_ss=7b6a8&oh=00_Af77VxL6GSCmZk7uFb8gftUGz18p6bRm6x1wYzxcYgTV-A&oe=69FEA222,makytwo,https://www.instagram.com/makytwo,Confettura di albicocche #ilprodottomisteriosopenny #accettoregolamento #holettoprivacypolicy,0,0,2026-04-27T16:49:55.000Z,17996687513766056,1941101293,2026-05-04T16:12:04.917Z,https://www.instagram.com/p/DXotHFAjcSM
https://scontent-cdg4-1.cdninstagram.com/v/t51.82787-19/541081351_17855100465511445_7639518758304273537_n.jpg?stp=dst-jpg_s150x150_tt6&_nc_cat=104&ccb=7-5&_nc_sid=f7ccc5&efg=eyJ2ZW5jb2RlX3RhZyI6InByb2ZpbGVfcGljLnd3dy4xMDgwLkMzIn0%3D&_nc_ohc=iKJcRSMhYoEQ7kNvwEsoW3j&_nc_oc=Adp1qwO-6Eg-O8YU07pdwajDBWnZQbbSCINkgh4JYwanPCfnGT7oKhIoAEqcOXsO0pM&_nc_zt=24&_nc_ht=scontent-cdg4-1.cdninstagram.com&_nc_gid=vC3bl2BTzf1OewmgeW8KcQ&_nc_ss=7b6a8&oh=00_Af6wgw6OvGgMpFsExjnit5Rb9_mvGAwwHcl0gF0kAbgFBg&oe=69FE8192,silverdent2025,https://www.instagram.com/silverdent2025,#ilprodottomisteriosopenny #accettoilregolamento #holettolaprivacypolicy composta di albicocche,0,0,2026-04-27T20:15:16.000Z,18087027236356894,75122063444,2026-05-04T16:12:04.917Z,https://www.instagram.com/p/DXotHFAjcSM
https://scontent-cdg4-2.cdninstagram.com/v/t51.2885-19/97328380_301389520868132_3086669708598968320_n.jpg?stp=dst-jpg_s150x150_tt6&_nc_cat=107&ccb=7-5&_nc_sid=f7ccc5&efg=eyJ2ZW5jb2RlX3RhZyI6InByb2ZpbGVfcGljLnd3dy4xMDgwLkMzIn0%3D&_nc_ohc=fD0wdgVVUGMQ7kNvwH3VnMi&_nc_oc=AdqvQaDviGR497tIcsa9WUCKLsLRI-tKBvYiJthzILnZpDdJrUPsn4BA6FeA6UveYBc&_nc_zt=24&_nc_ht=scontent-cdg4-2.cdninstagram.com&_nc_ss=7b6a8&oh=00_Af48sDz7unD7KXtzk0ITPRa-Wjbf5wBfEGxPaAkP8RpyQw&oe=69FEA5FE,francesca_rampino,https://www.instagram.com/francesca_rampino,#prodottomisteriosopenny #accettoilregolamento #holettoprivacypolicy confettura di albicocca senza zuccheri aggiunti,0,0,2026-04-28T11:20:55.000Z,18069447386446843,35351182863,2026-05-04T16:12:04.917Z,https://www.instagram.com/p/DXotHFAjcSM
https://scontent-cdg6-1.cdninstagram.com/v/t51.89012-19/573323465_1219825463302212_7278921664109726296_n.jpg?stp=dst-jpg_s150x150_tt6&_nc_cat=1&ccb=7-5&_nc_sid=f7ccc5&efg=eyJ2ZW5jb2RlX3RhZyI6InByb2ZpbGVfcGljLnd3dy5DMyJ9&_nc_ohc=Pf4Jx7fI-JMQ7kNvwEdnA1r&_nc_oc=AdrM5ak9ThOqfmCIPi6cg4Jm_5TeInAUOEZd_c63seXXEeGj0StKGP4VtTRRkluVdEU&_nc_zt=24&_nc_ht=scontent-cdg6-1.cdninstagram.com&_nc_gid=vC3bl2BTzf1OewmgeW8KcQ&_nc_ss=7b6a8&oh=00_Af5cZEhCk_NQuh2aFO5B0ldU4HFUN4Oc3J9FvvxAuFTHTg&oe=69FE87E2,gianni123873,https://www.instagram.com/gianni123873,#ilprodottomisteriosopenny #accettoregolamento #holettoprivacypolicy marmellata di albicocche,0,0,2026-04-28T01:13:57.000Z,17946983166148967,70968048823,2026-05-04T16:12:04.917Z,https://www.instagram.com/p/DXotHFAjcSM
https://scontent-cdg4-1.cdninstagram.com/v/t51.75761-19/508682151_18279328714258268_4399833297760003552_n.jpg?stp=dst-jpg_s150x150_tt6&_nc_cat=110&ccb=7-5&_nc_sid=f7ccc5&efg=eyJ2ZW5jb2RlX3RhZyI6InByb2ZpbGVfcGljLnd3dy4xMDgwLkMzIn0%3D&_nc_ohc=LZec_SGdw64Q7kNvwFUCvPw&_nc_oc=Ado0_7cjVgiZJxb5oSV-bmK5R7KdLswgAjbs2QiEKdb9b1Xss3CCSu-JJwOY7pLXwiY&_nc_zt=24&_nc_ht=scontent-cdg4-1.cdninstagram.com&_nc_gid=vC3bl2BTzf1OewmgeW8KcQ&_nc_ss=7b6a8&oh=00_Af7YaFDoKlEOyO55JRaOGBd-KnWawlv3q2IvWWIe66i2vA&oe=69FE8E34,isabeu81,https://www.instagram.com/isabeu81,#ilprodottomisteriosoPenny  #accettoilregolamento  #holettoprivacypolicy  Confettura di albicocche senza zuccheri,0,0,2026-04-28T12:37:51.000Z,18198263131361059,7886378267,2026-05-04T16:12:04.917Z,https://www.instagram.com/p/DXotHFAjcSM
https://scontent-cdg4-1.cdninstagram.com/v/t51.2885-19/440844493_812747897431732_1719154647731994973_n.jpg?stp=dst-jpg_s150x150_tt6&_nc_cat=110&ccb=7-5&_nc_sid=f7ccc5&efg=eyJ2ZW5jb2RlX3RhZyI6InByb2ZpbGVfcGljLnd3dy4xMDgwLkMzIn0%3D&_nc_ohc=7q2pCelKhjIQ7kNvwG6tWjn&_nc_oc=AdpSBcaIfSLDJJjnUwLgJnpFFUt_hsI4X5LmoPAuX5Z4XNfmAKvn46fljDtW3o50ueg&_nc_zt=24&_nc_ht=scontent-cdg4-1.cdninstagram.com&_nc_ss=7b6a8&oh=00_Af7yWzuN4Kqh3xcEChT0ToVs4GxntP3XA6kkx0M1iUG0Xw&oe=69FE832F,debora9090,https://www.instagram.com/debora9090,Confettura di albicocche  #ilprodottomisteriosopenny #accettoregolamento#holettoprivacypolicy,0,0,2026-04-27T16:01:43.000Z,17869555569512008,604963219,2026-05-04T16:12:04.917Z,https://www.instagram.com/p/DXotHFAjcSM
https://scontent-cdg6-1.cdninstagram.com/v/t51.2885-19/284506810_272374461713307_4746383865904583578_n.jpg?stp=dst-jpg_s150x150_tt6&_nc_cat=103&ccb=7-5&_nc_sid=f7ccc5&efg=eyJ2ZW5jb2RlX3RhZyI6InByb2ZpbGVfcGljLnd3dy4xMDcxLkMzIn0%3D&_nc_ohc=aFc50AY2Nf4Q7kNvwEBOiuo&_nc_oc=AdquyupABMNTqT-bOwSPKBGdEzlBK8k0LhTEKkuVZEjQZgCOKbhpHDxM6Al3IBR46C8&_nc_zt=24&_nc_ht=scontent-cdg6-1.cdninstagram.com&_nc_ss=7b6a8&oh=00_Af7bTe-RyEK0NeIhXHvw2VTsKkLz5SlQNE45BRSsltyatg&oe=69FE7ED4,rosaria.truppo.9,https://www.instagram.com/rosaria.truppo.9,Confettura albicocca.  #ilprodottomisteriosopenny.  #accettoregolamento.  #holettoprivacypolicy,0,0,2026-04-28T12:12:54.000Z,18110618095845441,53598465743,2026-05-04T16:12:04.917Z,https://www.instagram.com/p/DXotHFAjcSM
https://scontent-cdg6-1.cdninstagram.com/v/t51.2885-19/158802042_2728219557439699_7929136848557047023_n.jpg?stp=dst-jpg_s150x150_tt6&_nc_cat=103&ccb=7-5&_nc_sid=f7ccc5&efg=eyJ2ZW5jb2RlX3RhZyI6InByb2ZpbGVfcGljLnd3dy43MjAuQzMifQ%3D%3D&_nc_ohc=iqA15xM5mj8Q7kNvwFtdPvG&_nc_oc=AdooMsAzYzt8mlEZN704imoAfCDkFoSdhbLUe1OK_gV65-CHyh3HLkt3TAbnBDlYKCw&_nc_zt=24&_nc_ht=scontent-cdg6-1.cdninstagram.com&_nc_ss=7b6a8&oh=00_Af6Vd4V4fRM1J6RsFQW1DlvjtsTxvAzdkCL7hHAaxBZ-ag&oe=69FE992B,deborah979,https://www.instagram.com/deborah979,"Confettura di albicocca senza zuccheri aggiunti
#ilprodottomisteriosoPENNY #accettoregolamento #holettoprivacypolicy",0,0,2026-04-28T02:09:22.000Z,18580408855030860,1478701772,2026-05-04T16:12:04.917Z,https://www.instagram.com/p/DXotHFAjcSM
https://scontent-cdg4-3.cdninstagram.com/v/t51.82787-19/576518671_17846324469600476_5034863711379574664_n.jpg?stp=dst-jpg_s150x150_tt6&_nc_cat=111&ccb=7-5&_nc_sid=f7ccc5&efg=eyJ2ZW5jb2RlX3RhZyI6InByb2ZpbGVfcGljLnd3dy4xMDgwLkMzIn0%3D&_nc_ohc=IpwzDraH2bUQ7kNvwETJ8SU&_nc_oc=Adoe4iJPeQt203C0pAzlKN3LQ9ZV5djQuIsc31Tw48x6GKmkhEStxvlWujoYSHFZ_Qo&_nc_zt=24&_nc_ht=scontent-cdg4-3.cdninstagram.com&_nc_gid=vC3bl2BTzf1OewmgeW8KcQ&_nc_ss=7b6a8&oh=00_Af7QVg0Gf2_XwkY2OKquP-mjFXwxQJtdCUv_IEIS4whwww&oe=69FE97AF,gelliangy18,https://www.instagram.com/gelliangy18,Confettura albicocca senza zuccheri aggiunti #ilprodottomisteriosoPenny #accettoregolamento #holettoprivacypolicy,0,0,2026-04-27T21:04:57.000Z,17866644639655183,78156680475,2026-05-04T16:12:04.917Z,https://www.instagram.com/p/DXotHFAjcSM
https://scontent-cdg4-1.cdninstagram.com/v/t51.2885-19/71181401_637320623464704_9217967099685634048_n.jpg?stp=dst-jpg_s150x150_tt6&_nc_cat=108&ccb=7-5&_nc_sid=f7ccc5&efg=eyJ2ZW5jb2RlX3RhZyI6InByb2ZpbGVfcGljLnd3dy4xMDgwLkMzIn0%3D&_nc_ohc=8nbdgwI1hBkQ7kNvwE1eglU&_nc_oc=AdrsyF4TJfCLyo4NmRdLqjbc-57M5u8PxbNdYJuPHW_n4nTnYw6OwA0nIQrjHL6sLhA&_nc_zt=24&_nc_ht=scontent-cdg4-1.cdninstagram.com&_nc_ss=7b6a8&oh=00_Af6Ed3dwz8mnqR5Idn_khwh_jbptC1dFGHkTS2_0r0JYBA&oe=69FE9E85,madatester8,https://www.instagram.com/madatester8,Marmellata di albicocche #ilprodottomisteriosopenny #accettoregolamento #holettoprivacypolicy,0,0,2026-04-27T15:32:29.000Z,18101370151793108,21564765511,2026-05-04T16:12:04.917Z,https://www.instagram.com/p/DXotHFAjcSM
https://scontent-cdg4-1.cdninstagram.com/v/t51.2885-19/147075833_1077308952784140_4244035059068929425_n.jpg?stp=dst-jpg_s150x150_tt6&_nc_cat=104&ccb=7-5&_nc_sid=f7ccc5&efg=eyJ2ZW5jb2RlX3RhZyI6InByb2ZpbGVfcGljLnd3dy4xMDgwLkMzIn0%3D&_nc_ohc=G4RMU8cBEtQQ7kNvwEAqdHj&_nc_oc=AdqejPlOhJIu21RjHSCiFl72ZZFLI4rlthsGV-R3LHFGIfPsF56DarbpHnjDDiDLV3s&_nc_zt=24&_nc_ht=scontent-cdg4-1.cdninstagram.com&_nc_ss=7b6a8&oh=00_Af4u0QKMAOfW2HZCxDmR6q8wAfloPMXwU1K01dqMYHNO9w&oe=69FE8499,susanna.castaldi,https://www.instagram.com/susanna.castaldi,Marmellata di albicocche #ilprodottomisteriosoPENNY #accettoregolamento #holettoprivacypolicy,0,0,2026-04-27T15:16:52.000Z,18135804409471675,45502023476,2026-05-04T16:12:04.917Z,https://www.instagram.com/p/DXotHFAjcSM
https://scontent-cdg6-1.cdninstagram.com/v/t51.2885-19/13395039_253669131666439_1148581865_a.jpg?stp=dst-jpg_s150x150_tt6&_nc_cat=105&ccb=7-5&_nc_sid=f7ccc5&efg=eyJ2ZW5jb2RlX3RhZyI6InByb2ZpbGVfcGljLnd3dy42NDAuQzMifQ%3D%3D&_nc_ohc=7glkFhLkt6sQ7kNvwEyJ9BV&_nc_oc=AdpHG-LDUJaSUWOmPDs6u97wQkcw8fufLgyqu-gmPK0qd2rHlM1Zm3Na92hNKAvGEF8&_nc_zt=24&_nc_ht=scontent-cdg6-1.cdninstagram.com&_nc_ss=7b6a8&oh=00_Af5k7h-B4wczvLIruieHJ_pGWYUVvasoKlcF5aegblG8WA&oe=69FE9D16,simonetta_dellabella,https://www.instagram.com/simonetta_dellabella,Confettura di albicocche senza zuccheri aggiunti #ilprodottomisteriosoPENNY #accettoilregolamento #holettoprivacypolicy,0,0,2026-04-29T01:40:32.000Z,18193024969365647,3403350213,2026-05-04T16:12:04.917Z,https://www.instagram.com/p/DXotHFAjcSM
https://scontent-cdg4-1.cdninstagram.com/v/t51.2885-19/21295068_372754633149829_6013438527797198848_a.jpg?stp=dst-jpg_s150x150_tt6&_nc_cat=104&ccb=7-5&_nc_sid=f7ccc5&efg=eyJ2ZW5jb2RlX3RhZyI6InByb2ZpbGVfcGljLnd3dy43MjAuQzMifQ%3D%3D&_nc_ohc=76QpzzI9nPAQ7kNvwHY37xT&_nc_oc=AdrN_RXXyn2u-ILug6KXlJ-YLuqgSz3_VUGmSBnH6MFWc_u5_j4FkWpgImTzUvin4zQ&_nc_zt=24&_nc_ht=scontent-cdg4-1.cdninstagram.com&_nc_ss=7b6a8&oh=00_Af7CLqtySIwszfiUy9KO2sj8DjXDsKX898Hd3Kim9Zo4LQ&oe=69FE829E,deboramotta93,https://www.instagram.com/deboramotta93,Confettura di albicocca senza zuccheri aggiunti #ilprodottomisteriosoPENNY #accettoilregolamento #holettoprivacypolicy,0,0,2026-04-28T12:49:48.000Z,18587598910008256,374974329,2026-05-04T16:12:13.609Z,https://www.instagram.com/p/DXotHFAjcSM
https://scontent-cdg4-2.cdninstagram.com/v/t51.2885-19/212020270_2887483391501956_3305907523378405182_n.jpg?stp=dst-jpg_s150x150_tt6&_nc_cat=109&ccb=7-5&_nc_sid=f7ccc5&efg=eyJ2ZW5jb2RlX3RhZyI6InByb2ZpbGVfcGljLnd3dy42NjYuQzMifQ%3D%3D&_nc_ohc=Rb2K03-Ixa0Q7kNvwHpRrmj&_nc_oc=AdpcDE2QXJXBZCDVhstxiCDpycjiYJSY8tmosxpuZxKC5euFuoyIfuuRtxrYAN6qAoc&_nc_zt=24&_nc_ht=scontent-cdg4-2.cdninstagram.com&_nc_ss=7b6a8&oh=00_Af7pCgSrfDTof87CiwMEo29jx6-paJrHJoclHBCIVs8jog&oe=69FE844A,anthony___nigro,https://www.instagram.com/anthony___nigro,Marmellata di albicocche #ilprodottomisteriosopenny #accettoregolamento #holettoprivacypolicy,0,0,2026-04-27T16:33:07.000Z,18141548836512699,1190003255,2026-05-04T16:12:13.609Z,https://www.instagram.com/p/DXotHFAjcSM
https://scontent-cdg4-2.cdninstagram.com/v/t51.2885-19/460987067_530605406012036_8943301735293609989_n.jpg?stp=dst-jpg_s150x150_tt6&_nc_cat=100&ccb=7-5&_nc_sid=f7ccc5&efg=eyJ2ZW5jb2RlX3RhZyI6InByb2ZpbGVfcGljLnd3dy45NTcuQzMifQ%3D%3D&_nc_ohc=siiEK-UOAJAQ7kNvwGqiv9y&_nc_oc=Adr6ONLoq9N2FmBpiV6lKNkWaZaISYupmm8LQUApL2gNq_KUucv_XjeVmLzdOyYKP3U&_nc_zt=24&_nc_ht=scontent-cdg4-2.cdninstagram.com&_nc_ss=7b6a8&oh=00_Af7KirQSlkoconpM64ZjVD_MgBZJVDhxCiSfYB2SF74Xpw&oe=69FE81BE,alessandra.amantini,https://www.instagram.com/alessandra.amantini,#ilprodottomisteriosopenny #accettoilregolamento #holettoprivacypolicy confettura di albicocche senza zuccheri aggiunti,0,0,2026-05-04T08:45:26.000Z,17993576627950532,3317591460,2026-05-04T16:12:13.609Z,https://www.instagram.com/p/DXotHFAjcSM
https://scontent-cdg4-2.cdninstagram.com/v/t51.2885-19/280264104_372429284902047_6243608837877830627_n.jpg?stp=dst-jpg_s150x150_tt6&_nc_cat=101&ccb=7-5&_nc_sid=f7ccc5&efg=eyJ2ZW5jb2RlX3RhZyI6InByb2ZpbGVfcGljLnd3dy4xMDgwLkMzIn0%3D&_nc_ohc=2yxH_KJ4xysQ7kNvwHoIAwO&_nc_oc=Adq_11t7uMSiFWMQbHJninj6t3Um4E3CapkgaPxsZObcRyIqlULc-TO6n0Ct_dcmWEI&_nc_zt=24&_nc_ht=scontent-cdg4-2.cdninstagram.com&_nc_ss=7b6a8&oh=00_Af4S57DKacrB2PwqOKjJTDkAgxE-xunUF0K0n1KmfcG-hQ&oe=69FEAC02,albanocettina,https://www.instagram.com/albanocettina,Confettura di albicocche senza zucchero aggiunti #il prodotto misteriosopenny #accettoregolamento#holettoprivacypolicy,0,0,2026-04-28T13:18:46.000Z,18094114382140731,5876122653,2026-05-04T16:12:13.609Z,https://www.instagram.com/p/DXotHFAjcSM
https://scontent-cdg4-1.cdninstagram.com/v/t51.82787-19/541522641_18523129564063826_2367162984334775480_n.jpg?stp=dst-jpg_s150x150_tt6&_nc_cat=102&ccb=7-5&_nc_sid=f7ccc5&efg=eyJ2ZW5jb2RlX3RhZyI6InByb2ZpbGVfcGljLnd3dy4xMDgwLkMzIn0%3D&_nc_ohc=NT2oV_V6pQ4Q7kNvwEm58hU&_nc_oc=AdrElh4XOqARjldvVd3OEr5wxofn5zidi9iFPk0oDsgNbRI7LLDb50WPOoEUPck2fLw&_nc_zt=24&_nc_ht=scontent-cdg4-1.cdninstagram.com&_nc_gid=hvaMZJHEehu0Hy0ZplUyQQ&_nc_ss=7b6a8&oh=00_Af58FcDwodJCFouLLAGmixcQg6vcPOVQ79lubJhrSPLV0Q&oe=69FE825A,supersimos,https://www.instagram.com/supersimos,Confettura albicocche senza zuccheri aggiunti #ilprodottomisteriosopenny  #accettoregolamento  #holettoprivacypolicy,0,0,2026-04-27T20:53:12.000Z,17848403268693590,10879825,2026-05-04T16:12:13.609Z,https://www.instagram.com/p/DXotHFAjcSM
https://scontent-cdg4-2.cdninstagram.com/v/t51.2885-19/121661676_2086670064798366_5250902981405023418_n.jpg?stp=dst-jpg_s150x150_tt6&_nc_cat=101&ccb=7-5&_nc_sid=f7ccc5&efg=eyJ2ZW5jb2RlX3RhZyI6InByb2ZpbGVfcGljLnd3dy43NjguQzMifQ%3D%3D&_nc_ohc=napDxPqwdcYQ7kNvwGcV6Uz&_nc_oc=AdqVYqgY-DU23DSlcYZmmR7mgYgTb62YWF1RgL5ciU43Yh1VIbbIjnA26D56CflWu28&_nc_zt=24&_nc_ht=scontent-cdg4-2.cdninstagram.com&_nc_ss=7b6a8&oh=00_Af4-CwObhw6pGS4kyP2kaweTpm4DSvu45TrWxKuCKdgyvQ&oe=69FEA69E,salvatore.pio.9,https://www.instagram.com/salvatore.pio.9,Confettura di albicocche #ilprodottomisteriosopenny #accettoregolamento #holettoprivacypolicy,0,0,2026-04-27T18:28:01.000Z,18179188330387011,44012200015,2026-05-04T16:12:13.609Z,https://www.instagram.com/p/DXotHFAjcSM
https://scontent-cdg6-1.cdninstagram.com/v/t51.2885-19/428268919_422257733495756_8989042429686419661_n.jpg?stp=dst-jpg_s150x150_tt6&_nc_cat=106&ccb=7-5&_nc_sid=f7ccc5&efg=eyJ2ZW5jb2RlX3RhZyI6InByb2ZpbGVfcGljLnd3dy42MDAuQzMifQ%3D%3D&_nc_ohc=RgVCBFFd6QAQ7kNvwHoR5l5&_nc_oc=Adr-alzkQ6RcFWvnZDb-yo084neIUpV13v8D-3mI6bdLusoivJg2zqQlj0iRrC9iBHE&_nc_zt=24&_nc_ht=scontent-cdg6-1.cdninstagram.com&_nc_ss=7b6a8&oh=00_Af4nuikjo8RVwfxD2RUyHMfKJP44RcpzkfSf2xK17YpXDQ&oe=69FE9D41,mombi.b,https://www.instagram.com/mombi.b,Confettura di albicocche#ilprodottomisteriosopenny #accettoregolamento #holetroprivacypolicy,0,0,2026-04-28T16:58:33.000Z,18114118348743974,65063484566,2026-05-04T16:12:13.609Z,https://www.instagram.com/p/DXotHFAjcSM
https://scontent-cdg4-1.cdninstagram.com/v/t51.2885-19/268167377_2917390578591701_9141138711339379034_n.jpg?stp=dst-jpg_s150x150_tt6&_nc_cat=102&ccb=7-5&_nc_sid=f7ccc5&efg=eyJ2ZW5jb2RlX3RhZyI6InByb2ZpbGVfcGljLnd3dy4xMDgwLkMzIn0%3D&_nc_ohc=P7poXFSw15AQ7kNvwEoAWHK&_nc_oc=AdrdmLV7QTvaeLy8XcC52Y1tCmf8vv4AJ8YqBC814aGxWkc1gjLvnV9sZ_-U_g-_KEc&_nc_zt=24&_nc_ht=scontent-cdg4-1.cdninstagram.com&_nc_ss=7b6a8&oh=00_Af7PGqoVNh1AN9WR-flpQ9L5Heiz2q3yE7kv6NrTZiJEKQ&oe=69FE942D,giada_zoratti,https://www.instagram.com/giada_zoratti,Confettura di albicocche #ilprodottomisteriosoPENNY #accettoregolamento #holettoprivacypolicy,0,0,2026-04-28T04:20:48.000Z,18076237970637005,1459645672,2026-05-04T16:12:13.609Z,https://www.instagram.com/p/DXotHFAjcSM
https://scontent-cdg6-1.cdninstagram.com/v/t51.82787-19/534715756_18524499103060138_2545536880075347055_n.jpg?stp=dst-jpg_s150x150_tt6&_nc_cat=105&ccb=7-5&_nc_sid=f7ccc5&efg=eyJ2ZW5jb2RlX3RhZyI6InByb2ZpbGVfcGljLnd3dy4xMDgwLkMzIn0%3D&_nc_ohc=Lb6Vsycdqz8Q7kNvwF56LGz&_nc_oc=AdpdIp0B0OZ8UyrQLqCDmmLHKT9c2vyDeCXFtWz4v4jkhuCzqJ503WohQ_10sTV5464&_nc_zt=24&_nc_ht=scontent-cdg6-1.cdninstagram.com&_nc_gid=hvaMZJHEehu0Hy0ZplUyQQ&_nc_ss=7b6a8&oh=00_Af5ttLKk_4xQv63bWsjPwTIrRnPVyiLVgKb8HssUhA7cxA&oe=69FEA39B,rosy.liguori,https://www.instagram.com/rosy.liguori,marmellata di albicocche #ilprodottomisteriosoPENNY  #accettoregolamento #holettoprivacypolicy,0,0,2026-04-30T10:35:33.000Z,18085527506345129,574332137,2026-05-04T16:12:13.609Z,https://www.instagram.com/p/DXotHFAjcSM
https://scontent-cdg4-2.cdninstagram.com/v/t51.2885-19/51403798_292070611456863_4200988236127928320_n.jpg?stp=dst-jpg_s150x150_tt6&_nc_cat=107&ccb=7-5&_nc_sid=f7ccc5&efg=eyJ2ZW5jb2RlX3RhZyI6InByb2ZpbGVfcGljLnd3dy43MjAuQzMifQ%3D%3D&_nc_ohc=jGg3VITLMAcQ7kNvwGf-igq&_nc_oc=AdrCbo2mkphK3QfoqvD2xwOfWoHeZ8_0WoTQ8Hs5HJ7BqCvJsToPQEDBvADokFxBsOc&_nc_zt=24&_nc_ht=scontent-cdg4-2.cdninstagram.com&_nc_ss=7b6a8&oh=00_Af4lkjzXRduPq_A-JPS_zSq7qGuTqN7ZNw7DTtZkWYNXDQ&oe=69FEA17C,cancianistefania,https://www.instagram.com/cancianistefania,Confettura di albicocche #ilprodottomisteriosoPENNY #accettoregolamento #ho lettoprivacypolicy,0,0,2026-04-27T20:13:21.000Z,17945990342997073,10686942272,2026-05-04T16:12:13.609Z,https://www.instagram.com/p/DXotHFAjcSM
https://scontent-cdg4-2.cdninstagram.com/v/t51.2885-19/20065472_131325214131032_5178617539676078080_a.jpg?stp=dst-jpg_s150x150_tt6&_nc_cat=100&ccb=7-5&_nc_sid=f7ccc5&efg=eyJ2ZW5jb2RlX3RhZyI6InByb2ZpbGVfcGljLnd3dy40NDUuQzMifQ%3D%3D&_nc_ohc=LY0ihXrewREQ7kNvwEzPQU_&_nc_oc=AdoZF1T-prtcF4wDTaCKjOhFtF1NbYmL1Fpgb8uJxwRdZxwBQKv9V9zGw0su0QOXkcE&_nc_zt=24&_nc_ht=scontent-cdg4-2.cdninstagram.com&_nc_ss=7b6a8&oh=00_Af6kRJa7acjUYMz6wtma_O0xats6uG8xSI6Fe6zjqEJHGQ&oe=69FE7E07,maxcala69,https://www.instagram.com/maxcala69,#ilprodottomisteriosopenny#accettoregolamento #holettoprivacypolicy. Burro di arachidi crunch welless,0,0,2026-04-27T16:30:09.000Z,18001858406876135,5744793434,2026-05-04T16:12:13.609Z,https://www.instagram.com/p/DXotHFAjcSM
https://scontent-cdg4-1.cdninstagram.com/v/t51.2885-19/129765857_165855261919475_4475028560340275982_n.jpg?stp=dst-jpg_s150x150_tt6&_nc_cat=104&ccb=7-5&_nc_sid=f7ccc5&efg=eyJ2ZW5jb2RlX3RhZyI6InByb2ZpbGVfcGljLnd3dy40ODkuQzMifQ%3D%3D&_nc_ohc=jMjQVzHve_oQ7kNvwFDP0PC&_nc_oc=Adq4Uyr3QmkVhuQpszVLox49kKONqjHLaDkU8_Wl0q9JR1CzNQZvsjnKGMTq3lmHgEQ&_nc_zt=24&_nc_ht=scontent-cdg4-1.cdninstagram.com&_nc_ss=7b6a8&oh=00_Af7rnqXEe7tyv_aWDJXFk0ItJzuXZVps1v8Y6rZZLoUWJA&oe=69FEA48E,mauro69rossonero,https://www.instagram.com/mauro69rossonero,"Confettura di albicocche #ilprodottomisteriosoPENNY
#accettoregolamento
#holettoprivacypolicy",0,0,2026-04-28T06:36:46.000Z,18115076755779466,44909189015,2026-05-04T16:12:13.609Z,https://www.instagram.com/p/DXotHFAjcSM
https://scontent-cdg6-1.cdninstagram.com/v/t51.2885-19/448052867_473286725220123_9014583010956400130_n.jpg?stp=dst-jpg_s150x150_tt6&_nc_cat=105&ccb=7-5&_nc_sid=f7ccc5&efg=eyJ2ZW5jb2RlX3RhZyI6InByb2ZpbGVfcGljLnd3dy4xMDU4LkMzIn0%3D&_nc_ohc=7qNfdyxF640Q7kNvwGkHxsl&_nc_oc=Adp6i-0JLHllbMVvZWIPaLTwzPYiXqVd4c72oTDGRqu_yaIAIrmRecX3qf64JRPTnSg&_nc_zt=24&_nc_ht=scontent-cdg6-1.cdninstagram.com&_nc_ss=7b6a8&oh=00_Af7_x9tf65AU0lxxY_-G7jsLNTwI3SEwrmtjMal0penA1g&oe=69FE9154,kiara_s1984,https://www.instagram.com/kiara_s1984,Confettura di albicocca senza zuccheri aggiunti #ilprodottomisteriosoPENNY #accettoregolamento #holettoprivacypolicy,0,0,2026-04-28T12:18:43.000Z,17909880060391827,422643613,2026-05-04T16:12:13.609Z,https://www.instagram.com/p/DXotHFAjcSM
https://scontent-cdg4-1.cdninstagram.com/v/t51.2885-19/122429746_126661498932000_5187736185759492503_n.jpg?stp=dst-jpg_s150x150_tt6&_nc_cat=102&ccb=7-5&_nc_sid=f7ccc5&efg=eyJ2ZW5jb2RlX3RhZyI6InByb2ZpbGVfcGljLnd3dy43NDguQzMifQ%3D%3D&_nc_ohc=mOucTBx3-0wQ7kNvwEJfBV_&_nc_oc=AdqkUDJasUgJ8nPbr3kbGdUgUHNsLsBpMD1KgnrZL6nqcz7KwAxR6U4zwT8XTUr2UTw&_nc_zt=24&_nc_ht=scontent-cdg4-1.cdninstagram.com&_nc_ss=7b6a8&oh=00_Af4Z6vnYywGm98z5epfE5f0zcNZcqdTUbmPWlsnJiNxnWA&oe=69FE8BC3,angyjuventus,https://www.instagram.com/angyjuventus,confettura di albicocche #ilprodottomisteriosopenny #accettoilregolamento #holettoprivacypolicy,0,0,2026-04-27T15:22:14.000Z,17913295548182358,6905211426,2026-05-04T16:12:13.609Z,https://www.instagram.com/p/DXotHFAjcSM
https://scontent-cdg4-3.cdninstagram.com/v/t51.2885-19/299011906_1254681395360663_2398220353057499754_n.jpg?stp=dst-jpg_s150x150_tt6&_nc_cat=111&ccb=7-5&_nc_sid=f7ccc5&efg=eyJ2ZW5jb2RlX3RhZyI6InByb2ZpbGVfcGljLnd3dy4xODMuQzMifQ%3D%3D&_nc_ohc=hqt6PnCn7XUQ7kNvwHROId0&_nc_oc=AdoRhv0Sfb2_gE1E1i9JblqRoX07HkdgseJc3wS0MJneeiGHzsBFgzTocx4PI33rntA&_nc_zt=24&_nc_ht=scontent-cdg4-3.cdninstagram.com&_nc_ss=7b6a8&oh=00_Af4XsqZMokHWPTdB-k2NFogL1ZCgxJTqpwGaolSxn0_IBA&oe=69FE8E89,adelebianchi16,https://www.instagram.com/adelebianchi16,Confettura di albicocche #ilprodottomisteriosoPENNY #accettoregolamento #holettoprivacypolicy,0,0,2026-04-28T11:03:19.000Z,18001984532870736,4192074087,2026-05-04T16:12:13.609Z,https://www.instagram.com/p/DXotHFAjcSM
https://scontent-cdg4-2.cdninstagram.com/v/t51.2885-19/462997960_3212954618839368_4138840278463318407_n.jpg?stp=dst-jpg_s150x150_tt6&_nc_cat=107&ccb=7-5&_nc_sid=f7ccc5&efg=eyJ2ZW5jb2RlX3RhZyI6InByb2ZpbGVfcGljLnd3dy4zMDguQzMifQ%3D%3D&_nc_ohc=SCbmFmVVwA0Q7kNvwHmVX2q&_nc_oc=Adq4hmIAZQF8JxB1xbopovCBUsMb9qWgEKy6kfkaOGulm1EmjGKIax-lZbbnkQ8SlNI&_nc_zt=24&_nc_ht=scontent-cdg4-2.cdninstagram.com&_nc_ss=7b6a8&oh=00_Af6kirngRl1oRDogMmCVhJryb1R5ugOtnx6VEGG810NR4w&oe=69FE8D6A,kelis66_by_andromeda_,https://www.instagram.com/kelis66_by_andromeda_,Confettura di albicocche senza zuccheri aggiunti #ilprodottomisteriosopenny #accettoregolamento #holettoprivacypolicy,0,0,2026-04-27T15:34:50.000Z,17897185893435743,633047289,2026-05-04T16:12:21.823Z,https://www.instagram.com/p/DXotHFAjcSM
https://scontent-cdg4-2.cdninstagram.com/v/t51.2885-19/262315289_652376182421813_3372945142724411583_n.jpg?stp=dst-jpg_s150x150_tt6&_nc_cat=107&ccb=7-5&_nc_sid=f7ccc5&efg=eyJ2ZW5jb2RlX3RhZyI6InByb2ZpbGVfcGljLnd3dy43MTguQzMifQ%3D%3D&_nc_ohc=wE4S28yPiZ0Q7kNvwFzpHup&_nc_oc=AdoDj2OdAKzDjh7isaVJ-tYmLLlQBMUpuaKkUphgEaZUFiSwwZw0dc4OjtvlhQicAfI&_nc_zt=24&_nc_ht=scontent-cdg4-2.cdninstagram.com&_nc_ss=7b6a8&oh=00_Af5dJdVd3TMS-4IQpZcmb8Svr5Nh4s0YjwiyRwHAZPOW8w&oe=69FE9C0A,son.cor,https://www.instagram.com/son.cor,Confettura di albicocca senza zuccheri  aggiunti #ilprodottomisteriosoPENNY #accettoregolamento #holettoprivacypolicy,0,0,2026-04-28T13:07:07.000Z,18011354042854468,50337606487,2026-05-04T16:12:21.823Z,https://www.instagram.com/p/DXotHFAjcSM
https://scontent-cdg6-1.cdninstagram.com/v/t51.89012-19/573323465_1219825463302212_7278921664109726296_n.jpg?stp=dst-jpg_s150x150_tt6&_nc_cat=1&ccb=7-5&_nc_sid=f7ccc5&efg=eyJ2ZW5jb2RlX3RhZyI6InByb2ZpbGVfcGljLnd3dy5DMyJ9&_nc_ohc=Pf4Jx7fI-JMQ7kNvwEdnA1r&_nc_oc=AdrM5ak9ThOqfmCIPi6cg4Jm_5TeInAUOEZd_c63seXXEeGj0StKGP4VtTRRkluVdEU&_nc_zt=24&_nc_ht=scontent-cdg6-1.cdninstagram.com&_nc_gid=rQVeeP4rc4zXNZ-dBqrNbw&_nc_ss=7b6a8&oh=00_Af5vMkvAYjdLl3C-HqY7FIl4dzV9chpnvadeIQu7jBfcPw&oe=69FE87E2,simonaseverina,https://www.instagram.com/simonaseverina,Confettura di albicocche senza zuccheri aggiunti #ilprodottomisteriosopenny #accettoregolamento #holettoprivacypolicy,0,0,2026-04-27T15:03:12.000Z,18093226186909617,2092474991,2026-05-04T16:12:21.823Z,https://www.instagram.com/p/DXotHFAjcSM
https://scontent-cdg4-2.cdninstagram.com/v/t51.2885-19/311288821_653227309498368_7188362892873410950_n.jpg?stp=dst-jpg_s150x150_tt6&_nc_cat=100&ccb=7-5&_nc_sid=f7ccc5&efg=eyJ2ZW5jb2RlX3RhZyI6InByb2ZpbGVfcGljLnd3dy4xMDgwLkMzIn0%3D&_nc_ohc=VSLdQbAUp8UQ7kNvwEBaimD&_nc_oc=AdraA63993ErKrKnzdQRIxHm1mqXLYG2tW4v5ZXusJEJgjTa9NafVBMIXAixN0zCRlQ&_nc_zt=24&_nc_ht=scontent-cdg4-2.cdninstagram.com&_nc_ss=7b6a8&oh=00_Af5wdNQkfluI9GoJsIFwLFk5OwmARYohma6tvHYpftgGRQ&oe=69FE892A,antoninettonino,https://www.instagram.com/antoninettonino,"marmellata doi albicocche #ilprodottomisteriosoPENNY
#accettoregolamento
#holettoprivacypolicy",0,0,2026-04-30T14:49:37.000Z,18311096338275221,55940640620,2026-05-04T16:12:21.823Z,https://www.instagram.com/p/DXotHFAjcSM
https://scontent-cdg4-1.cdninstagram.com/v/t51.2885-19/122081140_850851018992421_2098848356529432540_n.jpg?stp=dst-jpg_s150x150_tt6&_nc_cat=110&ccb=7-5&_nc_sid=f7ccc5&efg=eyJ2ZW5jb2RlX3RhZyI6InByb2ZpbGVfcGljLnd3dy4xMDU2LkMzIn0%3D&_nc_ohc=cEif8Yb3kLYQ7kNvwGhFmPe&_nc_oc=Adp2JQUYpnZzn8Pz0tFb_0fARzx9G3SCurqqcfLsGlB8tXzHRbwXYSpnKXbBSYUQrIs&_nc_zt=24&_nc_ht=scontent-cdg4-1.cdninstagram.com&_nc_ss=7b6a8&oh=00_Af6H2PzLWyL0RP11EVCOBMsNX15lZOR_R9McIVRxKRaWzA&oe=69FE933F,minou_sfamily,https://www.instagram.com/minou_sfamily,Confettura di albicocche #ilprodottomisteriosopenny #accettoregolamento #holettoprivacypolicy,0,0,2026-04-27T20:05:44.000Z,18096566939116295,44208761648,2026-05-04T16:12:21.823Z,https://www.instagram.com/p/DXotHFAjcSM
https://scontent-cdg6-1.cdninstagram.com/v/t51.2885-19/329691480_954575745537920_8297539983429040875_n.jpg?stp=dst-jpg_s150x150_tt6&_nc_cat=106&ccb=7-5&_nc_sid=f7ccc5&efg=eyJ2ZW5jb2RlX3RhZyI6InByb2ZpbGVfcGljLnd3dy42NjIuQzMifQ%3D%3D&_nc_ohc=460wraJ9SvcQ7kNvwGsK5Fs&_nc_oc=Adr-vfAQtWBW_DeP3uY3FQMW1RH2J9zyUCpPaPFN1ZH7Lfol8B_kOwTfzyqp6LcW5jA&_nc_zt=24&_nc_ht=scontent-cdg6-1.cdninstagram.com&_nc_ss=7b6a8&oh=00_Af6X5GlKwsVS3TbVwP3rdzqSIQVEYS3thjPj-U-fyl-p-w&oe=69FE8F7F,_amaterasu_omikami_._,https://www.instagram.com/_amaterasu_omikami_._,Composta di arance #prodottomisteriosopenny #accettopregolamento #holettoprivacypolicy,0,0,2026-04-28T12:00:45.000Z,18156002431457781,1054420241,2026-05-04T16:12:21.823Z,https://www.instagram.com/p/DXotHFAjcSM
https://scontent-cdg4-1.cdninstagram.com/v/t51.82787-19/561090018_17844972522584408_8229706562112029761_n.jpg?stp=dst-jpg_s150x150_tt6&_nc_cat=104&ccb=7-5&_nc_sid=f7ccc5&efg=eyJ2ZW5jb2RlX3RhZyI6InByb2ZpbGVfcGljLnd3dy4xMDgwLkMzIn0%3D&_nc_ohc=A7_bolNRRIwQ7kNvwGJqzMt&_nc_oc=Adp6s2CHj3hBkGv861I3Cta5J8-t0RB8vQdmzxi_IQEj4KWBmsGqD5xkecgAT4VrM8g&_nc_zt=24&_nc_ht=scontent-cdg4-1.cdninstagram.com&_nc_gid=rQVeeP4rc4zXNZ-dBqrNbw&_nc_ss=7b6a8&oh=00_Af6slsibCJnIEHO3J6Bt9guv70K1axPy9-E5FgcVY-mRRg&oe=69FEB3A8,nadialupe70,https://www.instagram.com/nadialupe70,Confettura di Albicocche senza zuccheri aggiunti #prodottomisteriosopenny #accetto regolamento #holettoprivacypolicy,0,0,2026-04-27T17:56:39.000Z,18091684073464208,77635536407,2026-05-04T16:12:21.823Z,https://www.instagram.com/p/DXotHFAjcSM
https://scontent-cdg6-1.cdninstagram.com/v/t51.2885-19/15337246_1329550210430937_1070701566975016960_a.jpg?stp=dst-jpg_s150x150_tt6&_nc_cat=105&ccb=7-5&_nc_sid=f7ccc5&efg=eyJ2ZW5jb2RlX3RhZyI6InByb2ZpbGVfcGljLnd3dy4yMDAuQzMifQ%3D%3D&_nc_ohc=SqqlTfsFeasQ7kNvwEvNEpI&_nc_oc=Adp_a2e0ulPeg8hA5F9UNXQ7O0lcYVNv2IBmcCV9Q0OGYGY73VvsS6c9VplvGpNnP8I&_nc_zt=24&_nc_ht=scontent-cdg6-1.cdninstagram.com&_nc_ss=7b6a8&oh=00_Af6_bRo2lNW-C_vA_9NSNip0fSLQhv7Vd1kQ_0l0ypejRg&oe=69FE9A4B,simonacanonici,https://www.instagram.com/simonacanonici,Marmellata di arancia senza zucchero aggiunto,0,0,2026-04-30T15:32:58.000Z,18113532271830387,4268579262,2026-05-04T16:12:21.823Z,https://www.instagram.com/p/DXotHFAjcSM
https://scontent-cdg4-2.cdninstagram.com/v/t51.2885-19/440366866_966600138393141_2071863346569316980_n.jpg?stp=dst-jpg_s150x150_tt6&_nc_cat=109&ccb=7-5&_nc_sid=f7ccc5&efg=eyJ2ZW5jb2RlX3RhZyI6InByb2ZpbGVfcGljLnd3dy45NjAuQzMifQ%3D%3D&_nc_ohc=2Tq5ArSj1wIQ7kNvwH7PdUS&_nc_oc=AdpbWB_LiLi_0S2pbOVhTK5BCepATd09RfiwKxk0dMyh4NaTHUzQiJtX0uu05ohr-mo&_nc_zt=24&_nc_ht=scontent-cdg4-2.cdninstagram.com&_nc_ss=7b6a8&oh=00_Af7FVcBEvFgnan0fCBydhhQnbx4gXYbk-0_ZeW8AK-YGBA&oe=69FEB1D4,beatricidaniela,https://www.instagram.com/beatricidaniela,Confettura di albicocche #ilprodottomisteriosopenny #accettoregolamento #holettoprivacypolicy,0,0,2026-04-27T20:18:45.000Z,18110958736887522,31117831433,2026-05-04T16:12:21.823Z,https://www.instagram.com/p/DXotHFAjcSM
https://scontent-cdg4-1.cdninstagram.com/v/t51.82787-19/538857833_17853262170525044_1214450275714510580_n.jpg?stp=dst-jpg_s150x150_tt6&_nc_cat=104&ccb=7-5&_nc_sid=f7ccc5&efg=eyJ2ZW5jb2RlX3RhZyI6InByb2ZpbGVfcGljLnd3dy4xMDgwLkMzIn0%3D&_nc_ohc=t9xXoaIb8vMQ7kNvwE5xaPi&_nc_oc=AdrmVdyao1hmoiIsU6Wggnjh7RZa625UYjTpNT1T_XXsqQJGuXnitUwAXh5CmVcZrdw&_nc_zt=24&_nc_ht=scontent-cdg4-1.cdninstagram.com&_nc_gid=rQVeeP4rc4zXNZ-dBqrNbw&_nc_ss=7b6a8&oh=00_Af6QqaqpXc4TF05qimfxHr7CP_-LUqL7Rf1beAT6loVqEg&oe=69FE8EFD,lucky_tester,https://www.instagram.com/lucky_tester,"confettura di albicocca senza zuccheri aggiunti #ilprodottomisteriosoPENNY
#accettoregolamento
#holettoprivacypolicy",0,0,2026-04-29T08:47:22.000Z,18049923548566768,75792981043,2026-05-04T16:12:21.823Z,https://www.instagram.com/p/DXotHFAjcSM
https://scontent-cdg4-1.cdninstagram.com/v/t51.2885-19/333389225_228065706246103_6118600585142668083_n.jpg?stp=dst-jpg_s150x150_tt6&_nc_cat=104&ccb=7-5&_nc_sid=f7ccc5&efg=eyJ2ZW5jb2RlX3RhZyI6InByb2ZpbGVfcGljLnd3dy45NTkuQzMifQ%3D%3D&_nc_ohc=Tk1G_f7rF7sQ7kNvwHlx-DS&_nc_oc=AdpR7LSKc_dVs9hFvFSXi-smThVBThTPs9JnjgT3CFjJevG-QKvt-WlcuZh5-INKj58&_nc_zt=24&_nc_ht=scontent-cdg4-1.cdninstagram.com&_nc_ss=7b6a8&oh=00_Af53dN3lXvkJPEX8G1Z3Os4glq1EbiK5DZFUxkULfFzBcQ&oe=69FE9392,silverluis.90,https://www.instagram.com/silverluis.90,"Confettura di albicocche #ilprodottomisteriosopenny
#accettoregolamento
#holettoprivacypolicy",0,0,2026-04-27T20:23:11.000Z,18010041134894366,58255315806,2026-05-04T16:12:21.823Z,https://www.instagram.com/p/DXotHFAjcSM
https://scontent-cdg4-1.cdninstagram.com/v/t51.82787-19/651310595_18568910233058899_3117158285319164455_n.jpg?stp=dst-jpg_s150x150_tt6&_nc_cat=102&ccb=7-5&_nc_sid=f7ccc5&efg=eyJ2ZW5jb2RlX3RhZyI6InByb2ZpbGVfcGljLnd3dy4xMDgwLkMzIn0%3D&_nc_ohc=ibjz8kyIGAgQ7kNvwHswuHJ&_nc_oc=AdrMAFFUB892lP7VMKPnBATPyXWizmUPR7XI8VteI-C5i6IexPNPBMr6kr1dYNHrlfs&_nc_zt=24&_nc_ht=scontent-cdg4-1.cdninstagram.com&_nc_gid=rQVeeP4rc4zXNZ-dBqrNbw&_nc_ss=7b6a8&oh=00_Af7jUHNk8ionREkdSO3b8_Vt8yzmIz2UT7umoGwMQWd0MQ&oe=69FE91B6,vale_ntinad,https://www.instagram.com/vale_ntinad,"marmellata di pesca o albicocca #ilprodottomisteriosoPENNY
#accettoregolamento
#holettoprivacypolicy",0,0,2026-04-28T11:06:26.000Z,17876648703590640,232314898,2026-05-04T16:12:21.823Z,https://www.instagram.com/p/DXotHFAjcSM
https://scontent-cdg6-1.cdninstagram.com/v/t51.2885-19/423602361_1122713348925180_4241571380131177526_n.jpg?stp=dst-jpg_s150x150_tt6&_nc_cat=106&ccb=7-5&_nc_sid=f7ccc5&efg=eyJ2ZW5jb2RlX3RhZyI6InByb2ZpbGVfcGljLnd3dy4zMjAuQzMifQ%3D%3D&_nc_ohc=kuf0v7GpHXEQ7kNvwEZWlU5&_nc_oc=AdpYnYqs5VIm3bnuRFruCstp-5CftNW1nJInelueRGrFggE9GEWxiE-igaeXW9feW7s&_nc_zt=24&_nc_ht=scontent-cdg6-1.cdninstagram.com&_nc_ss=7b6a8&oh=00_Af7GEDmNGi_n4hx8m6uAh26lJ7zowotXSMYD2qZE0yidmg&oe=69FE85AA,frigerio9,https://www.instagram.com/frigerio9,Confettura di albicocche #ilprodottomisteriosopenny #accettoregolamento #holettoprivacypolicy,0,0,2026-04-27T20:26:37.000Z,18072761369276974,11231111793,2026-05-04T16:12:21.823Z,https://www.instagram.com/p/DXotHFAjcSM
https://scontent-cdg4-3.cdninstagram.com/v/t51.2885-19/121062871_626074304746130_5269328053655821805_n.jpg?stp=dst-jpg_s150x150_tt6&_nc_cat=111&ccb=7-5&_nc_sid=f7ccc5&efg=eyJ2ZW5jb2RlX3RhZyI6InByb2ZpbGVfcGljLnd3dy4xMDgwLkMzIn0%3D&_nc_ohc=uW5SMrhtUi4Q7kNvwFNjQyb&_nc_oc=AdqadK3gCrNmUDeW2-enu1IbYcFkHP_CygTKzU25wZ1Jj2OtleXPikZSj_8S3vaDPgQ&_nc_zt=24&_nc_ht=scontent-cdg4-3.cdninstagram.com&_nc_ss=7b6a8&oh=00_Af4AOQ6m3W-DZ-9MKOjhgCkezpGKuaSeUYOEkTS201XiJA&oe=69FE96AB,cristina.valentina27,https://www.instagram.com/cristina.valentina27,La confettura di albicocca senza zuccheri aggiunti #ilprodottomisteriosopenny #accettoregolamento #holettoprivacypolicy,0,0,2026-04-27T19:15:25.000Z,18230455039314581,1441245234,2026-05-04T16:12:21.823Z,https://www.instagram.com/p/DXotHFAjcSM
https://scontent-cdg6-1.cdninstagram.com/v/t51.82787-19/553232271_18095554972679973_5171663953890921424_n.jpg?stp=dst-jpg_s150x150_tt6&_nc_cat=103&ccb=7-5&_nc_sid=f7ccc5&efg=eyJ2ZW5jb2RlX3RhZyI6InByb2ZpbGVfcGljLnd3dy4xMDgwLkMzIn0%3D&_nc_ohc=0v8Srcp0dVUQ7kNvwGsX0TV&_nc_oc=Ado6Aji3PWD1IYblYllr0_nAJNlWF27fPdn1ASpYYZQbH_aELG7wrlxOgyV3q7B5lf8&_nc_zt=24&_nc_ht=scontent-cdg6-1.cdninstagram.com&_nc_gid=rQVeeP4rc4zXNZ-dBqrNbw&_nc_ss=7b6a8&oh=00_Af4hsoYqMk2AYVWQ1SDtd0JiFjp4K4E2N0e9wJd_ygRvtg&oe=69FE891E,no.instaname_,https://www.instagram.com/no.instaname_,"Confettura di albicocca senza zuccheri aggiunti #ilprodottomisteriosoPENNY
#accettoregolamento
#holettoprivacypolicy",0,0,2026-04-29T08:45:10.000Z,18058623767718973,20285943972,2026-05-04T16:12:21.823Z,https://www.instagram.com/p/DXotHFAjcSM
https://scontent-cdg4-2.cdninstagram.com/v/t51.2885-19/62537062_1260908837398327_9076981980695887872_n.jpg?stp=dst-jpg_s150x150_tt6&_nc_cat=100&ccb=7-5&_nc_sid=f7ccc5&efg=eyJ2ZW5jb2RlX3RhZyI6InByb2ZpbGVfcGljLnd3dy4xMDgwLkMzIn0%3D&_nc_ohc=ponjo6CbIKgQ7kNvwG2-krf&_nc_oc=AdoFS0nVN13BvXnYBuPIf3dpzubW-5oFraNQIAQnOy_WxJfheMcj4_JNqTk8AVfLdOg&_nc_zt=24&_nc_ht=scontent-cdg4-2.cdninstagram.com&_nc_ss=7b6a8&oh=00_Af5Eyekve7o1uFETA1puYp4fAS81G9qOP4ZFz_Ge5K46gg&oe=69FE86EE,samantha_ripamonti,https://www.instagram.com/samantha_ripamonti,Confettura di albicocca senza zuccheri aggiunti #ilprodottomisteriosoPENNY #accettoregolamento #holettoprivacypolicy,0,0,2026-04-29T07:41:22.000Z,18351871537208028,342165054,2026-05-04T16:12:30.268Z,https://www.instagram.com/p/DXotHFAjcSM
https://scontent-cdg4-2.cdninstagram.com/v/t51.2885-19/103751788_287361262645067_473858356333507369_n.jpg?stp=dst-jpg_s150x150_tt6&_nc_cat=100&ccb=7-5&_nc_sid=f7ccc5&efg=eyJ2ZW5jb2RlX3RhZyI6InByb2ZpbGVfcGljLnd3dy4xMDgwLkMzIn0%3D&_nc_ohc=gJ9CkDoiVIEQ7kNvwHllC_z&_nc_oc=Adqls0BgsbpxNKX27T7nlXTMZFATNpeGpW3l3eRCMFNDqkpZF7KDHgJBbW-bH-hH1JM&_nc_zt=24&_nc_ht=scontent-cdg4-2.cdninstagram.com&_nc_ss=7b6a8&oh=00_Af66aojojoH-ZxumhftDrfIKylESnx5TuNedeKkN_3Jl_Q&oe=69FE952E,graziellagallo81,https://www.instagram.com/graziellagallo81,#ilprodottomisteriosopenny  #accettoregolamento  #holettoprivacypolicy  confettura di albicocca senza zuccheri aggiunti,0,0,2026-05-01T18:01:06.000Z,18159337900445041,1601788719,2026-05-04T16:12:30.268Z,https://www.instagram.com/p/DXotHFAjcSM
https://scontent-cdg4-2.cdninstagram.com/v/t51.82787-19/553314777_18289690513284520_4825130411480284971_n.jpg?stp=dst-jpg_s150x150_tt6&_nc_cat=109&ccb=7-5&_nc_sid=f7ccc5&efg=eyJ2ZW5jb2RlX3RhZyI6InByb2ZpbGVfcGljLnd3dy4xMDgwLkMzIn0%3D&_nc_ohc=nKnlAxOkp2cQ7kNvwFJO_vi&_nc_oc=AdoKncmyavspcxn2dGiV6WSexa6Nh_ANnYJxdnI69drnwvcyR8lc50ByRid07FIBM_k&_nc_zt=24&_nc_ht=scontent-cdg4-2.cdninstagram.com&_nc_gid=t6B3eMXx7ijOSKNWc18X4w&_nc_ss=7b6a8&oh=00_Af4w5mbtpYwQCcvFL3HOl7pdi3OW-Wm-bcdLoh1ejdMGRw&oe=69FE93B7,anna.tirone_2022,https://www.instagram.com/anna.tirone_2022,Marmellata di albicocca #ilprodottomisteriosoPenny #accettoilregolamento #holettoprivacypolicy,0,0,2026-04-28T12:58:19.000Z,18314848627273687,8434916519,2026-05-04T16:12:30.268Z,https://www.instagram.com/p/DXotHFAjcSM
https://scontent-cdg4-1.cdninstagram.com/v/t51.75761-19/496791223_18500630530030280_241113182909351401_n.jpg?stp=dst-jpg_s150x150_tt6&_nc_cat=108&ccb=7-5&_nc_sid=f7ccc5&efg=eyJ2ZW5jb2RlX3RhZyI6InByb2ZpbGVfcGljLnd3dy4xMDY0LkMzIn0%3D&_nc_ohc=Pzd73ffWPPUQ7kNvwES4YOk&_nc_oc=AdoUY4TgWNigM3SdMfUXlP-DKW-lfKEz0dqgkrpW-RqMiHAiXk9SSINOFWxXy67aPgk&_nc_zt=24&_nc_ht=scontent-cdg4-1.cdninstagram.com&_nc_gid=t6B3eMXx7ijOSKNWc18X4w&_nc_ss=7b6a8&oh=00_Af7Vc7r0y5vYqlLGJ9IwxjkYkR6W_y6Hrws3T2JJLj0BVQ&oe=69FEAE64,marinellacocco,https://www.instagram.com/marinellacocco,Confettura di albicocche senza zuccheri aggiunti #ilprodottomisteriosopenny #accettoregolamento  #holettoprivacypolicy,0,0,2026-04-27T17:23:45.000Z,18075288857221939,1225694279,2026-05-04T16:12:30.268Z,https://www.instagram.com/p/DXotHFAjcSM
https://scontent-cdg4-2.cdninstagram.com/v/t51.2885-19/336966007_607306850903059_6861146141694877680_n.jpg?stp=dst-jpg_s150x150_tt6&_nc_cat=101&ccb=7-5&_nc_sid=f7ccc5&efg=eyJ2ZW5jb2RlX3RhZyI6InByb2ZpbGVfcGljLnd3dy45ODkuQzMifQ%3D%3D&_nc_ohc=cm9_7zegXZ8Q7kNvwGtISup&_nc_oc=AdoVvb0i9OPEvQ6bCxMmBaazgI5kkitGqird6_LUkd4hzWX4uBhGjjYQKY85Kk43NOk&_nc_zt=24&_nc_ht=scontent-cdg4-2.cdninstagram.com&_nc_ss=7b6a8&oh=00_Af4dtVowQIfTZhyBm_Ut_YsVZFN5AHhspk4lru5MVrZkXQ&oe=69FE9C79,fashionfactorylab,https://www.instagram.com/fashionfactorylab,Confettura di albicocche #prodottomisteriosopenny #accettoregolamento #holettoprivacypolicy,0,0,2026-04-27T16:41:56.000Z,18101551954803804,4864942739,2026-05-04T16:12:30.268Z,https://www.instagram.com/p/DXotHFAjcSM
https://scontent-cdg6-1.cdninstagram.com/v/t51.89012-19/573323465_1219825463302212_7278921664109726296_n.jpg?stp=dst-jpg_s150x150_tt6&_nc_cat=1&ccb=7-5&_nc_sid=f7ccc5&efg=eyJ2ZW5jb2RlX3RhZyI6InByb2ZpbGVfcGljLnd3dy5DMyJ9&_nc_ohc=Pf4Jx7fI-JMQ7kNvwEdnA1r&_nc_oc=AdrM5ak9ThOqfmCIPi6cg4Jm_5TeInAUOEZd_c63seXXEeGj0StKGP4VtTRRkluVdEU&_nc_zt=24&_nc_ht=scontent-cdg6-1.cdninstagram.com&_nc_gid=t6B3eMXx7ijOSKNWc18X4w&_nc_ss=7b6a8&oh=00_Af60v9F3-055PZrP1EOu36iIJzqOO87UXiQwYL58to4CZQ&oe=69FE87E2,e15461,https://www.instagram.com/e15461,Confettura albicocca  senza  zuccheri  #prodottomisteriosoPenny#accettoregolamento #holettoprivacypolicy,0,0,2026-04-27T18:01:32.000Z,18011883068701215,51170101722,2026-05-04T16:12:30.268Z,https://www.instagram.com/p/DXotHFAjcSM
https://scontent-cdg4-2.cdninstagram.com/v/t51.2885-19/118664436_175765897478907_2399331112878645216_n.jpg?stp=dst-jpg_s150x150_tt6&_nc_cat=107&ccb=7-5&_nc_sid=f7ccc5&efg=eyJ2ZW5jb2RlX3RhZyI6InByb2ZpbGVfcGljLnd3dy44OTYuQzMifQ%3D%3D&_nc_ohc=utEzw-S7UO4Q7kNvwE7AKpo&_nc_oc=AdohD5XcEnMAvTwDFzl_iEHnEQDkdDC9kKwj3RLrBrfWjSo-N2RN-XL1L7J0eMsprUY&_nc_zt=24&_nc_ht=scontent-cdg4-2.cdninstagram.com&_nc_ss=7b6a8&oh=00_Af6HrO5yHEV57G0tT9EaeFojccxIQ7hjpxKKPVn9v0qSZA&oe=69FEA605,vaniadefinis,https://www.instagram.com/vaniadefinis,Confettura di albicocche #ilprodottomisteriosoPENNY #accettoregolamento #holettoprivacypolicy,0,0,2026-04-28T15:30:42.000Z,17922144792301519,520994678,2026-05-04T16:12:30.268Z,https://www.instagram.com/p/DXotHFAjcSM
https://scontent-cdg4-2.cdninstagram.com/v/t51.2885-19/294064120_376708831218575_7139319452120109346_n.jpg?stp=dst-jpg_s150x150_tt6&_nc_cat=101&ccb=7-5&_nc_sid=f7ccc5&efg=eyJ2ZW5jb2RlX3RhZyI6InByb2ZpbGVfcGljLnd3dy4xMDgwLkMzIn0%3D&_nc_ohc=j_ITPR7Ev0gQ7kNvwGps2NZ&_nc_oc=AdqEJkKZ2pkWH7kW-m_6GKfKK2EEkb9GsiNtdOz3WNZxAmhshjR7gCaQCqKhIREN2Cs&_nc_zt=24&_nc_ht=scontent-cdg4-2.cdninstagram.com&_nc_ss=7b6a8&oh=00_Af7hS7ZFHmDBXCq7rE0_8qHMXv71YSyMN3u9nAv5GpsxXw&oe=69FE9127,davidoffer,https://www.instagram.com/davidoffer,#prodottomisteriosopenny #accettoregolamento #holettoprivacypolicy confettura di albicocca,0,0,2026-04-27T21:49:24.000Z,18114038899826279,241644495,2026-05-04T16:12:30.269Z,https://www.instagram.com/p/DXotHFAjcSM
https://scontent-cdg4-2.cdninstagram.com/v/t51.2885-19/103435175_305105107541846_6537573905395903053_n.jpg?stp=dst-jpg_s150x150_tt6&_nc_cat=101&ccb=7-5&_nc_sid=f7ccc5&efg=eyJ2ZW5jb2RlX3RhZyI6InByb2ZpbGVfcGljLnd3dy4xMDgwLkMzIn0%3D&_nc_ohc=Ey_vSV7kZmMQ7kNvwFNlzBM&_nc_oc=AdrXGKINDHJiYmWxl9G3dLhNyUwfGJuV8rEb8lYVboZx7g6vz-7WJHwrCIqSxn7YgX8&_nc_zt=24&_nc_ht=scontent-cdg4-2.cdninstagram.com&_nc_ss=7b6a8&oh=00_Af53EKzneb_Ci1cYU9TvLyeoh-NqMDa-LMpXUPaI8fXYnQ&oe=69FEA2B1,daniela_gliozzo,https://www.instagram.com/daniela_gliozzo,#prodottomisteriosopenny #accettoregolamento #holettoprivacypolicy confettura di albicocca,0,0,2026-04-27T21:59:51.000Z,17868278598523152,10169553259,2026-05-04T16:12:30.269Z,https://www.instagram.com/p/DXotHFAjcSM
https://scontent-cdg4-1.cdninstagram.com/v/t51.2885-19/121559842_193166758872336_779114432064317725_n.jpg?stp=dst-jpg_s150x150_tt6&_nc_cat=108&ccb=7-5&_nc_sid=f7ccc5&efg=eyJ2ZW5jb2RlX3RhZyI6InByb2ZpbGVfcGljLnd3dy4xMDgwLkMzIn0%3D&_nc_ohc=twuMxtVcaZUQ7kNvwE7bOB3&_nc_oc=AdqZ0yBPl8ZXQtYsCmrfNRvQcrM9aaXb5w--XgCfDK7w3kVDwLCo_MgoVCqjcUmuaio&_nc_zt=24&_nc_ht=scontent-cdg4-1.cdninstagram.com&_nc_ss=7b6a8&oh=00_Af7hf1LKPB3w8g6EPdSP9756tZSLg7KbK079idLPnvAMcg&oe=69FEAEAD,dani_gli,https://www.instagram.com/dani_gli,#prodottomisteriosopenny #accettoregolamento #holettoprivacypolicy confettura di albicocca,0,0,2026-04-27T21:58:58.000Z,18052075592723513,10034241658,2026-05-04T16:12:30.269Z,https://www.instagram.com/p/DXotHFAjcSM
https://scontent-cdg6-1.cdninstagram.com/v/t51.89012-19/573323465_1219825463302212_7278921664109726296_n.jpg?stp=dst-jpg_s150x150_tt6&_nc_cat=1&ccb=7-5&_nc_sid=f7ccc5&efg=eyJ2ZW5jb2RlX3RhZyI6InByb2ZpbGVfcGljLnd3dy5DMyJ9&_nc_ohc=Pf4Jx7fI-JMQ7kNvwEdnA1r&_nc_oc=AdrM5ak9ThOqfmCIPi6cg4Jm_5TeInAUOEZd_c63seXXEeGj0StKGP4VtTRRkluVdEU&_nc_zt=24&_nc_ht=scontent-cdg6-1.cdninstagram.com&_nc_gid=t6B3eMXx7ijOSKNWc18X4w&_nc_ss=7b6a8&oh=00_Af60v9F3-055PZrP1EOu36iIJzqOO87UXiQwYL58to4CZQ&oe=69FE87E2,0.0winwin,https://www.instagram.com/0.0winwin,Confettura di albicocca #ilprodottomisteriosoPENNY #accettoregolamento #holettoprivacypolicy,0,0,2026-04-30T09:57:21.000Z,18583094284052034,78049534207,2026-05-04T16:12:30.269Z,https://www.instagram.com/p/DXotHFAjcSM
https://scontent-cdg4-1.cdninstagram.com/v/t51.2885-19/267389461_449887116690060_1744707433957954457_n.jpg?stp=dst-jpg_s150x150_tt6&_nc_cat=108&ccb=7-5&_nc_sid=f7ccc5&efg=eyJ2ZW5jb2RlX3RhZyI6InByb2ZpbGVfcGljLnd3dy4xOTAuQzMifQ%3D%3D&_nc_ohc=TrFUL8_FJyIQ7kNvwF_0eeP&_nc_oc=AdqyOyAvceMqi41bhH0NcUFpa-1oHaqUe7Jdq-ZxvHKa-RYHED-gcV0gyxkJz_uPrvs&_nc_zt=24&_nc_ht=scontent-cdg4-1.cdninstagram.com&_nc_ss=7b6a8&oh=00_Af4tKTbwgts_9wp5TowOO9aAalSA2Bq_u-VJt12xQ9yizQ&oe=69FEAB88,venereomaggi1,https://www.instagram.com/venereomaggi1,Confettura di albicocca #ilprodottomisteriosoPENNY #accettoregolamento #holettoprivacypolicy,0,0,2026-04-30T17:22:48.000Z,18099978791094804,50930271899,2026-05-04T16:12:30.269Z,https://www.instagram.com/p/DXotHFAjcSM
https://scontent-cdg4-2.cdninstagram.com/v/t51.2885-19/399277485_857302495773946_3287034255251219767_n.jpg?stp=dst-jpg_s150x150_tt6&_nc_cat=109&ccb=7-5&_nc_sid=f7ccc5&efg=eyJ2ZW5jb2RlX3RhZyI6InByb2ZpbGVfcGljLnd3dy4xMDgwLkMzIn0%3D&_nc_ohc=XyR1_mTa_HQQ7kNvwH9656p&_nc_oc=Adqx8NbIsPKhUM16YFR91gyo9Smfz29Fqo7AxrTwyvL4kzcnqrLeIobB0GhEtffVPb0&_nc_zt=24&_nc_ht=scontent-cdg4-2.cdninstagram.com&_nc_ss=7b6a8&oh=00_Af4hRy4rAmzvxMr5z5T3VM_MbAclbxrwyUd9rDMThMD_0A&oe=69FE7E1B,_mony_80_,https://www.instagram.com/_mony_80_,"Confettura di albicocche  #ilprodottomisteriosopenny
#accettoregolamento
#holettoprivacypolicy",0,0,2026-04-28T08:37:47.000Z,18102656773784268,231609050,2026-05-04T16:12:30.269Z,https://www.instagram.com/p/DXotHFAjcSM
https://scontent-cdg4-2.cdninstagram.com/v/t51.2885-19/245062931_192512786355980_3237803696022629046_n.jpg?stp=dst-jpg_s150x150_tt6&_nc_cat=100&ccb=7-5&_nc_sid=f7ccc5&efg=eyJ2ZW5jb2RlX3RhZyI6InByb2ZpbGVfcGljLnd3dy4zNDQuQzMifQ%3D%3D&_nc_ohc=bB4A9E_0I_MQ7kNvwFx6LL_&_nc_oc=Adq2h22Efy1JQyKr4CBa9Ge94twCuC2o2SNJacqEXqa0FkY9UCHXwxqPF0kG5ZRBAKw&_nc_zt=24&_nc_ht=scontent-cdg4-2.cdninstagram.com&_nc_ss=7b6a8&oh=00_Af4tRi4_m5Uqr-gg2_R1PZ7XABPKQUdjXkcOD7xq4Wk-Tw&oe=69FEAC81,ilov3beauty1,https://www.instagram.com/ilov3beauty1,Confettura di albicocca #ilprodottomisteriosoPENNY #accettoregolamento #holettoprivacypolicy,0,0,2026-05-04T03:36:40.000Z,18150009070492644,49815754563,2026-05-04T16:12:30.269Z,https://www.instagram.com/p/DXotHFAjcSM
https://scontent-cdg4-1.cdninstagram.com/v/t51.82787-19/589404803_17844779142620582_7837130033738013295_n.jpg?stp=dst-jpg_s150x150_tt6&_nc_cat=110&ccb=7-5&_nc_sid=f7ccc5&efg=eyJ2ZW5jb2RlX3RhZyI6InByb2ZpbGVfcGljLnd3dy4xMDgwLkMzIn0%3D&_nc_ohc=lekQD40mCN8Q7kNvwH5LzD3&_nc_oc=AdpoeoSzZ_zTfTX8zTBxC1WeSEPlZgX4CQ8UtvkBrPGBz5QWXd2n8HjvnnOjylO2-CY&_nc_zt=24&_nc_ht=scontent-cdg4-1.cdninstagram.com&_nc_gid=t6B3eMXx7ijOSKNWc18X4w&_nc_ss=7b6a8&oh=00_Af6EDWk0L7bvy6K4l7vsLbeKhQ9MXk6QB4LpM68voK3Uew&oe=69FE9280,ivabella1955,https://www.instagram.com/ivabella1955,Confettura di albicocche #ilprodottomisteriosopenny #accettoregolamento #holettoprivacypolicy,0,0,2026-04-28T09:41:59.000Z,18076922672540195,78642924581,2026-05-04T16:12:30.269Z,https://www.instagram.com/p/DXotHFAjcSM
https://scontent-cdg4-2.cdninstagram.com/v/t51.2885-19/272631345_3201165530151440_8494545750812584390_n.jpg?stp=dst-jpg_s150x150_tt6&_nc_cat=100&ccb=7-5&_nc_sid=f7ccc5&efg=eyJ2ZW5jb2RlX3RhZyI6InByb2ZpbGVfcGljLnd3dy44NTAuQzMifQ%3D%3D&_nc_ohc=X10aBAVvcbgQ7kNvwE3YtRu&_nc_oc=Adr7XQIf8vCw8o3qr264ExjZRDFsz1s7rrqEYpyTH-m1xHTMvMebhPPMC0CDryrv3UM&_nc_zt=24&_nc_ht=scontent-cdg4-2.cdninstagram.com&_nc_ss=7b6a8&oh=00_Af4d9oiviEuOCuNA9U5VvaADvs65yPLqjkp2vL0zr5CqTQ&oe=69FE9086,giusiscirescappuzzo,https://www.instagram.com/giusiscirescappuzzo,Confettura di albicocche  #ilprodottomisteriosopenny#accettoilregolamento#holettoprivacypolicy,0,0,2026-04-27T17:28:06.000Z,17864209431555990,1183891516,2026-05-04T16:12:39.530Z,https://www.instagram.com/p/DXotHFAjcSM
https://scontent-cdg6-1.cdninstagram.com/v/t51.2885-19/360075633_238084372441781_2791499629303057887_n.jpg?stp=dst-jpg_s150x150_tt6&_nc_cat=103&ccb=7-5&_nc_sid=f7ccc5&efg=eyJ2ZW5jb2RlX3RhZyI6InByb2ZpbGVfcGljLnd3dy4zMjAuQzMifQ%3D%3D&_nc_ohc=vcku4V26kqUQ7kNvwG1oWoy&_nc_oc=AdpuC6Wgm30OmiFoJjT8XiZ2uHCtHbqzrDqd_dMaY-LEZk2r02LHpEu9izucb315rGE&_nc_zt=24&_nc_ht=scontent-cdg6-1.cdninstagram.com&_nc_ss=7b6a8&oh=00_Af4DSlWG1TzySz0mxRaKLL-GMGeaPbgFoV9yfK617ap9NQ&oe=69FE934D,iryna9569,https://www.instagram.com/iryna9569,Confettura di albicocche #ilprodottomisteriosopenny #accettoregolamento #holettoprivacypolicy,0,0,2026-04-28T09:47:57.000Z,18065445749346614,51771869691,2026-05-04T16:12:39.530Z,https://www.instagram.com/p/DXotHFAjcSM
https://scontent-cdg6-1.cdninstagram.com/v/t51.2885-19/447888800_755536086654435_7658566322402879405_n.jpg?stp=dst-jpg_s150x150_tt6&_nc_cat=106&ccb=7-5&_nc_sid=f7ccc5&efg=eyJ2ZW5jb2RlX3RhZyI6InByb2ZpbGVfcGljLnd3dy4xMDgwLkMzIn0%3D&_nc_ohc=NgVCWaKp9tsQ7kNvwGWjW-o&_nc_oc=AdoCbUr_Q-_sJOMYzCa5EN1QBdbGO2WJEPVAlmW1PgsTVMU5Pr-_wkHL8ELWE8f9dLs&_nc_zt=24&_nc_ht=scontent-cdg6-1.cdninstagram.com&_nc_ss=7b6a8&oh=00_Af4Sr5HfUiBjxjeutYhOCmoo-pNGG0S0DpOWEsAOb6Bw6w&oe=69FEA5EB,gabriellamarcheluzzo,https://www.instagram.com/gabriellamarcheluzzo,Marmellata di albicocca #ilprodottomisteriosoPenny #accettoilregolamento #holettoprivacypolicy,0,0,2026-04-28T18:59:41.000Z,18095839751137400,4002207884,2026-05-04T16:12:39.530Z,https://www.instagram.com/p/DXotHFAjcSM
https://scontent-cdg4-1.cdninstagram.com/v/t51.2885-19/46202609_346092916220051_4242715028819542016_n.jpg?stp=dst-jpg_s150x150_tt6&_nc_cat=102&ccb=7-5&_nc_sid=f7ccc5&efg=eyJ2ZW5jb2RlX3RhZyI6InByb2ZpbGVfcGljLnd3dy42MTIuQzMifQ%3D%3D&_nc_ohc=BNzTqDn7gWAQ7kNvwEb5u5f&_nc_oc=AdodinkAnfMdY3_JqmKPnvF15ZsmDuJxCI6geIZdjbdD4tIyvsUglG1CA5t_I6R_JeQ&_nc_zt=24&_nc_ht=scontent-cdg4-1.cdninstagram.com&_nc_ss=7b6a8&oh=00_Af5onK_azWdran0op4EO0B4FgYrDYq4T-D_p2TLsoYcOwg&oe=69FE9BD1,ady348,https://www.instagram.com/ady348,Marmellata di albicocche #ilprodottomisteriosopenny #accettoilregolamento #holettoprivacypolicy,0,0,2026-04-28T12:48:52.000Z,18082587224101053,2085749237,2026-05-04T16:12:39.530Z,https://www.instagram.com/p/DXotHFAjcSM
https://scontent-cdg4-2.cdninstagram.com/v/t51.2885-19/26869780_1248674015267606_5938491284057489408_n.jpg?stp=dst-jpg_s150x150_tt6&_nc_cat=109&ccb=7-5&_nc_sid=f7ccc5&efg=eyJ2ZW5jb2RlX3RhZyI6InByb2ZpbGVfcGljLnd3dy4xMDgwLkMzIn0%3D&_nc_ohc=0JDDl9lc2PcQ7kNvwHCjXgs&_nc_oc=AdofQi8vXG1wflc0pBvWYq0D9wtXddfU2wx9UJDqbUutAGY_CyIRqd6oSD5GdMc6d_s&_nc_zt=24&_nc_ht=scontent-cdg4-2.cdninstagram.com&_nc_ss=7b6a8&oh=00_Af5oPCXTJ_ZxdJnCc7HFWcmWPNWvIcwsb_H2s_5Qs2d-rg&oe=69FE9965,iacchetti97,https://www.instagram.com/iacchetti97,Confettura di albicocche senza zuccheri aggiunti #ilprodottomisteriosopenny #accettoregolamento #holettoprivacypolicy,0,0,2026-04-27T18:08:44.000Z,18013034729853697,7061601253,2026-05-04T16:12:39.530Z,https://www.instagram.com/p/DXotHFAjcSM
https://scontent-cdg6-1.cdninstagram.com/v/t51.82787-19/643022533_18349505869224999_948816414479398187_n.jpg?stp=dst-jpg_s150x150_tt6&_nc_cat=103&ccb=7-5&_nc_sid=f7ccc5&efg=eyJ2ZW5jb2RlX3RhZyI6InByb2ZpbGVfcGljLnd3dy4xMDgwLkMzIn0%3D&_nc_ohc=Qy9uRR7KaFsQ7kNvwHHWpVs&_nc_oc=AdoMAQq7UKZF1wMeuuOwBTbVkqLeChkcGxVnf2K6e88YWymwYvLLDP_ypjgAMT0ifUw&_nc_zt=24&_nc_ht=scontent-cdg6-1.cdninstagram.com&_nc_gid=vMdpz9GSZXFSaV2emQuRKg&_nc_ss=7b6a8&oh=00_Af7uON39A46EodA05JLcy6UnG04nf5RoywNGLbDMbaChdQ&oe=69FE8B85,marziaciocci,https://www.instagram.com/marziaciocci,Confettura di albicocche senza zuccheri aggiunti  #ilprodottomisteriosopenny  #accettoregolamento  #holettoprivacypolicy,0,0,2026-04-27T18:04:24.000Z,18089902478213681,6831800998,2026-05-04T16:12:39.530Z,https://www.instagram.com/p/DXotHFAjcSM
https://scontent-cdg4-2.cdninstagram.com/v/t51.82787-19/573384084_18057898355537424_6037034902268515678_n.jpg?stp=dst-jpg_s150x150_tt6&_nc_cat=109&ccb=7-5&_nc_sid=f7ccc5&efg=eyJ2ZW5jb2RlX3RhZyI6InByb2ZpbGVfcGljLnd3dy4xMDgwLkMzIn0%3D&_nc_ohc=C7XESozoCvMQ7kNvwETLdsL&_nc_oc=AdpWX2q-vMu0KjWPjg0DA1KFq-HV1Ve8zuvBSmGRBlqi1IxWQ2BhMFYkOXj9xaeDvlY&_nc_zt=24&_nc_ht=scontent-cdg4-2.cdninstagram.com&_nc_gid=vMdpz9GSZXFSaV2emQuRKg&_nc_ss=7b6a8&oh=00_Af4blG1PObjcj1ar8U3lYK54-0DyE_JsX2HbanlfofgO3A&oe=69FE832D,gloriapersempre78,https://www.instagram.com/gloriapersempre78,Confettura di albicocche  #ilprodottomisteriosopenny  #accettoregolamento #holettoprivacypolicy,0,0,2026-04-28T11:00:56.000Z,18107227391496689,46192217423,2026-05-04T16:12:39.530Z,https://www.instagram.com/p/DXotHFAjcSM
https://scontent-cdg4-2.cdninstagram.com/v/t51.82787-19/589112115_18414764119138664_7823030398323817447_n.jpg?stp=dst-jpg_s150x150_tt6&_nc_cat=107&ccb=7-5&_nc_sid=f7ccc5&efg=eyJ2ZW5jb2RlX3RhZyI6InByb2ZpbGVfcGljLnd3dy4xMDgwLkMzIn0%3D&_nc_ohc=fsCI4zaK6lwQ7kNvwE85tMo&_nc_oc=AdqcNnCehLCYwtwm835dcRYrZulyJ123igdaOivqTeYbm6luEUuOkvpVb5wlbtoTjzA&_nc_zt=24&_nc_ht=scontent-cdg4-2.cdninstagram.com&_nc_gid=vMdpz9GSZXFSaV2emQuRKg&_nc_ss=7b6a8&oh=00_Af5ia_EPgHkmBJ5gl3lWKyHKKELP2GKyWXlNy32XUxJt3Q&oe=69FEAE9D,ste_lombardi_,https://www.instagram.com/ste_lombardi_,Confettura di albicocche senza zuccheri aggiunti #ilprodottomisteriosoPenny #accettoregolamento #holettoprivacypolicy,0,0,2026-04-28T10:27:53.000Z,17864795646619283,4200346663,2026-05-04T16:12:39.530Z,https://www.instagram.com/p/DXotHFAjcSM
https://scontent-cdg4-1.cdninstagram.com/v/t51.2885-19/121559842_193166758872336_779114432064317725_n.jpg?stp=dst-jpg_s150x150_tt6&_nc_cat=108&ccb=7-5&_nc_sid=f7ccc5&efg=eyJ2ZW5jb2RlX3RhZyI6InByb2ZpbGVfcGljLnd3dy4xMDgwLkMzIn0%3D&_nc_ohc=twuMxtVcaZUQ7kNvwE7bOB3&_nc_oc=AdqZ0yBPl8ZXQtYsCmrfNRvQcrM9aaXb5w--XgCfDK7w3kVDwLCo_MgoVCqjcUmuaio&_nc_zt=24&_nc_ht=scontent-cdg4-1.cdninstagram.com&_nc_ss=7b6a8&oh=00_Af7hf1LKPB3w8g6EPdSP9756tZSLg7KbK079idLPnvAMcg&oe=69FEAEAD,dani_gli,https://www.instagram.com/dani_gli,#prodottomisteriosopenny #accettoregolamento #holettoprivacypolicy confettura di albicocca,0,0,2026-04-28T08:17:52.000Z,18088546058250760,10034241658,2026-05-04T16:12:39.530Z,https://www.instagram.com/p/DXotHFAjcSM
https://scontent-cdg6-1.cdninstagram.com/v/t51.2885-19/70539154_1062086277460160_2494168219812626432_n.jpg?stp=dst-jpg_s150x150_tt6&_nc_cat=106&ccb=7-5&_nc_sid=f7ccc5&efg=eyJ2ZW5jb2RlX3RhZyI6InByb2ZpbGVfcGljLnd3dy4xMDgwLkMzIn0%3D&_nc_ohc=X4wahXo1NqsQ7kNvwHuILIf&_nc_oc=Adr9No069n9g-s35jwr9ov1XWUaFVk0MKHbMXv9aBO97NKtQ8UTVQ_J8Yk5HkAw70kI&_nc_zt=24&_nc_ht=scontent-cdg6-1.cdninstagram.com&_nc_ss=7b6a8&oh=00_Af5tJeTqEI-YKDboTOpCJ3bGR9jApIscNC7ZedrbUh1NFA&oe=69FE9C62,lea_comito_,https://www.instagram.com/lea_comito_,Confettura di albicocche senza zuccheri aggiunti #ilprodottomisteriosoPenny #accettoilregolamento #holettoprivacypolicy,0,0,2026-04-27T20:25:40.000Z,18589092286002071,9421147482,2026-05-04T16:12:39.530Z,https://www.instagram.com/p/DXotHFAjcSM
https://scontent-cdg4-1.cdninstagram.com/v/t51.82787-19/581125071_17977664585947707_4660469663979637899_n.jpg?stp=dst-jpg_s150x150_tt6&_nc_cat=104&ccb=7-5&_nc_sid=f7ccc5&efg=eyJ2ZW5jb2RlX3RhZyI6InByb2ZpbGVfcGljLnd3dy4xMDgwLkMzIn0%3D&_nc_ohc=8u4oPWs9H6cQ7kNvwHhGgbI&_nc_oc=AdpOAjZmkqr5xMs_r2euIstG378M2n1TxijAFRy6-PBIPSLUnhEmhA46Qvm6hDeIyck&_nc_zt=24&_nc_ht=scontent-cdg4-1.cdninstagram.com&_nc_gid=vMdpz9GSZXFSaV2emQuRKg&_nc_ss=7b6a8&oh=00_Af6fAKxWJhkFQW8mNx4Bm0MENqG5Q8sVfHCl_33Zk_MxQA&oe=69FEAE41,tizianasantoro8,https://www.instagram.com/tizianasantoro8,"Confettura albicocche senza zuccheri aggiunti
#ilprodottomisteriosoPENNY
#accettoregolamento
#holettoprivacypolicy",0,0,2026-04-30T12:49:26.000Z,17964808356072822,58357251706,2026-05-04T16:12:39.530Z,https://www.instagram.com/p/DXotHFAjcSM
https://scontent-cdg4-3.cdninstagram.com/v/t51.2885-19/50576499_393723984529566_218182835398246400_n.jpg?stp=dst-jpg_s150x150_tt6&_nc_cat=111&ccb=7-5&_nc_sid=f7ccc5&efg=eyJ2ZW5jb2RlX3RhZyI6InByb2ZpbGVfcGljLnd3dy4xMDgwLkMzIn0%3D&_nc_ohc=69pXIbBfUPEQ7kNvwGSVBv9&_nc_oc=Adof5LbjYFHy0GnoafU6KZ8RvJglyN9__FIVdQq2DtRcIPcILa19m_vLFOrOELMtoK0&_nc_zt=24&_nc_ht=scontent-cdg4-3.cdninstagram.com&_nc_ss=7b6a8&oh=00_Af5ZZEgD1JCvRGET1IhiUtx4MEDGOrgTW07IElxgZV_GBg&oe=69FE851E,simo82_c,https://www.instagram.com/simo82_c,Composta di albicocche senza zuccheri #ilprodottomisteriosopenny #accettoregolamento #holettoprivacypolicy,0,0,2026-04-30T07:43:44.000Z,17859071601688129,11077377369,2026-05-04T16:12:39.530Z,https://www.instagram.com/p/DXotHFAjcSM
https://scontent-cdg4-2.cdninstagram.com/v/t51.82787-19/656883246_18363049579207853_7301398418310002682_n.jpg?stp=dst-jpg_s150x150_tt6&_nc_cat=100&ccb=7-5&_nc_sid=f7ccc5&efg=eyJ2ZW5jb2RlX3RhZyI6InByb2ZpbGVfcGljLnd3dy4xMDI0LkMzIn0%3D&_nc_ohc=CvTOH0bQ8zMQ7kNvwEa84cR&_nc_oc=AdprQxSvXAs4OSRrfP8CeX8yxrz6UI5QnZQ9fc_Sf8bHdzhZOhP48mok-bxivxYPOGA&_nc_zt=24&_nc_ht=scontent-cdg4-2.cdninstagram.com&_nc_gid=vMdpz9GSZXFSaV2emQuRKg&_nc_ss=7b6a8&oh=00_Af5EJvDWH5nm-edbaghLjeaEzW0VBeU-KG7uAKWtViXWrA&oe=69FE9E58,micky_1897,https://www.instagram.com/micky_1897,"Confettura di albicocche
#ilprodottomisteriosoPENNY
#accettoregolamento
#holettoprivacypolicy",0,0,2026-04-30T04:59:53.000Z,17977973858848921,6128615852,2026-05-04T16:12:39.530Z,https://www.instagram.com/p/DXotHFAjcSM
https://scontent-cdg4-1.cdninstagram.com/v/t51.82787-19/623665560_18551439778042407_4780328038199676527_n.jpg?stp=dst-jpg_s150x150_tt6&_nc_cat=108&ccb=7-5&_nc_sid=f7ccc5&efg=eyJ2ZW5jb2RlX3RhZyI6InByb2ZpbGVfcGljLnd3dy4xMDgwLkMzIn0%3D&_nc_ohc=HBTcONqTYSwQ7kNvwExlgna&_nc_oc=AdqdWX3d75RXamNqKQoGmzrN2h6hrva3nuDYru7LfJSIH-pYIzIDbu3OlpgvrqxvGN0&_nc_zt=24&_nc_ht=scontent-cdg4-1.cdninstagram.com&_nc_gid=vMdpz9GSZXFSaV2emQuRKg&_nc_ss=7b6a8&oh=00_Af5w9e-6KkSMrsIqOIJBQesZyxLR3GdUF1jJtfHWBZb1tQ&oe=69FEABEB,laury_fabry,https://www.instagram.com/laury_fabry,Confettura di albicocca zero zuccheri #ilprodottomisteriosopenny #accettoregolamento #holettoprivacypolicy,0,0,2026-04-29T12:04:39.000Z,17912814417373161,474154406,2026-05-04T16:12:39.530Z,https://www.instagram.com/p/DXotHFAjcSM
https://scontent-cdg6-1.cdninstagram.com/v/t51.2885-19/68958216_510667869750297_2946563966983208960_n.jpg?stp=dst-jpg_s150x150_tt6&_nc_cat=103&ccb=7-5&_nc_sid=f7ccc5&efg=eyJ2ZW5jb2RlX3RhZyI6InByb2ZpbGVfcGljLnd3dy41ODIuQzMifQ%3D%3D&_nc_ohc=O0qe4LHC0bQQ7kNvwFV8BKH&_nc_oc=AdpODVYIHnwG1dGP6I-TLEdbvkTvDezEmozkoQSMtJ4pa1MtohgjAvJGqGbfMwlD4KM&_nc_zt=24&_nc_ht=scontent-cdg6-1.cdninstagram.com&_nc_ss=7b6a8&oh=00_Af7_K8bEQhxS2kFUFvMD7zWjgr1itBtKEjIbLP8qCDP-SQ&oe=69FE83BA,patrizia.lino,https://www.instagram.com/patrizia.lino,Marmellata di arance #ilprodottomisteriosoPENNY #accettoregolamento #holettoprivacypolicy,0,0,2026-04-30T08:04:37.000Z,18309836290275811,19614504755,2026-05-04T16:12:39.530Z,https://www.instagram.com/p/DXotHFAjcSM
https://scontent-cdg6-1.cdninstagram.com/v/t51.89012-19/573323465_1219825463302212_7278921664109726296_n.jpg?stp=dst-jpg_s150x150_tt6&_nc_cat=1&ccb=7-5&_nc_sid=f7ccc5&efg=eyJ2ZW5jb2RlX3RhZyI6InByb2ZpbGVfcGljLnd3dy5DMyJ9&_nc_ohc=Pf4Jx7fI-JMQ7kNvwEdnA1r&_nc_oc=AdrM5ak9ThOqfmCIPi6cg4Jm_5TeInAUOEZd_c63seXXEeGj0StKGP4VtTRRkluVdEU&_nc_zt=24&_nc_ht=scontent-cdg6-1.cdninstagram.com&_nc_gid=R28aUymoNNTHw1V7EnVjcA&_nc_ss=7b6a8&oh=00_Af5BS727V_diZlmnV2usDpEqtkU6LQhhYfJ52EYRAIhoeQ&oe=69FE87E2,emasiref67,https://www.instagram.com/emasiref67,Marmellata albicocca senza zucchero aggiunti #ilprodottomisteriosopenny #accettoregolamento #holettoprivacypolicy,0,0,2026-04-27T19:10:42.000Z,18120095653570111,70906261811,2026-05-04T16:12:49.100Z,https://www.instagram.com/p/DXotHFAjcSM
https://scontent-cdg4-3.cdninstagram.com/v/t51.2885-19/165128975_765203647515763_3316479348525081850_n.jpg?stp=dst-jpg_s150x150_tt6&_nc_cat=111&ccb=7-5&_nc_sid=f7ccc5&efg=eyJ2ZW5jb2RlX3RhZyI6InByb2ZpbGVfcGljLnd3dy4zMjAuQzMifQ%3D%3D&_nc_ohc=ery9wdnI4DgQ7kNvwFRqgsD&_nc_oc=AdrzE7JGYK3MHF5_fEj4fFNIxERlAniNrxZbPPkd7e4SW1uWChTIcAgFDH9gMnofzyM&_nc_zt=24&_nc_ht=scontent-cdg4-3.cdninstagram.com&_nc_ss=7b6a8&oh=00_Af7PwtitousgSiX3eqs5SlXltNTLQBgsEOW8IN2cG9lRcw&oe=69FEA2A1,kliziacatani,https://www.instagram.com/kliziacatani,confettura di albicocche senza zuccheri aggiunti #ilprodottomisteriosopenny #accettoregolamento #holettoprivacypolicy,0,0,2026-04-27T17:26:39.000Z,17878266435438341,46532747755,2026-05-04T16:12:49.100Z,https://www.instagram.com/p/DXotHFAjcSM
https://scontent-cdg4-1.cdninstagram.com/v/t51.2885-19/343873450_263592372764571_4410739726790745719_n.jpg?stp=dst-jpg_s150x150_tt6&_nc_cat=104&ccb=7-5&_nc_sid=f7ccc5&efg=eyJ2ZW5jb2RlX3RhZyI6InByb2ZpbGVfcGljLnd3dy4xMDgwLkMzIn0%3D&_nc_ohc=4L4HzX10QIUQ7kNvwEYJ9n_&_nc_oc=AdqVV6zPHcUUN0xLEhgSv3luqNEMyNcHuctbyly1o3_31DQI_HtA43RAlpZQ_Nl0Epg&_nc_zt=24&_nc_ht=scontent-cdg4-1.cdninstagram.com&_nc_ss=7b6a8&oh=00_Af7odtX-jae3nrvH70p9hd9Yc7U3WzXxzw6bwsB1973kjA&oe=69FE9D3C,real19andrew90,https://www.instagram.com/real19andrew90,Collagene #ilprodottomisteriosopenny #accettoregolamento #holettoprivacypolicy,0,0,2026-04-30T15:33:14.000Z,18125126731717310,3660433254,2026-05-04T16:12:49.100Z,https://www.instagram.com/p/DXotHFAjcSM
https://scontent-cdg4-3.cdninstagram.com/v/t51.2885-19/191918749_479065130026988_4806173467964172239_n.jpg?stp=dst-jpg_s150x150_tt6&_nc_cat=111&ccb=7-5&_nc_sid=f7ccc5&efg=eyJ2ZW5jb2RlX3RhZyI6InByb2ZpbGVfcGljLnd3dy4xMDgwLkMzIn0%3D&_nc_ohc=Js4SdeghwW8Q7kNvwEM6Ia3&_nc_oc=AdoTZ47mwiWrhcyaNqrbLKm6FIEJ4ZEQgc09T4nTtqjCdiQ7q314B-PZmUClmnTspwI&_nc_zt=24&_nc_ht=scontent-cdg4-3.cdninstagram.com&_nc_ss=7b6a8&oh=00_Af5oPNGxx2_OXkZG8xMdtxu0O1QVCCuPv5JDokkF28ij5w&oe=69FE99F3,steccaanna,https://www.instagram.com/steccaanna,Confettura di albicocche senza zuccheri aggiunti #ilprodottomisteriosopenny #accettoregolamento #holettoprivacypolicy,0,0,2026-04-27T19:31:24.000Z,18099480719079720,4176909343,2026-05-04T16:12:49.100Z,https://www.instagram.com/p/DXotHFAjcSM
https://scontent-cdg6-1.cdninstagram.com/v/t51.89012-19/573323465_1219825463302212_7278921664109726296_n.jpg?stp=dst-jpg_s150x150_tt6&_nc_cat=1&ccb=7-5&_nc_sid=f7ccc5&efg=eyJ2ZW5jb2RlX3RhZyI6InByb2ZpbGVfcGljLnd3dy5DMyJ9&_nc_ohc=Pf4Jx7fI-JMQ7kNvwEdnA1r&_nc_oc=AdrM5ak9ThOqfmCIPi6cg4Jm_5TeInAUOEZd_c63seXXEeGj0StKGP4VtTRRkluVdEU&_nc_zt=24&_nc_ht=scontent-cdg6-1.cdninstagram.com&_nc_gid=R28aUymoNNTHw1V7EnVjcA&_nc_ss=7b6a8&oh=00_Af5BS727V_diZlmnV2usDpEqtkU6LQhhYfJ52EYRAIhoeQ&oe=69FE87E2,anna_c_72,https://www.instagram.com/anna_c_72,Confettura di albicocche senza zuccheri aggiunti. #ilprodottomisteriosoPENNY #accettoregolamento #holettoprivacypolicy,0,0,2026-04-28T07:54:39.000Z,17886904281476108,12489050253,2026-05-04T16:12:49.100Z,https://www.instagram.com/p/DXotHFAjcSM
https://scontent-cdg6-1.cdninstagram.com/v/t51.89012-19/573323465_1219825463302212_7278921664109726296_n.jpg?stp=dst-jpg_s150x150_tt6&_nc_cat=1&ccb=7-5&_nc_sid=f7ccc5&efg=eyJ2ZW5jb2RlX3RhZyI6InByb2ZpbGVfcGljLnd3dy5DMyJ9&_nc_ohc=Pf4Jx7fI-JMQ7kNvwEdnA1r&_nc_oc=AdrM5ak9ThOqfmCIPi6cg4Jm_5TeInAUOEZd_c63seXXEeGj0StKGP4VtTRRkluVdEU&_nc_zt=24&_nc_ht=scontent-cdg6-1.cdninstagram.com&_nc_gid=R28aUymoNNTHw1V7EnVjcA&_nc_ss=7b6a8&oh=00_Af5BS727V_diZlmnV2usDpEqtkU6LQhhYfJ52EYRAIhoeQ&oe=69FE87E2,raw_tahti,https://www.instagram.com/raw_tahti,confettura di albicocche #ilprodottomisteriosopenny #accettoregolamento #holettoprivacypolicy,0,0,2026-04-28T06:00:53.000Z,18176105161400248,59064925227,2026-05-04T16:12:49.100Z,https://www.instagram.com/p/DXotHFAjcSM
https://scontent-cdg6-1.cdninstagram.com/v/t51.75761-19/495282318_18304007233208898_6561962745424207941_n.jpg?stp=dst-jpg_s150x150_tt6&_nc_cat=106&ccb=7-5&_nc_sid=f7ccc5&efg=eyJ2ZW5jb2RlX3RhZyI6InByb2ZpbGVfcGljLnd3dy4xMDgwLkMzIn0%3D&_nc_ohc=XoNlB784a6QQ7kNvwE6aAGl&_nc_oc=Adp0MjAj9pKxlrpBK9k6wjZMn2a6mBhs6dkcGYxMLf9m9VpeU4aAwlDuRAAXz7hJk_U&_nc_zt=24&_nc_ht=scontent-cdg6-1.cdninstagram.com&_nc_gid=R28aUymoNNTHw1V7EnVjcA&_nc_ss=7b6a8&oh=00_Af7Q08FP1FwlF-Ty5EvCupLf8KGGSW6sgW7zGMkE0QJ6hw&oe=69FE9AC8,elisab_69,https://www.instagram.com/elisab_69,Confettura di Albicocca senza zuccheri aggiunti #ilprodottomisteriosopenny #accettoregolamento #holettoprivacypolicy,0,0,2026-04-28T13:08:13.000Z,18089375786006472,6321824897,2026-05-04T16:12:49.100Z,https://www.instagram.com/p/DXotHFAjcSM
https://scontent-cdg4-2.cdninstagram.com/v/t51.2885-19/312230115_110072995132946_8448561087196681366_n.jpg?stp=dst-jpg_s150x150_tt6&_nc_cat=100&ccb=7-5&_nc_sid=f7ccc5&efg=eyJ2ZW5jb2RlX3RhZyI6InByb2ZpbGVfcGljLnd3dy4xMDgwLkMzIn0%3D&_nc_ohc=KPHkzcD_eb0Q7kNvwEn-Auc&_nc_oc=AdrUlmkztty6VrS6WhYYZhk-TPgcqOvXyyp0RgiEbZ5w58tPkl_Wk7h_hUEtoy8aQsw&_nc_zt=24&_nc_ht=scontent-cdg4-2.cdninstagram.com&_nc_ss=7b6a8&oh=00_Af4KE7d557laItp15FDSnXBeWrnLgbxGWHwYKplx0ga0uA&oe=69FE801F,_maurimarika_,https://www.instagram.com/_maurimarika_,Confettura mandarini cinesi #ilprodottomisteriosopenny #accettoregolamento #holettopryvacypolicy,0,0,2026-04-30T11:29:47.000Z,18338166001171442,27375096849,2026-05-04T16:12:49.100Z,https://www.instagram.com/p/DXotHFAjcSM
https://scontent-cdg4-3.cdninstagram.com/v/t51.2885-19/480798737_1347564559838511_8938233275380502217_n.jpg?stp=dst-jpg_s150x150_tt6&_nc_cat=111&ccb=7-5&_nc_sid=f7ccc5&efg=eyJ2ZW5jb2RlX3RhZyI6InByb2ZpbGVfcGljLnd3dy4xMDgwLkMzIn0%3D&_nc_ohc=SVoqvO-LnWkQ7kNvwEK9Ztb&_nc_oc=AdqW0aqjWskv3uNtNHWrFXG1C9veIeAAeotMIJlwVFRHVVnRBsiqJHCO4c1KPeCHaSs&_nc_zt=24&_nc_ht=scontent-cdg4-3.cdninstagram.com&_nc_ss=7b6a8&oh=00_Af73JtejD88Rg5YZzmabrefY-2vIZMjiOw2Ce4m-doRIJg&oe=69FEB126,chiacchere_insieme,https://www.instagram.com/chiacchere_insieme,Marmellata di arance #ilprodottomisteriosopenny #accettoregolamento #holettoprivacypolicy,0,0,2026-04-29T19:11:50.000Z,18089976926225926,6471248132,2026-05-04T16:12:49.100Z,https://www.instagram.com/p/DXotHFAjcSM
https://scontent-cdg4-1.cdninstagram.com/v/t51.2885-19/244511244_244398664305985_5993465084211729701_n.jpg?stp=dst-jpg_s150x150_tt6&_nc_cat=104&ccb=7-5&_nc_sid=f7ccc5&efg=eyJ2ZW5jb2RlX3RhZyI6InByb2ZpbGVfcGljLnd3dy42NjQuQzMifQ%3D%3D&_nc_ohc=ux0OgHvHHjgQ7kNvwGpz9yo&_nc_oc=Adq_fP3RNGJvOzBVvUEFCbcMsroyTwu57hCAKzrE6pEHGtMCYOGkeL3w3ZXqjtqw6Zc&_nc_zt=24&_nc_ht=scontent-cdg4-1.cdninstagram.com&_nc_ss=7b6a8&oh=00_Af7n-zDWBsLkaUUO5mszmcn_S1Yf4DjUpwyuf0ab3fuijw&oe=69FE8841,nicol3_romano,https://www.instagram.com/nicol3_romano,Marmellata di albicocche #ilprodottomisteriosopenny #accettoregolamento #holettoprivacypolicy,0,0,2026-04-28T11:02:30.000Z,18119829436564429,566034676,2026-05-04T16:12:49.100Z,https://www.instagram.com/p/DXotHFAjcSM
https://scontent-cdg4-1.cdninstagram.com/v/t51.2885-19/280702723_2254907951325135_880035346457724767_n.jpg?stp=dst-jpg_s150x150_tt6&_nc_cat=104&ccb=7-5&_nc_sid=f7ccc5&efg=eyJ2ZW5jb2RlX3RhZyI6InByb2ZpbGVfcGljLnd3dy41NTcuQzMifQ%3D%3D&_nc_ohc=7y1nP_LvtiUQ7kNvwFntqL3&_nc_oc=AdpHENP_gJ-PNgTAfkk_5WSK2-ixabsGZpZhoFbDjpd_xWcmyfAHshlAVmvu4lSeku8&_nc_zt=24&_nc_ht=scontent-cdg4-1.cdninstagram.com&_nc_ss=7b6a8&oh=00_Af4xgnQ1mDFmwWHQWJKgUyJVyGtSes8P6aefigqLhQ52TQ&oe=69FE7CE2,andreacavellini,https://www.instagram.com/andreacavellini,Confettura di albicocche #ilprodottomisteriosopenny #accettoregolamento #holettoprivacypolicy,0,0,2026-04-28T16:32:21.000Z,18541485712069007,286827174,2026-05-04T16:12:49.100Z,https://www.instagram.com/p/DXotHFAjcSM
https://scontent-cdg6-1.cdninstagram.com/v/t51.82787-19/589176368_18420041701113558_1510199386509880781_n.jpg?stp=dst-jpg_s150x150_tt6&_nc_cat=105&ccb=7-5&_nc_sid=f7ccc5&efg=eyJ2ZW5jb2RlX3RhZyI6InByb2ZpbGVfcGljLnd3dy4xMDgwLkMzIn0%3D&_nc_ohc=sd7RrH8z0oAQ7kNvwGnUVb3&_nc_oc=AdpdqEefAqqrgnOaBUEezGt_dPSiIT8-Me1H-Z6wf0RIVH0TW89NuVj_kUuJt07CN6U&_nc_zt=24&_nc_ht=scontent-cdg6-1.cdninstagram.com&_nc_gid=R28aUymoNNTHw1V7EnVjcA&_nc_ss=7b6a8&oh=00_Af4NxA48i87juTE1_aWEZtvCQ4D5NCyjeflZ9vSuwTQwMQ&oe=69FE9F8D,anna_f.r.e.i,https://www.instagram.com/anna_f.r.e.i,Confettura di albicocche #ilprodottomisteriosopenny #accettoregolamento #holettoprivacypolicy,0,0,2026-04-28T16:26:24.000Z,18025316552814976,3561513557,2026-05-04T16:12:49.100Z,https://www.instagram.com/p/DXotHFAjcSM
https://scontent-cdg4-1.cdninstagram.com/v/t51.2885-19/12237617_430495843815881_781867954_a.jpg?stp=dst-jpg_s150x150_tt6&_nc_cat=110&ccb=7-5&_nc_sid=f7ccc5&efg=eyJ2ZW5jb2RlX3RhZyI6InByb2ZpbGVfcGljLnd3dy4zMjAuQzMifQ%3D%3D&_nc_ohc=mDbtK8FUZEUQ7kNvwG4XbsH&_nc_oc=AdrF5_WgrPHbRU0rfV_Zq0gm4CqNqBesJeGA6NrJEIKK0pNBPRKSsWofVtUyRUdI4O8&_nc_zt=24&_nc_ht=scontent-cdg4-1.cdninstagram.com&_nc_ss=7b6a8&oh=00_Af5aNgtwKDRsrYLC5pzGYilBJ-GWkgPQHtnoB99fo269RQ&oe=69FEB287,stefania_kikyo,https://www.instagram.com/stefania_kikyo,Marmellata di albicocche #ilprodottomisteriosopenny #accettoregolamento #holettoprivacypolicy,0,0,2026-04-28T11:07:39.000Z,18463532545101580,1041064052,2026-05-04T16:12:49.101Z,https://www.instagram.com/p/DXotHFAjcSM
https://scontent-cdg6-1.cdninstagram.com/v/t51.82787-19/574239225_18534699541034857_2660195039731360995_n.jpg?stp=dst-jpg_s150x150_tt6&_nc_cat=106&ccb=7-5&_nc_sid=f7ccc5&efg=eyJ2ZW5jb2RlX3RhZyI6InByb2ZpbGVfcGljLnd3dy4xMDgwLkMzIn0%3D&_nc_ohc=L5NOv_l679MQ7kNvwF1GJtB&_nc_oc=AdqBRHa_lAmJB8Vc2UsDJYvGK_vNV-zNAl_Bf1ARMpuRs-YaVqP-6AZwAku_CWXlfag&_nc_zt=24&_nc_ht=scontent-cdg6-1.cdninstagram.com&_nc_gid=R28aUymoNNTHw1V7EnVjcA&_nc_ss=7b6a8&oh=00_Af5A8zPHx7sFzkoK3Sv1PWiXNnAzzlc-rvEAtaB23xrtfA&oe=69FEA984,henriettecooper,https://www.instagram.com/henriettecooper,marmellata di albicocche #prodottomisteriosoPENNY#accettoregolamento  #holettoprivacypolicy,0,0,2026-04-28T19:12:48.000Z,18098865170031617,1281762856,2026-05-04T16:12:49.101Z,https://www.instagram.com/p/DXotHFAjcSM
https://scontent-cdg4-1.cdninstagram.com/v/t51.2885-19/134157198_1071710310010344_5106427812824860695_n.jpg?stp=dst-jpg_s150x150_tt6&_nc_cat=104&ccb=7-5&_nc_sid=f7ccc5&efg=eyJ2ZW5jb2RlX3RhZyI6InByb2ZpbGVfcGljLnd3dy40OTYuQzMifQ%3D%3D&_nc_ohc=uowwolOfBb0Q7kNvwFIFgQt&_nc_oc=AdqOwwM2-RMeo4OGz1eqE4KKLIq3bWZzZwHQ71ZkAfHfS_5hkyZpdxEnlQsbU7TAFHY&_nc_zt=24&_nc_ht=scontent-cdg4-1.cdninstagram.com&_nc_ss=7b6a8&oh=00_Af7Y7W0KAOAsq2mjCUkYC64q6DkDXANr1wBoQ8M_JdArUQ&oe=69FE8F01,mazzugugga,https://www.instagram.com/mazzugugga,Marmellata di albicocche #ilprodottomisteriosopenny #accettoregolamento #holettoprivacypolicy,0,0,2026-04-28T11:44:14.000Z,17879546364563211,4192480487,2026-05-04T16:12:49.101Z,https://www.instagram.com/p/DXotHFAjcSM
https://scontent-cdg6-1.cdninstagram.com/v/t51.2885-19/105967990_286280682731432_2228967536556025555_n.jpg?stp=dst-jpg_s150x150_tt6&_nc_cat=103&ccb=7-5&_nc_sid=f7ccc5&efg=eyJ2ZW5jb2RlX3RhZyI6InByb2ZpbGVfcGljLnd3dy43NjguQzMifQ%3D%3D&_nc_ohc=Hp-4pQx9zsQQ7kNvwEGynFM&_nc_oc=AdoJ_MPIHBgQl08lQqxF-ZJ8BXhtCeFzrnAPJr6HWrPJbNOLQ6lF7FqmHvIdNgqaKe8&_nc_zt=24&_nc_ht=scontent-cdg6-1.cdninstagram.com&_nc_ss=7b6a8&oh=00_Af4rEpWD0PxKKfdppx_E96ELVeIr2X5wczTStXQplR1QeQ&oe=69FE8E5E,isonusiu,https://www.instagram.com/isonusiu,Marmellata di albicocche #ilprodottomisteriosopenny #accettoregolamento #holettoprivacypolicy,0,0,2026-04-28T11:46:26.000Z,18108958561853025,2603676471,2026-05-04T16:12:58.479Z,https://www.instagram.com/p/DXotHFAjcSM
https://scontent-cdg6-1.cdninstagram.com/v/t51.2885-19/118256271_927134427771059_3384364127812885686_n.jpg?stp=dst-jpg_s150x150_tt6&_nc_cat=105&ccb=7-5&_nc_sid=f7ccc5&efg=eyJ2ZW5jb2RlX3RhZyI6InByb2ZpbGVfcGljLnd3dy42MjYuQzMifQ%3D%3D&_nc_ohc=LorZiCH-tDsQ7kNvwHSVgUU&_nc_oc=AdqRAUL02Pe14J7rANgnainfitIRJH-jCp-smlT5YK6c_M5ye8_8n1FJbAginRpNbWI&_nc_zt=24&_nc_ht=scontent-cdg6-1.cdninstagram.com&_nc_ss=7b6a8&oh=00_Af4LLvhEXocclrcM0IOHNNGFtHhrnwAoqGpD1hImlZ9zlw&oe=69FE995A,ironusiu,https://www.instagram.com/ironusiu,Marmellate di albicocche #ilprodottomisteriosopenny #accettoregolamento #holettoprivacypolicy,0,0,2026-04-28T11:58:01.000Z,18065095655660248,40481426721,2026-05-04T16:12:58.479Z,https://www.instagram.com/p/DXotHFAjcSM
https://scontent-cdg4-1.cdninstagram.com/v/t51.2885-19/135040910_799728670961626_8256673605011088551_n.jpg?stp=dst-jpg_s150x150_tt6&_nc_cat=110&ccb=7-5&_nc_sid=f7ccc5&efg=eyJ2ZW5jb2RlX3RhZyI6InByb2ZpbGVfcGljLnd3dy42MDUuQzMifQ%3D%3D&_nc_ohc=d7ZMNq6W4T8Q7kNvwFBlQRi&_nc_oc=Adq_Q6zK4ubx5lGA6sijzSMQmZ0LJlnhaC29JSz8OL2J9yPzagJPq_1Qu0IZ1kJAnTQ&_nc_zt=24&_nc_ht=scontent-cdg4-1.cdninstagram.com&_nc_ss=7b6a8&oh=00_Af7myxWzbhe8eHzgc7mJS532b7Rb1W4JTvXBTW9pAQHwgg&oe=69FEA4ED,_vyanne_,https://www.instagram.com/_vyanne_,Confettura di albicocche senza zuccheri aggiunti #ilprodottomisteriosopenny #accettoregolamento #holettoprivacypolicy,0,0,2026-04-27T21:12:22.000Z,18190706506371283,45203879354,2026-05-04T16:12:58.479Z,https://www.instagram.com/p/DXotHFAjcSM
https://scontent-cdg4-1.cdninstagram.com/v/t51.2885-19/120204661_125111872661848_8426757440268855290_n.jpg?stp=dst-jpg_s150x150_tt6&_nc_cat=108&ccb=7-5&_nc_sid=f7ccc5&efg=eyJ2ZW5jb2RlX3RhZyI6InByb2ZpbGVfcGljLnd3dy4xMDgwLkMzIn0%3D&_nc_ohc=9IEHke1_OhQQ7kNvwESya-R&_nc_oc=Adqed0q-E2wEg5qity6zH4BOkvNPNFR68CASuyxk_VSOHE_2r-LBtXocI_gS1ej6YdU&_nc_zt=24&_nc_ht=scontent-cdg4-1.cdninstagram.com&_nc_ss=7b6a8&oh=00_Af4xUu1fcSqIh76P_WvTiXmZ23Jfget5U2KGwBXYYybO1A&oe=69FE85C4,gio_baroni93,https://www.instagram.com/gio_baroni93,"Confettura di albicocca – Welless senza zuccheri aggiunti 
#ilprodottomisteriosoPENNY
#accettoregolamento
#holettoprivacypolicy",0,0,2026-04-29T09:13:19.000Z,18191803342364915,634767180,2026-05-04T16:12:58.479Z,https://www.instagram.com/p/DXotHFAjcSM
https://scontent-cdg4-2.cdninstagram.com/v/t51.2885-19/272291174_334346571882041_291407757146616109_n.jpg?stp=dst-jpg_s150x150_tt6&_nc_cat=107&ccb=7-5&_nc_sid=f7ccc5&efg=eyJ2ZW5jb2RlX3RhZyI6InByb2ZpbGVfcGljLnd3dy4xMDgwLkMzIn0%3D&_nc_ohc=xda7gxIjgh4Q7kNvwGEES-P&_nc_oc=Adr0vzLIQqLClUG0HQaMyk-jlxXFx3P5sOoeG0O_qgsLGDP7BI0t_zUyTdKkSFKrO5E&_nc_zt=24&_nc_ht=scontent-cdg4-2.cdninstagram.com&_nc_ss=7b6a8&oh=00_Af6KyGesR0tT9O-QZaojMBgUxm3EiPL0Sd3d6NiSxYJy3w&oe=69FE9C42,ilaria_cicerale,https://www.instagram.com/ilaria_cicerale,Confettura di albicocche #ilprodottomisteriosopenny #accettoregolamento #holettoprivacypolicy,0,0,2026-04-29T17:37:58.000Z,18058456820482344,2120694951,2026-05-04T16:12:58.479Z,https://www.instagram.com/p/DXotHFAjcSM
https://scontent-cdg6-1.cdninstagram.com/v/t51.2885-19/47585858_277860293086587_1724785413542903808_n.jpg?stp=dst-jpg_s150x150_tt6&_nc_cat=103&ccb=7-5&_nc_sid=f7ccc5&efg=eyJ2ZW5jb2RlX3RhZyI6InByb2ZpbGVfcGljLnd3dy43MTkuQzMifQ%3D%3D&_nc_ohc=vpVVdiR5pvsQ7kNvwHVSVFt&_nc_oc=Ado7LuaPBipHeN2apGSulWeWRTb10CHlrUnL_zykIDrLmO7eo_tCE0C7jImAObtJ9Is&_nc_zt=24&_nc_ht=scontent-cdg6-1.cdninstagram.com&_nc_ss=7b6a8&oh=00_Af5A94EnGHNxUpor3HGRhoUH537JtBhqCg3jlYrtvKm8aw&oe=69FEB1B4,dav.flash,https://www.instagram.com/dav.flash,#prodottomisteriosopenny #accettoregolamento #holettoprivacypolicy confettura di albicocca,0,0,2026-04-29T11:45:09.000Z,18188449177372371,3894059337,2026-05-04T16:12:58.479Z,https://www.instagram.com/p/DXotHFAjcSM
https://scontent-cdg4-1.cdninstagram.com/v/t51.2885-19/184002196_802021577392379_3754347073128256788_n.jpg?stp=dst-jpg_s150x150_tt6&_nc_cat=108&ccb=7-5&_nc_sid=f7ccc5&efg=eyJ2ZW5jb2RlX3RhZyI6InByb2ZpbGVfcGljLnd3dy43MjAuQzMifQ%3D%3D&_nc_ohc=SGBe1dEfJ7wQ7kNvwGCtaaA&_nc_oc=AdoPKGZl6FZ2kXRmlMmor901ql3WqwU84x894Gpft57oh1dwKCcy2JO9IxZMj8yOHfc&_nc_zt=24&_nc_ht=scontent-cdg4-1.cdninstagram.com&_nc_ss=7b6a8&oh=00_Af47dEuK7VwrfPWi1LaCcfBOR8bwu9sTaoY1GWIwMHF6ww&oe=69FEA3F4,a_n_n_a8540,https://www.instagram.com/a_n_n_a8540,Marmellata di albicocca #ilprodottomisteriosopenny #accettoregolamento #holettoprivacypolicy,0,0,2026-04-28T11:51:23.000Z,18150841678463965,47634174599,2026-05-04T16:12:58.479Z,https://www.instagram.com/p/DXotHFAjcSM
https://scontent-cdg6-1.cdninstagram.com/v/t51.82787-19/532247194_18319208029239698_9148484526181808285_n.jpg?stp=dst-jpg_s150x150_tt6&_nc_cat=103&ccb=7-5&_nc_sid=f7ccc5&efg=eyJ2ZW5jb2RlX3RhZyI6InByb2ZpbGVfcGljLnd3dy43MjAuQzMifQ%3D%3D&_nc_ohc=5RG6DJeOM30Q7kNvwF8VrBn&_nc_oc=AdpJSY4pIw0zDIpHbqA3msTR3eQogyHB92wxVg_o1CTjjDzEwvPYYeNrKn1QaJl74Nk&_nc_zt=24&_nc_ht=scontent-cdg6-1.cdninstagram.com&_nc_gid=ypUwt0-4l2e5kKXHO_0agQ&_nc_ss=7b6a8&oh=00_Af4ahJ6BkO_mAKL47XQu03_mUonc2sEur_peYiyjktRIBA&oe=69FE9F5A,saruccia26,https://www.instagram.com/saruccia26,Marmellata di albicocche #ilprodottomisteriosopenny #accettoregolamento #holettoprivacypolicy,0,0,2026-04-28T12:26:32.000Z,17923660185299173,7110855697,2026-05-04T16:12:58.479Z,https://www.instagram.com/p/DXotHFAjcSM
https://scontent-cdg6-1.cdninstagram.com/v/t51.2885-19/464839937_1563466557597589_4747725018400618810_n.jpg?stp=dst-jpg_s150x150_tt6&_nc_cat=103&ccb=7-5&_nc_sid=f7ccc5&efg=eyJ2ZW5jb2RlX3RhZyI6InByb2ZpbGVfcGljLnd3dy4xMDgwLkMzIn0%3D&_nc_ohc=OPNZb20bewUQ7kNvwFtkTro&_nc_oc=AdrzzyJtr27qTxxyQ66qKbKCmq6u5Q49PVEa-xY4h9CKKPWwUHdPLFOMs2uXaOP8vuU&_nc_zt=24&_nc_ht=scontent-cdg6-1.cdninstagram.com&_nc_ss=7b6a8&oh=00_Af7NIadBkVSLjuX4V8ByrN_VInmjH1Nps8ozQW1tCgnCAQ&oe=69FEA1B9,discombobulate_._,https://www.instagram.com/discombobulate_._,Confettura di albicocche senza zuccheri aggiunti #ilprodottomisteriosopenny #accettoregolamento #holettoprivacypolicy,0,0,2026-04-28T00:11:30.000Z,17962672035099367,4255292927,2026-05-04T16:12:58.479Z,https://www.instagram.com/p/DXotHFAjcSM
https://scontent-cdg6-1.cdninstagram.com/v/t51.89012-19/573323465_1219825463302212_7278921664109726296_n.jpg?stp=dst-jpg_s150x150_tt6&_nc_cat=1&ccb=7-5&_nc_sid=f7ccc5&efg=eyJ2ZW5jb2RlX3RhZyI6InByb2ZpbGVfcGljLnd3dy5DMyJ9&_nc_ohc=Pf4Jx7fI-JMQ7kNvwEdnA1r&_nc_oc=AdrM5ak9ThOqfmCIPi6cg4Jm_5TeInAUOEZd_c63seXXEeGj0StKGP4VtTRRkluVdEU&_nc_zt=24&_nc_ht=scontent-cdg6-1.cdninstagram.com&_nc_gid=ypUwt0-4l2e5kKXHO_0agQ&_nc_ss=7b6a8&oh=00_Af5nRT-T0gBswW1pBQb3YonK6V0fFdLK97DTngsrEDkVYA&oe=69FE87E2,paolagallerini0623,https://www.instagram.com/paolagallerini0623,Confettura di albicocche senza zuccheri aggiunti #ilprodottomisteriosopenny #accettoregolamento #holettoprivacypolicy,0,0,2026-04-28T00:27:20.000Z,18102318533490761,60321505650,2026-05-04T16:12:58.479Z,https://www.instagram.com/p/DXotHFAjcSM
https://scontent-cdg4-1.cdninstagram.com/v/t51.2885-19/345436381_227103466601694_1192168735491515238_n.jpg?stp=dst-jpg_s150x150_tt6&_nc_cat=110&ccb=7-5&_nc_sid=f7ccc5&efg=eyJ2ZW5jb2RlX3RhZyI6InByb2ZpbGVfcGljLnd3dy43MDEuQzMifQ%3D%3D&_nc_ohc=AAekrronwjEQ7kNvwFmXKe2&_nc_oc=AdrvpoF0ZHnkb9TZ9ABAuSjbYoQO0s3mX9To765d_6p9jPWmo-wWMtzGE_HT-FUWROA&_nc_zt=24&_nc_ht=scontent-cdg4-1.cdninstagram.com&_nc_ss=7b6a8&oh=00_Af5zfoKkejMRBDh4ncboogYx0kZL874pkgm20Qo7d7uhjw&oe=69FE843E,andreaxel2385,https://www.instagram.com/andreaxel2385,Confettura di albicocche senza zuccheri aggiunti #ilprodottomisteriosopenny #accettoregolamento #holettoprivacypolicy,0,0,2026-04-28T00:18:10.000Z,17882016951407188,6273749464,2026-05-04T16:12:58.479Z,https://www.instagram.com/p/DXotHFAjcSM
https://scontent-cdg4-2.cdninstagram.com/v/t51.82787-19/573470966_18062325101433095_7587984250324947630_n.jpg?stp=dst-jpg_s150x150_tt6&_nc_cat=101&ccb=7-5&_nc_sid=f7ccc5&efg=eyJ2ZW5jb2RlX3RhZyI6InByb2ZpbGVfcGljLnd3dy4xMDgwLkMzIn0%3D&_nc_ohc=Vq7ET6XGEcgQ7kNvwE7PRQz&_nc_oc=Adocj2iavDUNGZB5GVDp2R5bg324yqzH3YQhunYoOyrkTyzcyT3eom8fpNCuh_Xl_ug&_nc_zt=24&_nc_ht=scontent-cdg4-2.cdninstagram.com&_nc_gid=ypUwt0-4l2e5kKXHO_0agQ&_nc_ss=7b6a8&oh=00_Af4j0mTHTaZqSGdlSD8Bm7we3ruV9VALTHkXfpaHWC-BMA&oe=69FE9FFE,vrovelli,https://www.instagram.com/vrovelli,Confettura di pesche senza zuccheri aggiunti #ilprodottomisteriosopenny  #accettoregolamento  #holettoprivacypolicy,0,0,2026-04-27T20:34:54.000Z,18423473242125798,43139001094,2026-05-04T16:12:58.479Z,https://www.instagram.com/p/DXotHFAjcSM
https://scontent-cdg4-2.cdninstagram.com/v/t51.2885-19/240602019_140313098261769_3956221906235569529_n.jpg?stp=dst-jpg_s150x150_tt6&_nc_cat=107&ccb=7-5&_nc_sid=f7ccc5&efg=eyJ2ZW5jb2RlX3RhZyI6InByb2ZpbGVfcGljLnd3dy4xMDgwLkMzIn0%3D&_nc_ohc=MBgdUMafAF8Q7kNvwHkR2dq&_nc_oc=AdpDOQ4gB7KtJrYHwQFU6BOnN6AD7CzB5BH2R7ddUxjoVr2gwDNgq6gS5Up3NdLQhfw&_nc_zt=24&_nc_ht=scontent-cdg4-2.cdninstagram.com&_nc_ss=7b6a8&oh=00_Af4RcuDIjK14QLRFlVHUvbl-4f8u7fSgnHyao8Px2SYrrQ&oe=69FE9704,umbertof90,https://www.instagram.com/umbertof90,Marmellata di albicocche #ilprodottomisteriosopenny #accettoregolamento #holettoprivacypolicy,0,0,2026-04-28T13:08:30.000Z,17912752512380149,4852264429,2026-05-04T16:12:58.479Z,https://www.instagram.com/p/DXotHFAjcSM
https://scontent-cdg4-2.cdninstagram.com/v/t51.2885-19/453963074_1176979113541453_1718283936711471596_n.jpg?stp=dst-jpg_s150x150_tt6&_nc_cat=100&ccb=7-5&_nc_sid=f7ccc5&efg=eyJ2ZW5jb2RlX3RhZyI6InByb2ZpbGVfcGljLnd3dy4zMjAuQzMifQ%3D%3D&_nc_ohc=PooN_epkir0Q7kNvwEUWU7G&_nc_oc=Adq5_l4-AVeEkgl65SwgWVEc4lVbXTMb8SsPdyOGaBoKZVVz03LT0tVa6Ui_lnEqBmk&_nc_zt=24&_nc_ht=scontent-cdg4-2.cdninstagram.com&_nc_ss=7b6a8&oh=00_Af5p492F7glV6d70P9hJQaUFt8XwrKTUhEgN32RDm1ciMw&oe=69FE95FA,kattusina,https://www.instagram.com/kattusina,Confettura di albicocche senza zuccheri aggiunti #ilprodottomisteriosopenny #accettoregolamennto # holettoprivacypolicy,0,0,2026-04-28T14:30:45.000Z,17986657595809294,63884980465,2026-05-04T16:12:58.479Z,https://www.instagram.com/p/DXotHFAjcSM
https://scontent-cdg4-2.cdninstagram.com/v/t51.2885-19/382987376_7180322128664227_2137835821310942016_n.jpg?stp=dst-jpg_s150x150_tt6&_nc_cat=109&ccb=7-5&_nc_sid=f7ccc5&efg=eyJ2ZW5jb2RlX3RhZyI6InByb2ZpbGVfcGljLnd3dy4xMDgwLkMzIn0%3D&_nc_ohc=cZD7HPk3xfIQ7kNvwFQ8Ofx&_nc_oc=AdpJHS1NV4VZTLw6UQ27R7n1ilWDdEP9zHA3iNb9S7Ec0hhrSqSNpRKCZRs0M7zVR3A&_nc_zt=24&_nc_ht=scontent-cdg4-2.cdninstagram.com&_nc_ss=7b6a8&oh=00_Af7OtbAYTUbm7SJmjwdH4192Q73vf2Zq5hKyyztO6QMq2Q&oe=69FEA33D,laetixia76,https://www.instagram.com/laetixia76,Confettura di albicocche senza zuccheri aggiunti #ilprodottomisteriosopenny #accettoregolamento #holettoprivacypolicy,0,0,2026-04-28T06:37:11.000Z,18113324005793850,62066377837,2026-05-04T16:12:58.479Z,https://www.instagram.com/p/DXotHFAjcSM
https://scontent-cdg4-1.cdninstagram.com/v/t51.2885-19/488540930_1035692778480553_1985377616749876844_n.jpg?stp=dst-jpg_s150x150_tt6&_nc_cat=102&ccb=7-5&_nc_sid=f7ccc5&efg=eyJ2ZW5jb2RlX3RhZyI6InByb2ZpbGVfcGljLnd3dy45NjAuQzMifQ%3D%3D&_nc_ohc=n8_0HAKHMREQ7kNvwFVq_9p&_nc_oc=Adp6TZ4ThT7iTiCjsFjXRMaSoyHIqDP6zXhRxV9t8K11rfKK76Bw_9_pE-mY_dUE5qg&_nc_zt=24&_nc_ht=scontent-cdg4-1.cdninstagram.com&_nc_ss=7b6a8&oh=00_Af62fGtymwNkwwq_nSYHju-OaFkpFWj20KIyWERYKmQQQQ&oe=69FEA939,silvia_formentongefgng,https://www.instagram.com/silvia_formentongefgng,"confettura di albicocche
#ilprodottomisteriosoPENNY
#accettoregolamento
#holettoprivacypolicy",0,0,2026-05-01T08:09:49.000Z,18072702494281445,1984369556,2026-05-04T16:13:08.211Z,https://www.instagram.com/p/DXotHFAjcSM
https://scontent-cdg4-2.cdninstagram.com/v/t51.2885-19/355103420_1230578937645993_879042377675826911_n.jpg?stp=dst-jpg_s150x150_tt6&_nc_cat=107&ccb=7-5&_nc_sid=f7ccc5&efg=eyJ2ZW5jb2RlX3RhZyI6InByb2ZpbGVfcGljLnd3dy4xMDgwLkMzIn0%3D&_nc_ohc=NkWAJZqWUA4Q7kNvwGeR7e1&_nc_oc=AdpmrsVJvNWLP2N9mR8zC-mhOHNbNoSC1q4xhoyAYa9ojFiI8B7NElSbZm2zBEbru1w&_nc_zt=24&_nc_ht=scontent-cdg4-2.cdninstagram.com&_nc_ss=7b6a8&oh=00_Af7TSX-GMQudakjVxrX3wKRt1iz6DK3a4uFN7YuOXUR01g&oe=69FE98F4,mariloca53,https://www.instagram.com/mariloca53,Confettura di albicocche senza zucchero ok #prodottomisteriosopenny #accettoregolamento #holettoprivacypolicy,0,0,2026-04-28T15:08:49.000Z,18112951960831058,60068394061,2026-05-04T16:13:08.211Z,https://www.instagram.com/p/DXotHFAjcSM
https://scontent-cdg4-3.cdninstagram.com/v/t51.82787-19/661646768_18581212135002622_2275986754792505714_n.jpg?stp=dst-jpg_s150x150_tt6&_nc_cat=111&ccb=7-5&_nc_sid=f7ccc5&efg=eyJ2ZW5jb2RlX3RhZyI6InByb2ZpbGVfcGljLnd3dy4xMDgwLkMzIn0%3D&_nc_ohc=guQOlMACZ60Q7kNvwFbRll9&_nc_oc=Adr9txKZrNcAGHQHzw9yHETrxeAdVJX7NLgvP7IMmpoIgGPrqcDc5qmr3z8N2-25OUM&_nc_zt=24&_nc_ht=scontent-cdg4-3.cdninstagram.com&_nc_gid=jMq5d51kH6S0CcPV3Agjbw&_nc_ss=7b6a8&oh=00_Af6LwvJppFnvsjsWbi8siawELPXtr593sWAbD5IzUHcrRg&oe=69FE86A8,margheritasciortino,https://www.instagram.com/margheritasciortino,Confettura di albicocche senza zucchero #ilprodottomisteriosopenny #accettoregolamento #holettoprivacypolicy,0,0,2026-04-27T18:33:47.000Z,18338018497175753,860610621,2026-05-04T16:13:08.211Z,https://www.instagram.com/p/DXotHFAjcSM
https://scontent-cdg4-1.cdninstagram.com/v/t51.2885-19/269739691_472983180913495_5018664050158105818_n.jpg?stp=dst-jpg_s150x150_tt6&_nc_cat=102&ccb=7-5&_nc_sid=f7ccc5&efg=eyJ2ZW5jb2RlX3RhZyI6InByb2ZpbGVfcGljLnd3dy41NjQuQzMifQ%3D%3D&_nc_ohc=aOqU_ke3FzkQ7kNvwG7iJ9L&_nc_oc=AdpS5eeS95_tHRo4XXfYpzlttjMLWI4AchgEBL3BGFiPrsl1YbBCkgW5IJx0uHZvPfw&_nc_zt=24&_nc_ht=scontent-cdg4-1.cdninstagram.com&_nc_ss=7b6a8&oh=00_Af7nK-kuSfSS6dNTg0-dfBH3rOuW5H-Qk4GcSmIvkyKkbQ&oe=69FEA1E0,spilorcio88,https://www.instagram.com/spilorcio88,Marmellata di albicocche #ilprodottomisteriosopenny #accettoregolamento #holettoprivacypolicy,0,0,2026-04-28T16:35:02.000Z,18359281846238685,19997867579,2026-05-04T16:13:08.211Z,https://www.instagram.com/p/DXotHFAjcSM
https://scontent-cdg4-2.cdninstagram.com/v/t51.82787-19/683243742_17988082964976517_4031266196574382475_n.jpg?stp=dst-jpg_s150x150_tt6&_nc_cat=109&ccb=7-5&_nc_sid=f7ccc5&efg=eyJ2ZW5jb2RlX3RhZyI6InByb2ZpbGVfcGljLnd3dy4xMDgwLkMzIn0%3D&_nc_ohc=A_pgCSwrWXYQ7kNvwF68mGD&_nc_oc=AdqQUvYRmg0plzlqQfAet-PnPVkZpL4OH535kTthl-sMvC2v5Tz0wl3a7FFTW13pJxg&_nc_zt=24&_nc_ht=scontent-cdg4-2.cdninstagram.com&_nc_gid=jMq5d51kH6S0CcPV3Agjbw&_nc_ss=7b6a8&oh=00_Af6eY0Poq7-fVeNZtSQulBb_V4c5Vxj2MJ5kxcDCK8kWpg&oe=69FE8F63,federicabianco2023,https://www.instagram.com/federicabianco2023,Confettura di  albicocca senza zucchero #ilprodottomisteriosoPENNY #accettoregolamento #holettoprivacypolicy,0,0,2026-04-28T18:32:35.000Z,18584948896035395,59473464516,2026-05-04T16:13:08.211Z,https://www.instagram.com/p/DXotHFAjcSM
https://scontent-cdg4-2.cdninstagram.com/v/t51.2885-19/372662240_845545803574513_360564865773924167_n.jpg?stp=dst-jpg_s150x150_tt6&_nc_cat=107&ccb=7-5&_nc_sid=f7ccc5&efg=eyJ2ZW5jb2RlX3RhZyI6InByb2ZpbGVfcGljLnd3dy4xMDgwLkMzIn0%3D&_nc_ohc=qFL9yKHiRhQQ7kNvwHnW5lV&_nc_oc=AdpBIwU5f0Yq_hCTrh_eD_4EyrHsfJPNoArtaPILQPMkGBIhVVjJvOY21jMoOrfFlC0&_nc_zt=24&_nc_ht=scontent-cdg4-2.cdninstagram.com&_nc_ss=7b6a8&oh=00_Af4DQ535xelN9gYV36BwCCNwcmjHbpa4MX_xHJ8t7bw4vA&oe=69FE92D4,antonia.ialo,https://www.instagram.com/antonia.ialo,Marmellata di albicocche #ilprodottomisteriosoPenny #accettoregolamento #holettoprivacypolicy,0,0,2026-04-28T19:46:14.000Z,17889674322356783,48007884289,2026-05-04T16:13:08.211Z,https://www.instagram.com/p/DXotHFAjcSM
https://scontent-cdg6-1.cdninstagram.com/v/t51.2885-19/14719570_361939030824526_7007240676727324672_a.jpg?stp=dst-jpg_s150x150_tt6&_nc_cat=106&ccb=7-5&_nc_sid=f7ccc5&efg=eyJ2ZW5jb2RlX3RhZyI6InByb2ZpbGVfcGljLnd3dy45NDQuQzMifQ%3D%3D&_nc_ohc=8AOsuwyg5PUQ7kNvwEgWRZn&_nc_oc=Adrl8KTVd3YRuJP_S-hoqFSum09-dJtIhj5gfOm_4meISQlnp1x88JboSZ2xylmZ1I8&_nc_zt=24&_nc_ht=scontent-cdg6-1.cdninstagram.com&_nc_ss=7b6a8&oh=00_Af41f4WuIPjW1gBWlkhHsSHDWyTMRiUw4SDYFIFfUY5UTQ&oe=69FEA333,anisoara67,https://www.instagram.com/anisoara67,Confettura di albicocche senza zuccheri aggiunti  #ilprodottomisteriosopenny  #accettoregolamento  #holettoprivacypolicy,0,0,2026-04-28T11:07:57.000Z,18209082352330848,2906706957,2026-05-04T16:13:08.211Z,https://www.instagram.com/p/DXotHFAjcSM
https://scontent-cdg6-1.cdninstagram.com/v/t51.89012-19/573323465_1219825463302212_7278921664109726296_n.jpg?stp=dst-jpg_s150x150_tt6&_nc_cat=1&ccb=7-5&_nc_sid=f7ccc5&efg=eyJ2ZW5jb2RlX3RhZyI6InByb2ZpbGVfcGljLnd3dy5DMyJ9&_nc_ohc=Pf4Jx7fI-JMQ7kNvwEdnA1r&_nc_oc=AdrM5ak9ThOqfmCIPi6cg4Jm_5TeInAUOEZd_c63seXXEeGj0StKGP4VtTRRkluVdEU&_nc_zt=24&_nc_ht=scontent-cdg6-1.cdninstagram.com&_nc_gid=jMq5d51kH6S0CcPV3Agjbw&_nc_ss=7b6a8&oh=00_Af4ojNjK2V0wuGnyxU4u9si--74sU3mXCmpDjcgYd4bOfw&oe=69FE87E2,dnftu,https://www.instagram.com/dnftu,Marmellata di albicocche #ilprodottomisteriosopenny #accettoregolamento #holettoprivacypolicy,0,0,2026-04-28T20:17:21.000Z,18049680119751232,401109058,2026-05-04T16:13:08.211Z,https://www.instagram.com/p/DXotHFAjcSM
https://scontent-cdg4-2.cdninstagram.com/v/t51.2885-19/427550560_1148089076573002_4373654237779851396_n.jpg?stp=dst-jpg_s150x150_tt6&_nc_cat=107&ccb=7-5&_nc_sid=f7ccc5&efg=eyJ2ZW5jb2RlX3RhZyI6InByb2ZpbGVfcGljLnd3dy43MjAuQzMifQ%3D%3D&_nc_ohc=eozeDDqqDCkQ7kNvwFz2dpX&_nc_oc=Adp2X59pPbsALljTmU7CZ9P4kMnW1oPigCoe2uPPM3Z1qsxcbyy2vGw8rgy0oUtYKMY&_nc_zt=24&_nc_ht=scontent-cdg4-2.cdninstagram.com&_nc_ss=7b6a8&oh=00_Af7A_iE2RpGfkQrwTl0cZ-oid9PwULg8go7zibIxX9utQw&oe=69FE7E20,carmelacapo,https://www.instagram.com/carmelacapo,Marmellata di albicocche senza zuccheri aggiunti Linea Welless #ilprodottomisteriosopenny #accettoilregolamento #holettoprivacypolicy,0,0,2026-04-27T16:42:51.000Z,18109985710845370,64638526835,2026-05-04T16:13:08.211Z,https://www.instagram.com/p/DXotHFAjcSM
https://scontent-cdg4-2.cdninstagram.com/v/t51.82787-19/670171147_18079911842168731_8403400529494326372_n.jpg?stp=dst-jpg_s150x150_tt6&_nc_cat=109&ccb=7-5&_nc_sid=f7ccc5&efg=eyJ2ZW5jb2RlX3RhZyI6InByb2ZpbGVfcGljLnd3dy4zMjAuQzMifQ%3D%3D&_nc_ohc=APUD-aV1xgcQ7kNvwEmtTx6&_nc_oc=AdpSASBIce5gXCmwOGyrBNy8rhhjfzgqI74GMD6xcPNHabeKjwsZ7gvR62UVtiUna3o&_nc_zt=24&_nc_ht=scontent-cdg4-2.cdninstagram.com&_nc_gid=jMq5d51kH6S0CcPV3Agjbw&_nc_ss=7b6a8&oh=00_Af629woXhpHZVB9er1a3c7mCfAIMRX9s2UgunEEJUFJNKA&oe=69FE7CCF,franciosoverena,https://www.instagram.com/franciosoverena,Marmellata di albicocche #ilprodottomisteriosopenny #accettoregolamento #holettoprivacypolicy,0,0,2026-04-28T20:54:37.000Z,18148353874484893,35210648730,2026-05-04T16:13:08.211Z,https://www.instagram.com/p/DXotHFAjcSM
https://scontent-cdg4-1.cdninstagram.com/v/t51.2885-19/364332085_1230910307555567_7976520151270515545_n.jpg?stp=dst-jpg_s150x150_tt6&_nc_cat=104&ccb=7-5&_nc_sid=f7ccc5&efg=eyJ2ZW5jb2RlX3RhZyI6InByb2ZpbGVfcGljLnd3dy4xMDMyLkMzIn0%3D&_nc_ohc=MYUdzCVS_28Q7kNvwF10UtX&_nc_oc=AdqVrG0pjAyfN_Pr5JwU5SUb_tn4Q5yI80nLtdt2aed02TTTwa4YQq4ueFDG4GEsW0g&_nc_zt=24&_nc_ht=scontent-cdg4-1.cdninstagram.com&_nc_ss=7b6a8&oh=00_Af4UADlkHstVoJ5keqGIgId4DPqp1yA1l3SlPwstON1fIA&oe=69FE92EB,elle.bio,https://www.instagram.com/elle.bio,Marmellata di albicocche #ilprodottomisteriosopenny #accettoregolamento #holettoprivacypolicy,0,0,2026-04-28T21:43:26.000Z,17995740629948836,8425332191,2026-05-04T16:13:08.211Z,https://www.instagram.com/p/DXotHFAjcSM
https://scontent-cdg4-2.cdninstagram.com/v/t51.2885-19/486548397_4109158889321357_8742700366796634096_n.jpg?stp=dst-jpg_s150x150_tt6&_nc_cat=101&ccb=7-5&_nc_sid=f7ccc5&efg=eyJ2ZW5jb2RlX3RhZyI6InByb2ZpbGVfcGljLnd3dy44MjguQzMifQ%3D%3D&_nc_ohc=5UOfIHW9cL8Q7kNvwEPr3nH&_nc_oc=Adonc3cAAwo93KKYLsSpPDLcyHqTiBCupBWulJLrLKvn7O2wV1A8kzCExfyD5Y8fhNs&_nc_zt=24&_nc_ht=scontent-cdg4-2.cdninstagram.com&_nc_ss=7b6a8&oh=00_Af7Xy8FMff4x1edW2LWS-tSTi22z6H4brRVDHL-Io9OkRA&oe=69FE98FA,istantvale,https://www.instagram.com/istantvale,Confettura di albicocche #accettoregolamento #holettoprivacypolicy #prodottomisteriosopenny,0,0,2026-04-27T16:58:38.000Z,18202837147354572,41971759898,2026-05-04T16:13:08.211Z,https://www.instagram.com/p/DXotHFAjcSM
https://scontent-cdg4-1.cdninstagram.com/v/t51.2885-19/436363858_1255202175454442_8629423070647876716_n.jpg?stp=dst-jpg_s150x150_tt6&_nc_cat=102&ccb=7-5&_nc_sid=f7ccc5&efg=eyJ2ZW5jb2RlX3RhZyI6InByb2ZpbGVfcGljLnd3dy4xMDgwLkMzIn0%3D&_nc_ohc=2eNoAAo_OlwQ7kNvwFvjU75&_nc_oc=AdqWudtVzdiIizh0yu6eJpiEnBX_7s-Y3CR5selOH-urOs7SxwGnZPmOy-N4av4Vnx4&_nc_zt=24&_nc_ht=scontent-cdg4-1.cdninstagram.com&_nc_ss=7b6a8&oh=00_Af6AqYKMxf4ntVx-nLhVnDM_e_1GV8Dv_XhWppNNCCjSBw&oe=69FE7E73,mariannapali,https://www.instagram.com/mariannapali,Marmellata al maracuja senza zuccheri aggìunti #ilprodottomisteriosopenny #accettoregolamento #holettoprivacypolicy,0,0,2026-04-29T20:14:16.000Z,18066047384361855,1417952159,2026-05-04T16:13:08.211Z,https://www.instagram.com/p/DXotHFAjcSM
https://scontent-cdg6-1.cdninstagram.com/v/t51.2885-19/177902232_307819484035896_4384606638155569676_n.jpg?stp=dst-jpg_s150x150_tt6&_nc_cat=105&ccb=7-5&_nc_sid=f7ccc5&efg=eyJ2ZW5jb2RlX3RhZyI6InByb2ZpbGVfcGljLnd3dy45NzQuQzMifQ%3D%3D&_nc_ohc=FwYxSPv_LvIQ7kNvwGbFqYd&_nc_oc=Adql4qgfycTMvHOlNOMKkR429He6pUHC6weHwACPLOEEWmOuau8Bi3ogBwHY4a11Jc8&_nc_zt=24&_nc_ht=scontent-cdg6-1.cdninstagram.com&_nc_ss=7b6a8&oh=00_Af6oiOlm-UEi1WVC5aJBQBYcXN5pLhT7fcWcVhnQL384gA&oe=69FE805C,fracy_rock01,https://www.instagram.com/fracy_rock01,Marmellata di albicocche #ilprodottomisteriosopenny #accettoregolamento #holettoprivacypolicy,0,0,2026-04-29T04:56:59.000Z,17878014378572010,7290936239,2026-05-04T16:13:08.211Z,https://www.instagram.com/p/DXotHFAjcSM
https://scontent-cdg4-3.cdninstagram.com/v/t51.82787-19/611612582_18446578474102043_1185227098012589188_n.jpg?stp=dst-jpg_s150x150_tt6&_nc_cat=111&ccb=7-5&_nc_sid=f7ccc5&efg=eyJ2ZW5jb2RlX3RhZyI6InByb2ZpbGVfcGljLnd3dy4zOTUuQzMifQ%3D%3D&_nc_ohc=S9Laj94O_OkQ7kNvwEWQq_G&_nc_oc=Adri4TbbZxVgtuxVGIO9Wl3Kb7ly4gTdjnlJKQhsYHFXInuKtu6m9jyDtCm-ifAKVZo&_nc_zt=24&_nc_ht=scontent-cdg4-3.cdninstagram.com&_nc_gid=jMq5d51kH6S0CcPV3Agjbw&_nc_ss=7b6a8&oh=00_Af60NqrHlABQ_NUDMAdROtHZAPTQ0YwTZ1vd0kojRtTXqw&oe=69FEA7A9,lafrancy30,https://www.instagram.com/lafrancy30,Marmellata di albicocche #ilprodottomisteriosopenny #accettoregolamento #holettoprivacypolicy,0,0,2026-04-29T04:49:37.000Z,18124286479614112,3108358042,2026-05-04T16:13:08.211Z,https://www.instagram.com/p/DXotHFAjcSM
https://scontent-cdg6-1.cdninstagram.com/v/t51.89012-19/573323465_1219825463302212_7278921664109726296_n.jpg?stp=dst-jpg_s150x150_tt6&_nc_cat=1&ccb=7-5&_nc_sid=f7ccc5&efg=eyJ2ZW5jb2RlX3RhZyI6InByb2ZpbGVfcGljLnd3dy5DMyJ9&_nc_ohc=Pf4Jx7fI-JMQ7kNvwEdnA1r&_nc_oc=AdrM5ak9ThOqfmCIPi6cg4Jm_5TeInAUOEZd_c63seXXEeGj0StKGP4VtTRRkluVdEU&_nc_zt=24&_nc_ht=scontent-cdg6-1.cdninstagram.com&_nc_gid=r2813qaXFBkHd-HK0AA-OQ&_nc_ss=7b6a8&oh=00_Af7RabZpKx1GmsoWmvFWgaXH2KS9yDlpviF6Wz77Rk2n0A&oe=69FE87E2,iacchetti99,https://www.instagram.com/iacchetti99,Marmellata di albicocca #ilprodottomisteriosopenny #accettoregolamento #holettoprivacypolicy,0,0,2026-04-28T20:19:32.000Z,18102608794786470,76848283322,2026-05-04T16:13:18.053Z,https://www.instagram.com/p/DXotHFAjcSM
https://scontent-cdg4-2.cdninstagram.com/v/t51.2885-19/323337119_219206263790177_7513200026087680433_n.jpg?stp=dst-jpg_s150x150_tt6&_nc_cat=107&ccb=7-5&_nc_sid=f7ccc5&efg=eyJ2ZW5jb2RlX3RhZyI6InByb2ZpbGVfcGljLnd3dy4zODIuQzMifQ%3D%3D&_nc_ohc=033mF4i9ULIQ7kNvwEe3qhX&_nc_oc=AdqkOPUiohJ7oaPSXW_n5-X-eXFRlloj0rUzgyjPurP4uyDKWXloUPDxlN0NsnTNggg&_nc_zt=24&_nc_ht=scontent-cdg4-2.cdninstagram.com&_nc_ss=7b6a8&oh=00_Af5EwE6QCkonZ2iwVxUew5qGVzj-XDdZSZoVqGLrtgxHkg&oe=69FE7FCA,jasminpetri38,https://www.instagram.com/jasminpetri38,Confettura di albicocche #accettoregolamento #holettoprivacypolicy #prodottomisteriosopenny,0,0,2026-04-27T17:08:48.000Z,17961775641111006,57100481138,2026-05-04T16:13:18.053Z,https://www.instagram.com/p/DXotHFAjcSM
https://scontent-cdg4-1.cdninstagram.com/v/t51.75761-19/491443806_18044525333527370_3992595808623538657_n.jpg?stp=dst-jpg_s150x150_tt6&_nc_cat=102&ccb=7-5&_nc_sid=f7ccc5&efg=eyJ2ZW5jb2RlX3RhZyI6InByb2ZpbGVfcGljLnd3dy4xMDgwLkMzIn0%3D&_nc_ohc=D2NT9GcDZuYQ7kNvwHdV5I9&_nc_oc=Adoh4yMl-qm1mO8bIZcecpOhSNB4rrC6HUcCtbWteotSp3-jPRHmQ38V8BmaKfHyNIE&_nc_zt=24&_nc_ht=scontent-cdg4-1.cdninstagram.com&_nc_gid=r2813qaXFBkHd-HK0AA-OQ&_nc_ss=7b6a8&oh=00_Af5aR_s_e8npUpfkHSlaGETC3_Fl2etRRiH4H2C5uorfhg&oe=69FEAD26,alavale80,https://www.instagram.com/alavale80,Marmellata di albicocche #ilprodottomisteriosopenny #accettoregolamento #holettoprivacypolicy,0,0,2026-04-29T08:15:11.000Z,18110358841841623,45733751369,2026-05-04T16:13:18.053Z,https://www.instagram.com/p/DXotHFAjcSM
https://scontent-cdg6-1.cdninstagram.com/v/t51.89012-19/573323465_1219825463302212_7278921664109726296_n.jpg?stp=dst-jpg_s150x150_tt6&_nc_cat=1&ccb=7-5&_nc_sid=f7ccc5&efg=eyJ2ZW5jb2RlX3RhZyI6InByb2ZpbGVfcGljLnd3dy5DMyJ9&_nc_ohc=Pf4Jx7fI-JMQ7kNvwEdnA1r&_nc_oc=AdrM5ak9ThOqfmCIPi6cg4Jm_5TeInAUOEZd_c63seXXEeGj0StKGP4VtTRRkluVdEU&_nc_zt=24&_nc_ht=scontent-cdg6-1.cdninstagram.com&_nc_gid=r2813qaXFBkHd-HK0AA-OQ&_nc_ss=7b6a8&oh=00_Af7RabZpKx1GmsoWmvFWgaXH2KS9yDlpviF6Wz77Rk2n0A&oe=69FE87E2,zastra82,https://www.instagram.com/zastra82,Confettura di albicocche senza zuccheri aggiunti #ilprodottomisteriosopenny #accettoregolamento #holettoprivacypolicy,0,0,2026-04-28T11:39:29.000Z,18578453275036485,14308570056,2026-05-04T16:13:18.053Z,https://www.instagram.com/p/DXotHFAjcSM
https://scontent-cdg4-1.cdninstagram.com/v/t51.82787-19/611649645_18016815989807386_6061935223120651951_n.jpg?stp=dst-jpg_s150x150_tt6&_nc_cat=108&ccb=7-5&_nc_sid=f7ccc5&efg=eyJ2ZW5jb2RlX3RhZyI6InByb2ZpbGVfcGljLnd3dy4xMDgwLkMzIn0%3D&_nc_ohc=VjcX-pF6giMQ7kNvwFJYRy2&_nc_oc=AdourYIRkO81hwizYZcfJ2yrOj6GzfZdiLYGpbQ7mwcM_ZHUQhiegcSoGrd1CRTUg6I&_nc_zt=24&_nc_ht=scontent-cdg4-1.cdninstagram.com&_nc_gid=r2813qaXFBkHd-HK0AA-OQ&_nc_ss=7b6a8&oh=00_Af4io026sWUjzlQIPu966Lcx6v3ENYOrd4VFs0D__-Dflw&oe=69FEA90F,valentinaxurree,https://www.instagram.com/valentinaxurree,Confettura di albicocche senza zuccheri aggiunti #ilprodottomisteriosopenny#accettoilregolamento#holettoprivacypolicy,0,0,2026-04-27T19:57:51.000Z,18147454417434586,54073863385,2026-05-04T16:13:18.053Z,https://www.instagram.com/p/DXotHFAjcSM
https://scontent-cdg4-3.cdninstagram.com/v/t51.82787-19/655326900_18345931009244199_34248427196986638_n.jpg?stp=dst-jpg_s150x150_tt6&_nc_cat=111&ccb=7-5&_nc_sid=f7ccc5&efg=eyJ2ZW5jb2RlX3RhZyI6InByb2ZpbGVfcGljLnd3dy4xMDgwLkMzIn0%3D&_nc_ohc=SoaEqQX_gAwQ7kNvwHfxapM&_nc_oc=AdpuLJ89s8kf76nXy_rnPxqznEJqxK5Ln4n8VW0QVgi_jkE0zBWYdeurLCJtD8LfEn0&_nc_zt=24&_nc_ht=scontent-cdg4-3.cdninstagram.com&_nc_gid=r2813qaXFBkHd-HK0AA-OQ&_nc_ss=7b6a8&oh=00_Af4CagmcMwnwkIcRTXH4utK-_DYDPA0D4_TCml4TIb1NiQ&oe=69FEA3E2,tizianacostantinoo,https://www.instagram.com/tizianacostantinoo,confettura di albicocca #ilprodottomisteriosopenny  #accettoregolamento #holettoprivacypolicy,0,0,2026-04-29T13:02:20.000Z,18100919651007771,7378412198,2026-05-04T16:13:18.053Z,https://www.instagram.com/p/DXotHFAjcSM
https://scontent-cdg6-1.cdninstagram.com/v/t51.2885-19/322928695_189938203719694_6236578363287829640_n.jpg?stp=dst-jpg_s150x150_tt6&_nc_cat=106&ccb=7-5&_nc_sid=f7ccc5&efg=eyJ2ZW5jb2RlX3RhZyI6InByb2ZpbGVfcGljLnd3dy41MDAuQzMifQ%3D%3D&_nc_ohc=kcSvxMi8r0kQ7kNvwFUdVPs&_nc_oc=Adrc5zCPDsoHOPhCgvr88c_TqW27qggAdF0XU39ShW9qD8xTgxL8oEZLv-EJxJ_xTw4&_nc_zt=24&_nc_ht=scontent-cdg6-1.cdninstagram.com&_nc_ss=7b6a8&oh=00_Af5mxdeCHaRopHRNn1OqdBhsMaOZAxr7IOiBELOQ3PDODg&oe=69FE9C18,lexa_woods23,https://www.instagram.com/lexa_woods23,Marmellata di albicocche #ilprodottomisteriosopenny #accettoregolamento #holettoprivacypolicy,0,0,2026-04-29T23:46:35.000Z,18546275452071093,57054278459,2026-05-04T16:13:18.053Z,https://www.instagram.com/p/DXotHFAjcSM
https://scontent-cdg6-1.cdninstagram.com/v/t51.2885-19/480854119_595338653322327_3633835850554737369_n.jpg?stp=dst-jpg_s150x150_tt6&_nc_cat=106&ccb=7-5&_nc_sid=f7ccc5&efg=eyJ2ZW5jb2RlX3RhZyI6InByb2ZpbGVfcGljLnd3dy4zMjAuQzMifQ%3D%3D&_nc_ohc=jBBhmLbUdRQQ7kNvwEpzJ4l&_nc_oc=AdqNvwcm45FKuHVYVudI-ESMKpsRve8OYB3CHT8yvs0MNrgXxKkdMbMIX8OjyqouwW4&_nc_zt=24&_nc_ht=scontent-cdg6-1.cdninstagram.com&_nc_ss=7b6a8&oh=00_Af7bh8EWOTsRq8A29YuRrC8utLmEclpXh369NJIIBczfkA&oe=69FE8B76,michiacquistapace,https://www.instagram.com/michiacquistapace,Marmellata di albicocche #ilprodottomisteriosopenny #accettoregolamento #holettoprivacypolicy,0,0,2026-04-29T21:53:00.000Z,17855094132647735,1811293623,2026-05-04T16:13:18.053Z,https://www.instagram.com/p/DXotHFAjcSM
https://scontent-cdg4-1.cdninstagram.com/v/t51.2885-19/118128335_135201281612389_3465841241757212599_n.jpg?stp=dst-jpg_s150x150_tt6&_nc_cat=108&ccb=7-5&_nc_sid=f7ccc5&efg=eyJ2ZW5jb2RlX3RhZyI6InByb2ZpbGVfcGljLnd3dy4xNjQuQzMifQ%3D%3D&_nc_ohc=2c2b4PMbdm4Q7kNvwEIPVhF&_nc_oc=AdodRGL1BLCqnBT5sV1pXJHVPf4kMP5OCfXKruJvOM8iXwgD3FhATWDxLJFRE_LCk00&_nc_zt=24&_nc_ht=scontent-cdg4-1.cdninstagram.com&_nc_ss=7b6a8&oh=00_Af6qCgM_RtQkrpZW8CwTGT8VZ8NfvvFzcRpJTabrmbksIw&oe=69FE9FC3,soni.uzza,https://www.instagram.com/soni.uzza,Marmellata di albicocche #ilprodottomisteriosopenny #accettoregolamento #holettoprivacypolicy,0,0,2026-04-29T21:14:21.000Z,18118979938647789,40670376940,2026-05-04T16:13:18.053Z,https://www.instagram.com/p/DXotHFAjcSM
https://scontent-cdg4-2.cdninstagram.com/v/t51.2885-19/97212979_935373050235507_3223557063716110336_n.jpg?stp=dst-jpg_s150x150_tt6&_nc_cat=107&ccb=7-5&_nc_sid=f7ccc5&efg=eyJ2ZW5jb2RlX3RhZyI6InByb2ZpbGVfcGljLnd3dy4xMDgwLkMzIn0%3D&_nc_ohc=2vj2epTUc6IQ7kNvwHbg3Jf&_nc_oc=AdpaEiLzsZI4v2CE4_qy_FBvVLPa1H4zyjAAgF4xgrEuW2maxXilFFoy6_EQhgQZNt4&_nc_zt=24&_nc_ht=scontent-cdg4-2.cdninstagram.com&_nc_ss=7b6a8&oh=00_Af7D_BvJmCSi70Tpudh48okAKnf3S9uPBpgA5i-KB-9FIg&oe=69FE83E7,cristinavercellotti,https://www.instagram.com/cristinavercellotti,Marmellata di albicocche #ilprodottomisteriosopenny #accettoregolamento #holettoprivacypolicy,0,0,2026-04-29T21:01:05.000Z,18100773287099278,18130223002,2026-05-04T16:13:18.053Z,https://www.instagram.com/p/DXotHFAjcSM
https://scontent-cdg6-1.cdninstagram.com/v/t51.89012-19/573323465_1219825463302212_7278921664109726296_n.jpg?stp=dst-jpg_s150x150_tt6&_nc_cat=1&ccb=7-5&_nc_sid=f7ccc5&efg=eyJ2ZW5jb2RlX3RhZyI6InByb2ZpbGVfcGljLnd3dy5DMyJ9&_nc_ohc=Pf4Jx7fI-JMQ7kNvwEdnA1r&_nc_oc=AdrM5ak9ThOqfmCIPi6cg4Jm_5TeInAUOEZd_c63seXXEeGj0StKGP4VtTRRkluVdEU&_nc_zt=24&_nc_ht=scontent-cdg6-1.cdninstagram.com&_nc_gid=r2813qaXFBkHd-HK0AA-OQ&_nc_ss=7b6a8&oh=00_Af7RabZpKx1GmsoWmvFWgaXH2KS9yDlpviF6Wz77Rk2n0A&oe=69FE87E2,fontcarla69,https://www.instagram.com/fontcarla69,Marmellata di albicocche  #ilprodottomisteriosopenny #accettoregolamento #holettoprivacypolicy,0,0,2026-04-30T08:54:45.000Z,18112107346835485,56232394169,2026-05-04T16:13:18.053Z,https://www.instagram.com/p/DXotHFAjcSM
https://scontent-cdg4-3.cdninstagram.com/v/t51.2885-19/459637784_1051278132694688_862946284129797103_n.jpg?stp=dst-jpg_s150x150_tt6&_nc_cat=111&ccb=7-5&_nc_sid=f7ccc5&efg=eyJ2ZW5jb2RlX3RhZyI6InByb2ZpbGVfcGljLnd3dy4xMDgwLkMzIn0%3D&_nc_ohc=1izfA2Q7HD4Q7kNvwFl2BRV&_nc_oc=AdojjZH0R8uS-2HrwrxwilxEYTp8OwQmQHUwdA0w6TpWihSh0ua1fqT9cvVVpsHM2aM&_nc_zt=24&_nc_ht=scontent-cdg4-3.cdninstagram.com&_nc_ss=7b6a8&oh=00_Af6HS2d9Baj4LExJlU20zxnzNoT3uVl2zpb9k4wqGy-Ehw&oe=69FE8535,graziacanto,https://www.instagram.com/graziacanto,"Marmellata di albicocche
#ilprodottomisteriosopenny #accettoregolamento
#holettoprivacypolicy",0,0,2026-04-30T07:11:47.000Z,18432930250188973,2039277084,2026-05-04T16:13:18.053Z,https://www.instagram.com/p/DXotHFAjcSM
https://scontent-cdg4-2.cdninstagram.com/v/t51.2885-19/444764486_923186789549813_38254324840735485_n.jpg?stp=dst-jpg_s150x150_tt6&_nc_cat=107&ccb=7-5&_nc_sid=f7ccc5&efg=eyJ2ZW5jb2RlX3RhZyI6InByb2ZpbGVfcGljLnd3dy4xMDgwLkMzIn0%3D&_nc_ohc=AQ7qDceCQ3QQ7kNvwGrkFJ2&_nc_oc=AdoR-uIEKxVTnRBovYhjOo7Y2AgsMKR4zhov58CJxBYM150phytpq67zdclOvbS-YA0&_nc_zt=24&_nc_ht=scontent-cdg4-2.cdninstagram.com&_nc_ss=7b6a8&oh=00_Af5vsxo2X7-ZG-qY5CQLrtujtIGxYwMdTa3_XOUAmeozAA&oe=69FE9468,ziasonia2103,https://www.instagram.com/ziasonia2103,Marmellata di albicocca#prodottomisteriosopenny #accettoregolamento #holettoprivacypolicy,0,0,2026-04-27T15:35:33.000Z,17895492156308976,66822714982,2026-05-04T16:13:18.053Z,https://www.instagram.com/p/DXotHFAjcSM
https://scontent-cdg4-2.cdninstagram.com/v/t51.82787-19/539397399_18529224289046455_540161070302101826_n.jpg?stp=dst-jpg_s150x150_tt6&_nc_cat=109&ccb=7-5&_nc_sid=f7ccc5&efg=eyJ2ZW5jb2RlX3RhZyI6InByb2ZpbGVfcGljLnd3dy4xMDAwLkMzIn0%3D&_nc_ohc=DkYaxuGel0EQ7kNvwEFw2V_&_nc_oc=AdpSKWQr95zBEkYfMJNK_JDxxESvRc-OFN4SOoHtpNc4kFg5AJzcZcS6ZJ0qKgdOodo&_nc_zt=24&_nc_ht=scontent-cdg4-2.cdninstagram.com&_nc_gid=r2813qaXFBkHd-HK0AA-OQ&_nc_ss=7b6a8&oh=00_Af6gmcmekOyja_rFYGA81pW7OGtTg-smFZWlTugJVEjMRQ&oe=69FEB111,danina49,https://www.instagram.com/danina49,Marmellata di albicocche.#ilprodottomisteriosoPenny #accettoregolamento #holettoprivacypolicy,0,0,2026-04-28T14:49:02.000Z,18111764017843103,1811758454,2026-05-04T16:13:18.053Z,https://www.instagram.com/p/DXotHFAjcSM
https://scontent-cdg4-2.cdninstagram.com/v/t51.82787-19/609269932_18543979225017886_878017496624566198_n.jpg?stp=dst-jpg_s150x150_tt6&_nc_cat=100&ccb=7-5&_nc_sid=f7ccc5&efg=eyJ2ZW5jb2RlX3RhZyI6InByb2ZpbGVfcGljLnd3dy4xMDgwLkMzIn0%3D&_nc_ohc=qz5Rr5UvZ04Q7kNvwGbod91&_nc_oc=Ado7ezjs63IDSno7xjINh_9Stozn7wSz5PBhYukFiKtClPs0BMt5jmPnUm3iunO9RQg&_nc_zt=24&_nc_ht=scontent-cdg4-2.cdninstagram.com&_nc_gid=r2813qaXFBkHd-HK0AA-OQ&_nc_ss=7b6a8&oh=00_Af7gjMV8omu_4ntkEQtF3LMzbcbrnRH2m4lpdDLJHKv3oQ&oe=69FEB15B,rock_is_the_right_way,https://www.instagram.com/rock_is_the_right_way,Confettura di albicocche senza zuccheri aggiunti #ilprodottomisteriosopenny #accettoregolamento #holettoprivacypolicy,0,0,2026-04-28T13:05:31.000Z,18114317002789648,193489885,2026-05-04T16:13:18.053Z,https://www.instagram.com/p/DXotHFAjcSM
https://scontent-cdg6-1.cdninstagram.com/v/t51.2885-19/291063218_1231715004307189_3788478584100066348_n.jpg?stp=dst-jpg_s150x150_tt6&_nc_cat=103&ccb=7-5&_nc_sid=f7ccc5&efg=eyJ2ZW5jb2RlX3RhZyI6InByb2ZpbGVfcGljLnd3dy4xMDgwLkMzIn0%3D&_nc_ohc=ZXoV9HfyKygQ7kNvwF6vrgT&_nc_oc=AdqV9lvZ4QWpr4XaTzwgUmYo3MtCa0F8XS4Tia5jaUmZ_PTM5pU_pp9yQqcHhN1GUew&_nc_zt=24&_nc_ht=scontent-cdg6-1.cdninstagram.com&_nc_ss=7b6a8&oh=00_Af5YIQgzDxU5y0XK0LqFexIXZZyIsTrhuvN0Sfe6fMRr5g&oe=69FE8BBB,leporebarbara,https://www.instagram.com/leporebarbara,Confettura di albicocche senza zuccheri aggiunti  #ilprodottomisteriosopenny  #accettoregolamento #holettoprivacypolicy,0,0,2026-04-28T14:04:15.000Z,18116748853664454,1995364350,2026-05-04T16:13:28.530Z,https://www.instagram.com/p/DXotHFAjcSM
https://scontent-cdg4-2.cdninstagram.com/v/t51.2885-19/276013272_499475521556129_5754657411794525864_n.jpg?stp=dst-jpg_s150x150_tt6&_nc_cat=109&ccb=7-5&_nc_sid=f7ccc5&efg=eyJ2ZW5jb2RlX3RhZyI6InByb2ZpbGVfcGljLnd3dy4xMDgwLkMzIn0%3D&_nc_ohc=7lXe-WKCVKYQ7kNvwG7UnYj&_nc_oc=AdpaQWXcPO1-EX8-xHRjDpmxonw_tMGcZafbfzQ_el9SAPtNvfFVMLfw1fDyIqzF5sA&_nc_zt=24&_nc_ht=scontent-cdg4-2.cdninstagram.com&_nc_ss=7b6a8&oh=00_Af7nBgcNK0T2UbgbfpFeKGQ99HKgflAGUCjWyhm3Zrh4ng&oe=69FEAC35,carmenhappy14,https://www.instagram.com/carmenhappy14,Confettura di albicocche senza zuccheri aggiunti #ilprodottomisteriosopenny  #accettoregolamento #holettoprivacypolicy,0,0,2026-04-28T14:30:35.000Z,17887299750509942,1559638683,2026-05-04T16:13:28.530Z,https://www.instagram.com/p/DXotHFAjcSM
https://scontent-cdg4-2.cdninstagram.com/v/t51.2885-19/408084771_720264423366537_6037585983026186520_n.jpg?stp=dst-jpg_s150x150_tt6&_nc_cat=100&ccb=7-5&_nc_sid=f7ccc5&efg=eyJ2ZW5jb2RlX3RhZyI6InByb2ZpbGVfcGljLnd3dy4xMDgwLkMzIn0%3D&_nc_ohc=hAIWdPlMhwsQ7kNvwH5KC-6&_nc_oc=AdqWxoNEe0D2z8aXv2rjIdwFshLT4lBk2GP9RR2d45xcxxZLF-9OD2rP85OZBytYLsU&_nc_zt=24&_nc_ht=scontent-cdg4-2.cdninstagram.com&_nc_ss=7b6a8&oh=00_Af4acSh525V_Bqg9foV_rmW86Lhpe_GXmUGPLhOwdBlGeQ&oe=69FE88A6,angel.morabito,https://www.instagram.com/angel.morabito,Confettura di albicocche senza zuccheri aggiunti  #ilprodottomisteriosopenny  #accettoregolamento  #holettoprivacypolicy,0,0,2026-04-28T14:54:43.000Z,18123240727627335,6698279504,2026-05-04T16:13:28.530Z,https://www.instagram.com/p/DXotHFAjcSM
https://scontent-cdg4-2.cdninstagram.com/v/t51.2885-19/14726288_956477524484036_3919799686491275264_a.jpg?stp=dst-jpg_s150x150_tt6&_nc_cat=101&ccb=7-5&_nc_sid=f7ccc5&efg=eyJ2ZW5jb2RlX3RhZyI6InByb2ZpbGVfcGljLnd3dy4xMDgwLkMzIn0%3D&_nc_ohc=mmQpbB3i6EQQ7kNvwG6Wz5b&_nc_oc=AdoXjJB1HbRl91gU63exKrM_yvSj0Z0WJ28ekbPk8HlgFlvsg38IsA6P9d1FkhhXAlc&_nc_zt=24&_nc_ht=scontent-cdg4-2.cdninstagram.com&_nc_ss=7b6a8&oh=00_Af6waSASPVeoIQ4cpN_vRuuQa3sYyMWgmZD8pmGZmWNh5Q&oe=69FEAA5F,ellesullenuvole,https://www.instagram.com/ellesullenuvole,Confettura di albicocche Welless #prodottomisteriosopenny #accettoregolamento #holettoprivacypolicy,0,0,2026-04-28T13:52:48.000Z,17921394732346654,3623133887,2026-05-04T16:13:28.530Z,https://www.instagram.com/p/DXotHFAjcSM
https://scontent-cdg6-1.cdninstagram.com/v/t51.89012-19/573323465_1219825463302212_7278921664109726296_n.jpg?stp=dst-jpg_s150x150_tt6&_nc_cat=1&ccb=7-5&_nc_sid=f7ccc5&efg=eyJ2ZW5jb2RlX3RhZyI6InByb2ZpbGVfcGljLnd3dy5DMyJ9&_nc_ohc=Pf4Jx7fI-JMQ7kNvwEdnA1r&_nc_oc=AdrM5ak9ThOqfmCIPi6cg4Jm_5TeInAUOEZd_c63seXXEeGj0StKGP4VtTRRkluVdEU&_nc_zt=24&_nc_ht=scontent-cdg6-1.cdninstagram.com&_nc_gid=ONlvxBQPmgNertqWZZHJOA&_nc_ss=7b6a8&oh=00_Af5Ue1cE3r83lhufG3ugRah-ArPU216m_ZxRnlFcsmPFCA&oe=69FE87E2,csapri2024,https://www.instagram.com/csapri2024,Confettura di albicocca Welless senza zuccheri aggiunti #ilprodottomisteriosoPENNY #accettoregolamento #holettoprivacypolicy,0,0,2026-04-28T18:21:42.000Z,18072938438277503,70271607279,2026-05-04T16:13:28.530Z,https://www.instagram.com/p/DXotHFAjcSM
https://scontent-cdg4-1.cdninstagram.com/v/t51.2885-19/22158133_1456891554363913_5705524161909096448_n.jpg?stp=dst-jpg_s150x150_tt6&_nc_cat=102&ccb=7-5&_nc_sid=f7ccc5&efg=eyJ2ZW5jb2RlX3RhZyI6InByb2ZpbGVfcGljLnd3dy4yMDAuQzMifQ%3D%3D&_nc_ohc=V02-cRdSEmAQ7kNvwG9zsqx&_nc_oc=Adr8Ft6cA7R8NsUc6BITtjZPFA3Zxjugo7pkL4eIcP5edqg_OfqQEsk23z57Kz6J1V4&_nc_zt=24&_nc_ht=scontent-cdg4-1.cdninstagram.com&_nc_ss=7b6a8&oh=00_Af5EIn_pxjTJSRb-37GP2XM2jsx1-RTYcGLaZZNrT5XCvQ&oe=69FE91D1,francisporters,https://www.instagram.com/francisporters,"Confettura di albicocca Welless senza zuccheri aggiunti #ilprodottomisteriosoPENNY
#accettoregolamento
#holettoprivacypolicy",0,0,2026-04-28T18:30:38.000Z,18119139700647892,6099502735,2026-05-04T16:13:28.530Z,https://www.instagram.com/p/DXotHFAjcSM
https://scontent-cdg6-1.cdninstagram.com/v/t51.2885-19/118712841_613170932707610_6095629131863964364_n.jpg?stp=dst-jpg_s150x150_tt6&_nc_cat=106&ccb=7-5&_nc_sid=f7ccc5&efg=eyJ2ZW5jb2RlX3RhZyI6InByb2ZpbGVfcGljLnd3dy4xMDgwLkMzIn0%3D&_nc_ohc=9ctVNQawg1wQ7kNvwGuakWA&_nc_oc=Adqm_WnoiBMAZ1cJ-2W0SO_S2Qsfh5UMPnKxQCDk7fmPMbXhuaDvSqIVqLRP3jivE1I&_nc_zt=24&_nc_ht=scontent-cdg6-1.cdninstagram.com&_nc_ss=7b6a8&oh=00_Af5Y0lqkDYUYUfc0OIdeKcp6PthW7w2ezx9wm9aEuoiexA&oe=69FE7C75,benlifereal,https://www.instagram.com/benlifereal,"Confettura di albicocche senza zuccheri aggiunti #ilprodottomisteriosopenny
#accettoregolamento #holettoprivacypolicy",0,0,2026-04-28T15:30:42.000Z,17953878914963289,41323341720,2026-05-04T16:13:28.530Z,https://www.instagram.com/p/DXotHFAjcSM
https://scontent-cdg4-2.cdninstagram.com/v/t51.2885-19/247182206_177394677883441_7248801787444550137_n.jpg?stp=dst-jpg_s150x150_tt6&_nc_cat=107&ccb=7-5&_nc_sid=f7ccc5&efg=eyJ2ZW5jb2RlX3RhZyI6InByb2ZpbGVfcGljLnd3dy43NjguQzMifQ%3D%3D&_nc_ohc=qhYHr756I18Q7kNvwFfvyjt&_nc_oc=AdovBdM_Z6jfzN8_JhUJUPXMjJMcNTXxl0FGEPjNT53Gtonu-VzIHcjuH3CJEoWhu3w&_nc_zt=24&_nc_ht=scontent-cdg4-2.cdninstagram.com&_nc_ss=7b6a8&oh=00_Af67StYkBkj9TpCR7wrTJbu4XIU6Cscj2bXdau3lHs4eJw&oe=69FE9B5A,_mukky_mukky_,https://www.instagram.com/_mukky_mukky_,"Confettura di albicocche senza zuccheri aggiunti #ilprodottomisteriosopenny
#accettoregolamento #holettoprivacypolicy",0,0,2026-04-28T15:30:21.000Z,18110668030879750,6898200268,2026-05-04T16:13:28.530Z,https://www.instagram.com/p/DXotHFAjcSM
https://scontent-cdg6-1.cdninstagram.com/v/t51.2885-19/468454249_1301617397853904_1047707876621390943_n.jpg?stp=dst-jpg_s150x150_tt6&_nc_cat=103&ccb=7-5&_nc_sid=f7ccc5&efg=eyJ2ZW5jb2RlX3RhZyI6InByb2ZpbGVfcGljLnd3dy4xMDgwLkMzIn0%3D&_nc_ohc=Zlufi8qAKWcQ7kNvwF7VlgJ&_nc_oc=Adq59vvspmV4UcMiuJM6eBsXV-7kPGSpwhsLmlSRvEo8LURFN3SttP1wOUYlUihLa6c&_nc_zt=24&_nc_ht=scontent-cdg6-1.cdninstagram.com&_nc_ss=7b6a8&oh=00_Af7ADv9FpVCMhTW9pU3ek5bjnAcj6-JZaVG709cayShrRQ&oe=69FE9EAC,georgie19932509,https://www.instagram.com/georgie19932509,Confettura di albicocca Welless senza zuccheri aggiunti #ilprodottomisteriosoPENNY #accettoregolamento #holettoprivacypolicy,0,0,2026-04-28T19:10:37.000Z,18408494890195624,70873034523,2026-05-04T16:13:28.530Z,https://www.instagram.com/p/DXotHFAjcSM
https://scontent-cdg6-1.cdninstagram.com/v/t51.89012-19/573323465_1219825463302212_7278921664109726296_n.jpg?stp=dst-jpg_s150x150_tt6&_nc_cat=1&ccb=7-5&_nc_sid=f7ccc5&efg=eyJ2ZW5jb2RlX3RhZyI6InByb2ZpbGVfcGljLnd3dy5DMyJ9&_nc_ohc=Pf4Jx7fI-JMQ7kNvwEdnA1r&_nc_oc=AdrM5ak9ThOqfmCIPi6cg4Jm_5TeInAUOEZd_c63seXXEeGj0StKGP4VtTRRkluVdEU&_nc_zt=24&_nc_ht=scontent-cdg6-1.cdninstagram.com&_nc_gid=ONlvxBQPmgNertqWZZHJOA&_nc_ss=7b6a8&oh=00_Af5Ue1cE3r83lhufG3ugRah-ArPU216m_ZxRnlFcsmPFCA&oe=69FE87E2,danio1605,https://www.instagram.com/danio1605,Confettura di albicocca Welless senza zuccheri aggiunti #ilprodottomisteriosoPENNY #accettoregolamento #holettoprivacypolicy,0,0,2026-04-28T19:28:26.000Z,17961554240932155,74416249761,2026-05-04T16:13:28.530Z,https://www.instagram.com/p/DXotHFAjcSM
https://scontent-cdg6-1.cdninstagram.com/v/t51.89012-19/573323465_1219825463302212_7278921664109726296_n.jpg?stp=dst-jpg_s150x150_tt6&_nc_cat=1&ccb=7-5&_nc_sid=f7ccc5&efg=eyJ2ZW5jb2RlX3RhZyI6InByb2ZpbGVfcGljLnd3dy5DMyJ9&_nc_ohc=Pf4Jx7fI-JMQ7kNvwEdnA1r&_nc_oc=AdrM5ak9ThOqfmCIPi6cg4Jm_5TeInAUOEZd_c63seXXEeGj0StKGP4VtTRRkluVdEU&_nc_zt=24&_nc_ht=scontent-cdg6-1.cdninstagram.com&_nc_gid=ONlvxBQPmgNertqWZZHJOA&_nc_ss=7b6a8&oh=00_Af5Ue1cE3r83lhufG3ugRah-ArPU216m_ZxRnlFcsmPFCA&oe=69FE87E2,paloschialessandra,https://www.instagram.com/paloschialessandra,Confettura di albicocche senza zuccheri aggiunti #ilprodottomisteriosopenny #accettoregolamento #holettoprivacypolicy,0,0,2026-04-28T16:10:59.000Z,18101065754071033,23307881001,2026-05-04T16:13:28.530Z,https://www.instagram.com/p/DXotHFAjcSM
https://scontent-cdg6-1.cdninstagram.com/v/t51.89012-19/573323465_1219825463302212_7278921664109726296_n.jpg?stp=dst-jpg_s150x150_tt6&_nc_cat=1&ccb=7-5&_nc_sid=f7ccc5&efg=eyJ2ZW5jb2RlX3RhZyI6InByb2ZpbGVfcGljLnd3dy5DMyJ9&_nc_ohc=Pf4Jx7fI-JMQ7kNvwEdnA1r&_nc_oc=AdrM5ak9ThOqfmCIPi6cg4Jm_5TeInAUOEZd_c63seXXEeGj0StKGP4VtTRRkluVdEU&_nc_zt=24&_nc_ht=scontent-cdg6-1.cdninstagram.com&_nc_gid=ONlvxBQPmgNertqWZZHJOA&_nc_ss=7b6a8&oh=00_Af5Ue1cE3r83lhufG3ugRah-ArPU216m_ZxRnlFcsmPFCA&oe=69FE87E2,andydal40,https://www.instagram.com/andydal40,Confettura di albicocche senza zuccheri aggiunti #ilprodottomisteriosopenny #accettoregolamento #holettoprivacypolicy,0,0,2026-04-28T17:34:10.000Z,17938172304214309,37954615937,2026-05-04T16:13:28.530Z,https://www.instagram.com/p/DXotHFAjcSM
https://scontent-cdg4-2.cdninstagram.com/v/t51.82787-19/670215210_17945079045156033_1844228158142274770_n.jpg?stp=dst-jpg_s150x150_tt6&_nc_cat=109&ccb=7-5&_nc_sid=f7ccc5&efg=eyJ2ZW5jb2RlX3RhZyI6InByb2ZpbGVfcGljLnd3dy42MDAuQzMifQ%3D%3D&_nc_ohc=76KaGzu7HhcQ7kNvwGRuGJh&_nc_oc=AdoZGem-P2YkCXvw4UyptXxELDxFSu_YkssAsPLgBXHxwAIJfIbHhVBPbSo5TOm5Esk&_nc_zt=24&_nc_ht=scontent-cdg4-2.cdninstagram.com&_nc_gid=ONlvxBQPmgNertqWZZHJOA&_nc_ss=7b6a8&oh=00_Af7HplmRjAnjH8aTVju3p7n5Si7SITyaV0tsVO7dst4wBA&oe=69FE843D,narenthanil,https://www.instagram.com/narenthanil,"Confettura di albicocche senza zuccheri aggiunti. #prodottomisteriosoPENNY, #accettoregolamento #holettoprivacypolicy",0,0,2026-04-27T18:55:24.000Z,18211236997326996,64668076032,2026-05-04T16:13:28.530Z,https://www.instagram.com/p/DXotHFAjcSM
https://scontent-cdg4-1.cdninstagram.com/v/t51.2885-19/277509937_650472896239239_654937240699774021_n.jpg?stp=dst-jpg_s150x150_tt6&_nc_cat=102&ccb=7-5&_nc_sid=f7ccc5&efg=eyJ2ZW5jb2RlX3RhZyI6InByb2ZpbGVfcGljLnd3dy4zMjAuQzMifQ%3D%3D&_nc_ohc=6mp99e_uisIQ7kNvwFDRYxF&_nc_oc=Adp4oUa8YxQkni_20S7IwAd8TU1q9wbnzuUnJPGzE0PpojdbLpmd-7e0ugHIlPMwFCg&_nc_zt=24&_nc_ht=scontent-cdg4-1.cdninstagram.com&_nc_ss=7b6a8&oh=00_Af4lnX5CwpUDN_igXjh1Wah5pZe91MQzz8KY49UPJN4hbA&oe=69FEA50C,spammettai,https://www.instagram.com/spammettai,"Confettura di albicocche senza zuccheri
aggiunti #ilprodottomisteriosopenny
#accettoregolamento
#holettoprivacypolicy",0,0,2026-04-28T17:43:35.000Z,18099300227056278,32593547909,2026-05-04T16:13:28.530Z,https://www.instagram.com/p/DXotHFAjcSM
https://scontent-cdg4-2.cdninstagram.com/v/t51.2885-19/452468417_1406444953359278_6327272300187430596_n.jpg?stp=dst-jpg_s150x150_tt6&_nc_cat=107&ccb=7-5&_nc_sid=f7ccc5&efg=eyJ2ZW5jb2RlX3RhZyI6InByb2ZpbGVfcGljLnd3dy4xMDgwLkMzIn0%3D&_nc_ohc=lCauXjaiqGkQ7kNvwEojkIL&_nc_oc=Adq-TRFx6HYqkEJbZdNXdWHmAZbgPysZdlJiRmqqkhsSUChZNguVb6RGblXEV7vUN84&_nc_zt=24&_nc_ht=scontent-cdg4-2.cdninstagram.com&_nc_ss=7b6a8&oh=00_Af5DuGFpmY9AggyXoaIEOGs4wZI14D2K-iW8AV38Q1VxIQ&oe=69FEA4DB,la.variabile,https://www.instagram.com/la.variabile,Confettura di albicocche senza zuccheri aggiunti #ilprodottomisteriosopenny #accettoregolamento #holettoprivacypolicy,0,0,2026-04-28T18:29:56.000Z,17867747934655494,2078762337,2026-05-04T16:13:28.530Z,https://www.instagram.com/p/DXotHFAjcSM
https://scontent-cdg4-2.cdninstagram.com/v/t51.82787-19/557740135_17843618607583751_1672952964523967816_n.jpg?stp=dst-jpg_s150x150_tt6&_nc_cat=107&ccb=7-5&_nc_sid=f7ccc5&efg=eyJ2ZW5jb2RlX3RhZyI6InByb2ZpbGVfcGljLnd3dy4xMDgwLkMzIn0%3D&_nc_ohc=8MpkaSa8G1cQ7kNvwH7cDHX&_nc_oc=AdofzgRbM0mVLd0WG6sJBsJKx6wZo02IUMnIc4KsRoioj-VOTTrsOkiPoEE6z-jcOJg&_nc_zt=24&_nc_ht=scontent-cdg4-2.cdninstagram.com&_nc_gid=biMtczQqpE47kc7R9HtE9g&_nc_ss=7b6a8&oh=00_Af7fqtysHWx8tbxtMf6_txrm3DE1wwaEkOEdaP43Vw94DA&oe=69FE8C92,spacca99,https://www.instagram.com/spacca99,Confettura di albicocche senza zuccheri aggiunti #ilprodottomisteriosopenny #accettoregolamento #holettoprivacypolicy,0,0,2026-04-28T20:07:24.000Z,18369103951201845,77357519750,2026-05-04T16:13:39.184Z,https://www.instagram.com/p/DXotHFAjcSM
https://scontent-cdg4-2.cdninstagram.com/v/t51.2885-19/481817487_644458447960737_5166478217309522512_n.jpg?stp=dst-jpg_s150x150_tt6&_nc_cat=101&ccb=7-5&_nc_sid=f7ccc5&efg=eyJ2ZW5jb2RlX3RhZyI6InByb2ZpbGVfcGljLnd3dy4xMDgwLkMzIn0%3D&_nc_ohc=xxiWcD96b3AQ7kNvwHiToDM&_nc_oc=AdqauQvaXQeWpfXp-Tt7Rmb-sI-zsVOt5CmpbNZDtcATFLLs2h_itCNroW1aZlKP6BU&_nc_zt=24&_nc_ht=scontent-cdg4-2.cdninstagram.com&_nc_ss=7b6a8&oh=00_Af6yL_Ri96l7pBEVYzzENeez-pmk4mjN-Tvfufrgla0rYQ&oe=69FE8164,fabri_zio1959,https://www.instagram.com/fabri_zio1959,Confettura di albicocche senza zuccheri aggiunti #ilprodottomisteriosopenny #accettoregolamento #holettoprivacypolicy,0,0,2026-04-28T20:06:14.000Z,18170021674411601,72818940748,2026-05-04T16:13:39.184Z,https://www.instagram.com/p/DXotHFAjcSM
https://scontent-cdg4-1.cdninstagram.com/v/t51.2885-19/471290193_574468812010607_5463283668011025513_n.jpg?stp=dst-jpg_s150x150_tt6&_nc_cat=102&ccb=7-5&_nc_sid=f7ccc5&efg=eyJ2ZW5jb2RlX3RhZyI6InByb2ZpbGVfcGljLnd3dy4xMDgwLkMzIn0%3D&_nc_ohc=g-NuOniCAIYQ7kNvwHoq2Te&_nc_oc=Ado-7N3sC2XFsckQblOAxirJ5xR1IUReVytOF5oL5N_UvAZhhYb2DNCnlUsl-Q2dlk4&_nc_zt=24&_nc_ht=scontent-cdg4-1.cdninstagram.com&_nc_ss=7b6a8&oh=00_Af6haDiloCE2w_dVdTGN5XMubEUYRj1KVLEk11XMd_aqeg&oe=69FE92CF,spacca_59,https://www.instagram.com/spacca_59,Confettura di albicocche senza zuccheri aggiunti #ilprodottomisteriosopenny #accettoregolamento #holettoprivacypolicy,0,0,2026-04-28T20:04:24.000Z,18101821582799397,71591802696,2026-05-04T16:13:39.184Z,https://www.instagram.com/p/DXotHFAjcSM
https://scontent-cdg6-1.cdninstagram.com/v/t51.2885-19/463803106_852890480342366_3589393468086855475_n.jpg?stp=dst-jpg_s150x150_tt6&_nc_cat=105&ccb=7-5&_nc_sid=f7ccc5&efg=eyJ2ZW5jb2RlX3RhZyI6InByb2ZpbGVfcGljLnd3dy4xMDI0LkMzIn0%3D&_nc_ohc=uAl1-eyZbywQ7kNvwHzK4Li&_nc_oc=Adqw0onUCewx_FMlGcJAYRa_V9mXFC-lyTwZf2yMsN3BSf1w5Ni0L4QWgfngtWgAhRg&_nc_zt=24&_nc_ht=scontent-cdg6-1.cdninstagram.com&_nc_ss=7b6a8&oh=00_Af4LzPL5iHx-SNib3hL5WzGkRRinW0SvLv-57Bsn5VF0YQ&oe=69FE9705,deborina86_,https://www.instagram.com/deborina86_,Marmellata di albicocche #prodottomisteriosoPENNY #accettoregolamento #holettoprivacypolicy,0,0,2026-04-30T02:52:20.000Z,18042930281562373,69725558166,2026-05-04T16:13:39.184Z,https://www.instagram.com/p/DXotHFAjcSM
https://scontent-cdg6-1.cdninstagram.com/v/t51.89012-19/573323465_1219825463302212_7278921664109726296_n.jpg?stp=dst-jpg_s150x150_tt6&_nc_cat=1&ccb=7-5&_nc_sid=f7ccc5&efg=eyJ2ZW5jb2RlX3RhZyI6InByb2ZpbGVfcGljLnd3dy5DMyJ9&_nc_ohc=Pf4Jx7fI-JMQ7kNvwEdnA1r&_nc_oc=AdrM5ak9ThOqfmCIPi6cg4Jm_5TeInAUOEZd_c63seXXEeGj0StKGP4VtTRRkluVdEU&_nc_zt=24&_nc_ht=scontent-cdg6-1.cdninstagram.com&_nc_gid=biMtczQqpE47kc7R9HtE9g&_nc_ss=7b6a8&oh=00_Af6sA9TjrRwkJOKSHSt3WQtElhaIEhtI_wUGbsBNFj84hw&oe=69FE87E2,luisa.mar.39,https://www.instagram.com/luisa.mar.39,"confettura di albicocche senza zuccheri aggiunti  #ilprodottomisteriosoPENNY
#accettoregolamento
#holettoprivacypolicy",0,0,2026-05-04T10:23:41.000Z,18115180699793772,8511265154,2026-05-04T16:13:39.184Z,https://www.instagram.com/p/DXotHFAjcSM
https://scontent-cdg6-1.cdninstagram.com/v/t51.2885-19/13395039_253669131666439_1148581865_a.jpg?stp=dst-jpg_s150x150_tt6&_nc_cat=105&ccb=7-5&_nc_sid=f7ccc5&efg=eyJ2ZW5jb2RlX3RhZyI6InByb2ZpbGVfcGljLnd3dy42NDAuQzMifQ%3D%3D&_nc_ohc=7glkFhLkt6sQ7kNvwEyJ9BV&_nc_oc=AdpHG-LDUJaSUWOmPDs6u97wQkcw8fufLgyqu-gmPK0qd2rHlM1Zm3Na92hNKAvGEF8&_nc_zt=24&_nc_ht=scontent-cdg6-1.cdninstagram.com&_nc_ss=7b6a8&oh=00_Af5k7h-B4wczvLIruieHJ_pGWYUVvasoKlcF5aegblG8WA&oe=69FE9D16,simonetta_dellabella,https://www.instagram.com/simonetta_dellabella,Marmellata di albicocche senza zuccheri aggiunti #ilprodottomisteriosoPenny #accettoregolamento #holettoprivacypolicy,0,0,2026-04-29T01:45:34.000Z,18008997443853653,3403350213,2026-05-04T16:13:39.184Z,https://www.instagram.com/p/DXotHFAjcSM
https://scontent-cdg4-2.cdninstagram.com/v/t51.2885-19/11313670_1468805823421036_1322299675_a.jpg?_nc_cat=101&ccb=7-5&_nc_sid=f7ccc5&efg=eyJ2ZW5jb2RlX3RhZyI6InByb2ZpbGVfcGljLnd3dy4xNTAuQzMifQ%3D%3D&_nc_ohc=XyL89VO6VrkQ7kNvwHAU4La&_nc_oc=AdrfSqbr2W9-RyRrfHvn4yv4J_ksvD82srQ2R3jw4ZgRprSQjloD1R_HLDM9YniUzIY&_nc_zt=24&_nc_ht=scontent-cdg4-2.cdninstagram.com&_nc_ss=7b6a8&oh=00_Af6XHPwEet-4P66NE5qGSQIGngZ2eg8vtTWQz-X6YVtyVg&oe=69FE84B0,_antonella.mercurio_,https://www.instagram.com/_antonella.mercurio_,Confettura di albicocche senza zuccheri aggiunti #ilprodottomisteriosopenny #accettoregolamento #holettoprivacypolicy,0,0,2026-04-29T05:05:07.000Z,18000936455923739,497546678,2026-05-04T16:13:39.184Z,https://www.instagram.com/p/DXotHFAjcSM
https://scontent-cdg4-2.cdninstagram.com/v/t51.82787-19/658866647_18148430641479203_636878587329119800_n.jpg?stp=dst-jpg_s150x150_tt6&_nc_cat=107&ccb=7-5&_nc_sid=f7ccc5&efg=eyJ2ZW5jb2RlX3RhZyI6InByb2ZpbGVfcGljLnd3dy4zMjAuQzMifQ%3D%3D&_nc_ohc=X4HpZ_JLt0QQ7kNvwEfy3qr&_nc_oc=AdoiwWWe1N4hVlloD0ZAKTHHMhiy9Xc7c3yhiSmlsv7Kh7XTxZYcXsmmwD4ROYeo0Mo&_nc_zt=24&_nc_ht=scontent-cdg4-2.cdninstagram.com&_nc_gid=biMtczQqpE47kc7R9HtE9g&_nc_ss=7b6a8&oh=00_Af4IaCLzMREfcqzPeZbGn3RqBQDaqFi9YhhkypbXh2FNJw&oe=69FEA52E,annaesposito153,https://www.instagram.com/annaesposito153,Confettura di albicocche senza zuccheri aggiunti #ilprodottomisteriosopenny #accettoregolamento #holettoprivacypolicy,0,0,2026-04-29T05:10:07.000Z,18049799207572330,14291567202,2026-05-04T16:13:39.184Z,https://www.instagram.com/p/DXotHFAjcSM
https://scontent-cdg6-1.cdninstagram.com/v/t51.2885-19/278635403_138962842024561_708898312325706490_n.jpg?stp=dst-jpg_s150x150_tt6&_nc_cat=106&ccb=7-5&_nc_sid=f7ccc5&efg=eyJ2ZW5jb2RlX3RhZyI6InByb2ZpbGVfcGljLnd3dy4xMDgwLkMzIn0%3D&_nc_ohc=EdyO-tKBBUkQ7kNvwHZjYpJ&_nc_oc=Adq0GxWZ1N7KnkTr724x8o_cs_VfqeiTMQ7wd0_8UNIabWSpMKRtsEZxcDl1DoqrSrM&_nc_zt=24&_nc_ht=scontent-cdg6-1.cdninstagram.com&_nc_ss=7b6a8&oh=00_Af5eqyIzPPI77wnEvKFwLL6pLfNOYJ5Bg24xnJU-WyprZw&oe=69FE81D8,7gaia,https://www.instagram.com/7gaia,Confettura di albicocche senza zuccheri aggiunti #ilprodottomisteriosopenny #accettoregolamento #holettoprivacypolicy,0,0,2026-04-29T07:24:51.000Z,18088953449196076,465150378,2026-05-04T16:13:39.184Z,https://www.instagram.com/p/DXotHFAjcSM
https://scontent-cdg4-2.cdninstagram.com/v/t51.82787-19/526864976_18518207296059555_6925638690774383751_n.jpg?stp=dst-jpg_s150x150_tt6&_nc_cat=109&ccb=7-5&_nc_sid=f7ccc5&efg=eyJ2ZW5jb2RlX3RhZyI6InByb2ZpbGVfcGljLnd3dy4xMDgwLkMzIn0%3D&_nc_ohc=7VU3jcrow2wQ7kNvwFPQU5_&_nc_oc=Adpi3wsw_b-YfNp1X2Xn5P1ciZNrbh2GFc7CvgQwqZZmeJoEQ-dLIeGsPjI6eJ0rPuE&_nc_zt=24&_nc_ht=scontent-cdg4-2.cdninstagram.com&_nc_gid=biMtczQqpE47kc7R9HtE9g&_nc_ss=7b6a8&oh=00_Af7E5sEdv7p5DZsbTkp-xngdX4VNb-TsGaVXzGpwZkPPEg&oe=69FEACEA,mammanonmamma,https://www.instagram.com/mammanonmamma,Confettura di albicocca #ilprodottomisteriosopenny #accettoregolamento #holettoprivacypolicy,0,0,2026-05-03T19:16:22.000Z,17962744716113178,212155554,2026-05-04T16:13:39.184Z,https://www.instagram.com/p/DXotHFAjcSM
https://scontent-cdg4-2.cdninstagram.com/v/t51.2885-19/12724764_1223216371040287_1656970456_a.jpg?stp=dst-jpg_s150x150_tt6&_nc_cat=107&ccb=7-5&_nc_sid=f7ccc5&efg=eyJ2ZW5jb2RlX3RhZyI6InByb2ZpbGVfcGljLnd3dy45NjAuQzMifQ%3D%3D&_nc_ohc=aH5hy-rBEqYQ7kNvwEsfOjr&_nc_oc=AdpE3TksUYJDZeXulFurW8n6XVuHrn-ja8k5KHm819WkHl5qR47MKW0Kl9P3HYxu-ZA&_nc_zt=24&_nc_ht=scontent-cdg4-2.cdninstagram.com&_nc_ss=7b6a8&oh=00_Af4CUPA7gSP6PH6mBLgDwjC-MG8ZV6OH7qhhfobuxv0bow&oe=69FEB2B1,noche_di_burro,https://www.instagram.com/noche_di_burro,Confettura di albicocche senza zuccheri aggiunti #ilprodottomisteriosopenny #accettoregolamento #holettoprivacypolicy,0,0,2026-04-29T13:26:11.000Z,18104913928939842,28269681,2026-05-04T16:13:39.184Z,https://www.instagram.com/p/DXotHFAjcSM
https://scontent-cdg4-1.cdninstagram.com/v/t51.2885-19/368149118_824641612624949_7608174905258406089_n.jpg?stp=dst-jpg_s150x150_tt6&_nc_cat=102&ccb=7-5&_nc_sid=f7ccc5&efg=eyJ2ZW5jb2RlX3RhZyI6InByb2ZpbGVfcGljLnd3dy4xMDgwLkMzIn0%3D&_nc_ohc=WTJkcEMDa_cQ7kNvwGI5wyp&_nc_oc=AdrX5Td9kA4dS8pu06z8ZOt2-zM41p4FyfvyTeWp4ylzWTNrdLYvff1n81NoRAvEQWE&_nc_zt=24&_nc_ht=scontent-cdg4-1.cdninstagram.com&_nc_ss=7b6a8&oh=00_Af6iesdKe6Qf3Y7vGCpOMqh1zhhoknmbc2TAFpgmsv9ULg&oe=69FEB25C,sonia_turetta,https://www.instagram.com/sonia_turetta,Confettura di albicocche senza zuccheri aggiunti #ilprodottomisteriosopenny #accettoregolamento #holettoprivacypolicy,0,0,2026-04-29T19:07:38.000Z,18100605949826139,503633014,2026-05-04T16:13:39.184Z,https://www.instagram.com/p/DXotHFAjcSM
https://scontent-cdg4-1.cdninstagram.com/v/t51.2885-19/93014772_532348334376589_46480269221298176_n.jpg?stp=dst-jpg_s150x150_tt6&_nc_cat=108&ccb=7-5&_nc_sid=f7ccc5&efg=eyJ2ZW5jb2RlX3RhZyI6InByb2ZpbGVfcGljLnd3dy4xMDA4LkMzIn0%3D&_nc_ohc=s7zY4ADNiwoQ7kNvwFdsifN&_nc_oc=AdqbD5BO8ws0SdEmwWurqyqzVDiyuYzuAkhXCFD6WxBUl6KIlycA31MSwK3YNvTAxUI&_nc_zt=24&_nc_ht=scontent-cdg4-1.cdninstagram.com&_nc_ss=7b6a8&oh=00_Af7e0dkNlDY9Pi8NEn4MrJyf83lupw_TZH_PO1Z5kNNruQ&oe=69FE8CB2,rocca.star,https://www.instagram.com/rocca.star,Confettura di albicocche senza zuccheri aggiunti #ilprodottomisteriosopenny #accettoregolamento #holettoprivacypolicy,0,0,2026-04-29T20:19:21.000Z,18108431219494022,2362098274,2026-05-04T16:13:39.184Z,https://www.instagram.com/p/DXotHFAjcSM
https://scontent-cdg6-1.cdninstagram.com/v/t51.2885-19/177930057_176375477680440_4006431308397914290_n.jpg?stp=dst-jpg_s150x150_tt6&_nc_cat=106&ccb=7-5&_nc_sid=f7ccc5&efg=eyJ2ZW5jb2RlX3RhZyI6InByb2ZpbGVfcGljLnd3dy4xMDgwLkMzIn0%3D&_nc_ohc=npo3OSzQiCcQ7kNvwHxGyX8&_nc_oc=AdpZooq-vdqFxmvVLEqMPzaf41kUgSrxlYPkCaokgr0rcTccqpXwocweT_9zuNAVFTs&_nc_zt=24&_nc_ht=scontent-cdg6-1.cdninstagram.com&_nc_ss=7b6a8&oh=00_Af5fqGeYYDs-xRYNxBB7372k1_N1I6-VDFYKPR7URpYkFA&oe=69FEB38C,carlapulli,https://www.instagram.com/carlapulli,Confettura di albicocche senza zuccheri aggiunti #ilprodottomisteriosopenny #accettoregolamento #holettoprivacypolicy,0,0,2026-04-30T01:09:12.000Z,18071531765307009,44089273618,2026-05-04T16:13:39.184Z,https://www.instagram.com/p/DXotHFAjcSM
https://scontent-cdg6-1.cdninstagram.com/v/t51.89012-19/573323465_1219825463302212_7278921664109726296_n.jpg?stp=dst-jpg_s150x150_tt6&_nc_cat=1&ccb=7-5&_nc_sid=f7ccc5&efg=eyJ2ZW5jb2RlX3RhZyI6InByb2ZpbGVfcGljLnd3dy5DMyJ9&_nc_ohc=Pf4Jx7fI-JMQ7kNvwEdnA1r&_nc_oc=AdrM5ak9ThOqfmCIPi6cg4Jm_5TeInAUOEZd_c63seXXEeGj0StKGP4VtTRRkluVdEU&_nc_zt=24&_nc_ht=scontent-cdg6-1.cdninstagram.com&_nc_gid=biMtczQqpE47kc7R9HtE9g&_nc_ss=7b6a8&oh=00_Af6sA9TjrRwkJOKSHSt3WQtElhaIEhtI_wUGbsBNFj84hw&oe=69FE87E2,karllife85,https://www.instagram.com/karllife85,Il Fango Corpo all'Arancia (o Fangocrema) #ilprodottomisteriosopenny #accettoregolamento #holettoprivacypolicy,0,0,2026-04-28T20:20:39.000Z,18089504684203444,57211656673,2026-05-04T16:13:39.184Z,https://www.instagram.com/p/DXotHFAjcSM
https://scontent-cdg4-2.cdninstagram.com/v/t51.2885-19/341530851_2174258719630582_5143764977307555363_n.jpg?stp=dst-jpg_s150x150_tt6&_nc_cat=107&ccb=7-5&_nc_sid=f7ccc5&efg=eyJ2ZW5jb2RlX3RhZyI6InByb2ZpbGVfcGljLnd3dy45NjAuQzMifQ%3D%3D&_nc_ohc=vJB6nReKAugQ7kNvwFz0Kak&_nc_oc=AdqGgSMM2vLoNY1ObX7nD5LkbVuRF-JOagdJ8IbFzsLG1G8tK5jlIzlBoM3hQQZWC5c&_nc_zt=24&_nc_ht=scontent-cdg4-2.cdninstagram.com&_nc_ss=7b6a8&oh=00_Af5MyAJmc4kS0oP87PWRIy1vWEuv4v7NjdCHy0hWw25X6A&oe=69FE9965,stefaniaborga,https://www.instagram.com/stefaniaborga,Confettura di albicocche senza zuccheri aggiunti #ilprodottomisteriosopenny #accettoilregolamento #holettoprivacypolicy,0,0,2026-04-27T19:50:04.000Z,18102389110787636,10134432480,2026-05-04T16:13:50.098Z,https://www.instagram.com/p/DXotHFAjcSM
https://scontent-cdg4-3.cdninstagram.com/v/t51.2885-19/462985346_1256690522011651_1423354338334823566_n.jpg?stp=dst-jpg_s150x150_tt6&_nc_cat=111&ccb=7-5&_nc_sid=f7ccc5&efg=eyJ2ZW5jb2RlX3RhZyI6InByb2ZpbGVfcGljLnd3dy4xMDgwLkMzIn0%3D&_nc_ohc=cqY1A96caHAQ7kNvwH248FU&_nc_oc=AdqAZcP-Cps5FCvuWgm3XlaHOrphUvP4N60YM9MsFK_nGwl0jU1jwtH5RO4HG6qnlsA&_nc_zt=24&_nc_ht=scontent-cdg4-3.cdninstagram.com&_nc_ss=7b6a8&oh=00_Af4FpGF9XwqRhHaoUFs9ZWubdlcNrCaxOnHsssFSR876kw&oe=69FE7D6F,vivyenne_jeanluc,https://www.instagram.com/vivyenne_jeanluc,confettura di albicocche senza zuccheri aggiunti #prodottomisteriosopenny #accettoregolamento #holettoprivacypolicy,0,0,2026-04-27T19:37:18.000Z,18079290953149040,44201981705,2026-05-04T16:13:50.098Z,https://www.instagram.com/p/DXotHFAjcSM
https://scontent-cdg4-1.cdninstagram.com/v/t51.2885-19/309250852_513456527282744_6623663521054229911_n.jpg?stp=dst-jpg_s150x150_tt6&_nc_cat=110&ccb=7-5&_nc_sid=f7ccc5&efg=eyJ2ZW5jb2RlX3RhZyI6InByb2ZpbGVfcGljLnd3dy41NDEuQzMifQ%3D%3D&_nc_ohc=ClKd1R0BNpsQ7kNvwGoLkwW&_nc_oc=AdoMM4wmGiZfexdUA23gU7AzCg3g2ZZo7-tWNWSEh1rdHCl6DLQm3vebKJsNyau64AY&_nc_zt=24&_nc_ht=scontent-cdg4-1.cdninstagram.com&_nc_ss=7b6a8&oh=00_Af4OrdyxWDB1Vxg2twljSxDlUbEEYyKlJ8gnOV-bKyAyeA&oe=69FEA4F5,lauranocco,https://www.instagram.com/lauranocco,Confettura di albicocche #ilprodottomisteriosopenny  #accettoregolamento  #holettopraivacypolicy,0,0,2026-04-29T18:47:28.000Z,18109017382912496,4485528046,2026-05-04T16:13:50.098Z,https://www.instagram.com/p/DXotHFAjcSM
https://scontent-cdg6-1.cdninstagram.com/v/t51.2885-19/16583255_1856471601298562_4354101651271843840_a.jpg?stp=dst-jpg_s150x150_tt6&_nc_cat=106&ccb=7-5&_nc_sid=f7ccc5&efg=eyJ2ZW5jb2RlX3RhZyI6InByb2ZpbGVfcGljLnd3dy42NDAuQzMifQ%3D%3D&_nc_ohc=AUOCkHQ0wzkQ7kNvwEWxrCM&_nc_oc=Adpli1s7Tmbu79vAFXbpFu1inIuXGwlVrs673WJJcGj6ERDMKhqroWZOgw70U9NZA_A&_nc_zt=24&_nc_ht=scontent-cdg6-1.cdninstagram.com&_nc_ss=7b6a8&oh=00_Af6Q6yv_mCAe_4U6-Lcy6JqpADYJC9wng5muAwPfze4lJw&oe=69FE7DCD,happymondaybaby,https://www.instagram.com/happymondaybaby,Welless Albicocca senza zuccheri aggiunti #ilprodottomisteriosopenny #accettoregolamento #holettoprivacypolicy,0,0,2026-04-29T03:16:56.000Z,17964961443064902,255812487,2026-05-04T16:13:50.098Z,https://www.instagram.com/p/DXotHFAjcSM
https://scontent-cdg6-1.cdninstagram.com/v/t51.2885-19/279264900_485571103355050_49672206842409669_n.jpg?stp=dst-jpg_s150x150_tt6&_nc_cat=105&ccb=7-5&_nc_sid=f7ccc5&efg=eyJ2ZW5jb2RlX3RhZyI6InByb2ZpbGVfcGljLnd3dy4xMDgwLkMzIn0%3D&_nc_ohc=cLUM758iuHUQ7kNvwGaJK7n&_nc_oc=AdoXtDshqmIwYTo_pkJnpd_vo7Z1eXBsT47S1sepZkVeIF5qrpmD9lFLuPt7DakMFNw&_nc_zt=24&_nc_ht=scontent-cdg6-1.cdninstagram.com&_nc_ss=7b6a8&oh=00_Af45KCT0GG4Q-di8Osh1ECQADJf9xUcP3yuTk19ht2BQFQ&oe=69FEAF90,mrblackman71,https://www.instagram.com/mrblackman71,"Confettura di albicocche senza zuccheri aggiunti #ilprodottomisteriosoPENNY
#accettoregolamento
#holettoprivacypolicy",0,0,2026-04-30T12:40:50.000Z,17974827873008619,5349814971,2026-05-04T16:13:50.098Z,https://www.instagram.com/p/DXotHFAjcSM
https://scontent-cdg4-1.cdninstagram.com/v/t51.2885-19/464922210_570277428777141_2353874325396376494_n.jpg?stp=dst-jpg_s150x150_tt6&_nc_cat=110&ccb=7-5&_nc_sid=f7ccc5&efg=eyJ2ZW5jb2RlX3RhZyI6InByb2ZpbGVfcGljLnd3dy4zMjAuQzMifQ%3D%3D&_nc_ohc=FBKsrN-IkLsQ7kNvwHLRLyP&_nc_oc=Adof8Yl-Acl2mYBTZEu27LjNXIOJq5qDZa-cbDU2yQfBXHvqwTxAd00Oh1sLY-2KncQ&_nc_zt=24&_nc_ht=scontent-cdg4-1.cdninstagram.com&_nc_ss=7b6a8&oh=00_Af4e0jtrl8gOegduOsvdBha8zPtCi0xdL_LUFwQXUyYmUA&oe=69FE9B95,angelaederik,https://www.instagram.com/angelaederik,Confettura di albicocche. #ilprodottomisteriosopenny  #accettoregolamento #holettoprivacypolicy,0,0,2026-04-28T20:16:34.000Z,18065681675359408,4229904664,2026-05-04T16:13:50.098Z,https://www.instagram.com/p/DXotHFAjcSM
https://scontent-cdg6-1.cdninstagram.com/v/t51.2885-19/252797685_2743123795990036_5050417325601301173_n.jpg?stp=dst-jpg_s150x150_tt6&_nc_cat=103&ccb=7-5&_nc_sid=f7ccc5&efg=eyJ2ZW5jb2RlX3RhZyI6InByb2ZpbGVfcGljLnd3dy45NTkuQzMifQ%3D%3D&_nc_ohc=LRBSQ_LIRUkQ7kNvwGXDGC_&_nc_oc=AdppA3d0p4gvnZ32_S2-CA0vFtJQdT1FWkYyuAWGn9U6gQUFkPdB7wZh7hs3wNv4gh8&_nc_zt=24&_nc_ht=scontent-cdg6-1.cdninstagram.com&_nc_ss=7b6a8&oh=00_Af5HOt4xpWwZuZGQFLSvzVQT1Q4WXnCUKVjtoo2z0tVUxw&oe=69FEA41B,annafazio74,https://www.instagram.com/annafazio74,#ilprodottomisteriosopenny  #accettoregolamento  #holettoprivacypolicy. Il prodotto misterioso è la marmellata di albicocca senza zuccheri aggiunti,0,0,2026-04-28T02:33:12.000Z,18092932000927088,32741918417,2026-05-04T16:13:50.098Z,https://www.instagram.com/p/DXotHFAjcSM
https://scontent-cdg4-2.cdninstagram.com/v/t51.82787-19/589179831_18540933679020193_4892537142052470725_n.jpg?stp=dst-jpg_s150x150_tt6&_nc_cat=100&ccb=7-5&_nc_sid=f7ccc5&efg=eyJ2ZW5jb2RlX3RhZyI6InByb2ZpbGVfcGljLnd3dy45NTUuQzMifQ%3D%3D&_nc_ohc=m5T20ibFobcQ7kNvwE69Zmf&_nc_oc=Adq75WyHZEzSdUwqyOopBn41rMuPex4KJN1JhXDXFK5_AGhWY4iR1offI_Gug6nreBc&_nc_zt=24&_nc_ht=scontent-cdg4-2.cdninstagram.com&_nc_gid=4s8_OQRLA6HJbsL-qXkVfQ&_nc_ss=7b6a8&oh=00_Af6VjPQIivz_QNHh4VBvlhNbK1TPaQHEaRzKjEXg5Oo3Wg&oe=69FE9CA5,loribras,https://www.instagram.com/loribras,Confettura di albicocche senza zuccheri aggiunti #prodottomisteriosoPenny.  #accettoilregolamento.  #holettoprivacypolice,0,0,2026-04-27T17:14:47.000Z,18000749606920815,547860192,2026-05-04T16:13:50.098Z,https://www.instagram.com/p/DXotHFAjcSM
https://scontent-cdg4-3.cdninstagram.com/v/t51.2885-19/403206440_315957571220127_5025473525863387797_n.jpg?stp=dst-jpg_s150x150_tt6&_nc_cat=111&ccb=7-5&_nc_sid=f7ccc5&efg=eyJ2ZW5jb2RlX3RhZyI6InByb2ZpbGVfcGljLnd3dy4yMjUuQzMifQ%3D%3D&_nc_ohc=DM9i8YF3TZUQ7kNvwE4EF-M&_nc_oc=AdrTZ8kENbIxs8Y0dLNz8TEIn-Q_-sAWvw9x8ksgcAMO0gTPDCwkoFp4uKs3xzpG-B0&_nc_zt=24&_nc_ht=scontent-cdg4-3.cdninstagram.com&_nc_ss=7b6a8&oh=00_Af5N9z7esOEdSVvrN-TjKlhnIDIcuY_3BLiHYNfcmMyDCw&oe=69FE8D21,ciru_zzz10,https://www.instagram.com/ciru_zzz10,Confettura di albicocca #prodottomisteriosopenny #accettoregolamento #holettoprivacypolicy,0,0,2026-05-03T01:09:34.000Z,18069145271477933,62809118769,2026-05-04T16:13:50.098Z,https://www.instagram.com/p/DXotHFAjcSM
https://scontent-cdg6-1.cdninstagram.com/v/t51.2885-19/431775007_7113538155398728_156520874380022326_n.jpg?stp=dst-jpg_s150x150_tt6&_nc_cat=105&ccb=7-5&_nc_sid=f7ccc5&efg=eyJ2ZW5jb2RlX3RhZyI6InByb2ZpbGVfcGljLnd3dy4xMDgwLkMzIn0%3D&_nc_ohc=2Zq2nEy_UGkQ7kNvwH73Y-W&_nc_oc=AdqFMb9QNsYa-gHdQS9s6dbK0a5ya94O_ft-H34MT_kj4Gk4dki75hAETQAzyE1AYnk&_nc_zt=24&_nc_ht=scontent-cdg6-1.cdninstagram.com&_nc_ss=7b6a8&oh=00_Af57TNkGnkwC0pqpKBOZbnb4svUrcCHMNsD-UPiWdZdAqQ&oe=69FEA4FA,sonialemoni2,https://www.instagram.com/sonialemoni2,Marmellata senza zucchero dí albicocca#ilprodottomisteriosopenny #accettoregolamento #holettoprivacypolicy,0,0,2026-04-28T21:09:19.000Z,17947637460158378,14353618313,2026-05-04T16:13:50.098Z,https://www.instagram.com/p/DXotHFAjcSM
https://scontent-cdg4-1.cdninstagram.com/v/t51.2885-19/26867418_151870555603951_9198445691641266176_n.jpg?stp=dst-jpg_s150x150_tt6&_nc_cat=108&ccb=7-5&_nc_sid=f7ccc5&efg=eyJ2ZW5jb2RlX3RhZyI6InByb2ZpbGVfcGljLnd3dy4xMDgwLkMzIn0%3D&_nc_ohc=JW6ONyHJYRMQ7kNvwEkUPEq&_nc_oc=AdrhvXtifBKhOjvupOm2uPFlQynCfg096OUPSA0645tpJlktq90HukCX1mXNIKPh46U&_nc_zt=24&_nc_ht=scontent-cdg4-1.cdninstagram.com&_nc_ss=7b6a8&oh=00_Af7QqLeMIpStUpPimGxVJ0BfB8ZSHTg8C30jL4iaPB1Ymw&oe=69FEB27B,grifone_mb,https://www.instagram.com/grifone_mb,Confettura di albicocca senza zuccheri aggiunti #prodottomisteriosoPENNY #accettoregolamento  #holettoprivacypolicy,0,0,2026-04-27T20:12:55.000Z,17962663713099867,1657813480,2026-05-04T16:13:50.098Z,https://www.instagram.com/p/DXotHFAjcSM
https://scontent-cdg4-2.cdninstagram.com/v/t51.2885-19/47586166_2246889548914172_7471762216086142976_n.jpg?stp=dst-jpg_s150x150_tt6&_nc_cat=109&ccb=7-5&_nc_sid=f7ccc5&efg=eyJ2ZW5jb2RlX3RhZyI6InByb2ZpbGVfcGljLnd3dy45MDAuQzMifQ%3D%3D&_nc_ohc=RVUZx1tnZSEQ7kNvwF3XrZT&_nc_oc=Adp7_PIpAPg25GtigH0qSIJcC858_fC0W3c4Q_S0IkccZNaNsOKqGskJuzRWv0GJRhM&_nc_zt=24&_nc_ht=scontent-cdg4-2.cdninstagram.com&_nc_ss=7b6a8&oh=00_Af61CBn28v02kK4wOZAcu_FoBf5-rslZUYXls72OPhXcsQ&oe=69FE984B,ilaria.capuo,https://www.instagram.com/ilaria.capuo,Confettura di albicocche senza zuccheri aggiunti #ilprodottomisteriosopenny #accettoilregolamento #holettoprivacypolicy,0,0,2026-04-28T05:39:19.000Z,18097667237108946,9301428684,2026-05-04T16:13:50.098Z,https://www.instagram.com/p/DXotHFAjcSM
https://scontent-cdg4-1.cdninstagram.com/v/t51.2885-19/340670748_170566189247308_1339014084676175907_n.jpg?stp=dst-jpg_s150x150_tt6&_nc_cat=110&ccb=7-5&_nc_sid=f7ccc5&efg=eyJ2ZW5jb2RlX3RhZyI6InByb2ZpbGVfcGljLnd3dy4xMDgwLkMzIn0%3D&_nc_ohc=fbRxcplfFM0Q7kNvwEhyuHF&_nc_oc=AdosY46WspSDHbUDN3uAwLT2ejR5hMwRpejTJ5itvR-19JylQQrvEcM6DIKmqIeTn9s&_nc_zt=24&_nc_ht=scontent-cdg4-1.cdninstagram.com&_nc_ss=7b6a8&oh=00_Af4WXw65HAvdbfT1trpaNH-fD4c63jTsqrK7fdGr_qInXg&oe=69FE7C5A,clo9659,https://www.instagram.com/clo9659,Confettura di albicocca senza zuccheri aggiunti #prodottomisteriosoPENNY #accettoregolamento #holettoprivacypolicy,0,0,2026-04-27T20:26:12.000Z,17985918044976055,12367414317,2026-05-04T16:13:50.098Z,https://www.instagram.com/p/DXotHFAjcSM
https://scontent-cdg4-2.cdninstagram.com/v/t51.82787-19/661381852_18580301122020722_4633986419714658888_n.jpg?stp=dst-jpg_s150x150_tt6&_nc_cat=107&ccb=7-5&_nc_sid=f7ccc5&efg=eyJ2ZW5jb2RlX3RhZyI6InByb2ZpbGVfcGljLnd3dy4xMDgwLkMzIn0%3D&_nc_ohc=MIggAtwNtlUQ7kNvwFkfoov&_nc_oc=AdoRi_zrQgxEgMS-umdUVQz_w0ckKYFGk2g4h2vXIv3Ura9O-iafzFO124uZHOTLD8Q&_nc_zt=24&_nc_ht=scontent-cdg4-2.cdninstagram.com&_nc_gid=4s8_OQRLA6HJbsL-qXkVfQ&_nc_ss=7b6a8&oh=00_Af7hcLA-wh2OM4qWNi1riJAK6-9jj-rnhHNN41RvXY7UuA&oe=69FE84E6,luna.fazio,https://www.instagram.com/luna.fazio,confettura di albicocca senza zuccheri aggiunti #ilprodottomisteriosopenny #accettoregolamento #holettoprivacypolicy,0,0,2026-04-28T04:45:33.000Z,18077979350560518,474580721,2026-05-04T16:13:50.098Z,https://www.instagram.com/p/DXotHFAjcSM
https://scontent-cdg6-1.cdninstagram.com/v/t51.82787-19/539897087_18292411933267762_7815677503549422989_n.jpg?stp=dst-jpg_s150x150_tt6&_nc_cat=106&ccb=7-5&_nc_sid=f7ccc5&efg=eyJ2ZW5jb2RlX3RhZyI6InByb2ZpbGVfcGljLnd3dy4xMDgwLkMzIn0%3D&_nc_ohc=FPznEHCdIpsQ7kNvwECD0_7&_nc_oc=AdpmK52bJFYCHZfZm2YA6nVUPDTM2_EfDS4RydUBzr_bTlTM9Cibaxw2uf8shWDy5Jo&_nc_zt=24&_nc_ht=scontent-cdg6-1.cdninstagram.com&_nc_gid=4s8_OQRLA6HJbsL-qXkVfQ&_nc_ss=7b6a8&oh=00_Af7Ws27ouakfgKG629SmA0tz99MGuoZhmYyVlbw43pWnPQ&oe=69FE9E28,elisa.ferdinandi,https://www.instagram.com/elisa.ferdinandi,Confettura di albicocche senza zuccheri aggiunti. #ilprodottomisteriosopenny #accettoregolamento #holettoprivacypolicy,0,0,2026-04-27T17:59:58.000Z,18106274467930008,8122011761,2026-05-04T16:13:50.098Z,https://www.instagram.com/p/DXotHFAjcSM
https://scontent-cdg4-1.cdninstagram.com/v/t51.2885-19/401683934_1389903241627742_3652906485552257298_n.jpg?stp=dst-jpg_s150x150_tt6&_nc_cat=104&ccb=7-5&_nc_sid=f7ccc5&efg=eyJ2ZW5jb2RlX3RhZyI6InByb2ZpbGVfcGljLnd3dy4xMDgwLkMzIn0%3D&_nc_ohc=DfOMP0wD1lsQ7kNvwF-nOQy&_nc_oc=AdpLhNed3Gc0QNbLCfBifJsdzLJlfTCCgUxoqzUBJ0CdS8pc0ypGtRlOa_icdy3iYxo&_nc_zt=24&_nc_ht=scontent-cdg4-1.cdninstagram.com&_nc_ss=7b6a8&oh=00_Af7RXKzVrH4U6-4YvFPKG8Fsdzh7Ctnz5dYja3CCGwp6uQ&oe=69FE9CDD,brujaloca08,https://www.instagram.com/brujaloca08,Confettura di albicocca senza zuccheri aggiunti #ilprodottomisteriosopenny #accettoilregolamento #holettoprivacypolicy,0,0,2026-04-28T13:10:07.000Z,18090732010979585,8344637240,2026-05-04T16:14:01.227Z,https://www.instagram.com/p/DXotHFAjcSM
https://scontent-cdg6-1.cdninstagram.com/v/t51.2885-19/21980230_117386265604075_590056587243028480_n.jpg?stp=dst-jpg_s150x150_tt6&_nc_cat=106&ccb=7-5&_nc_sid=f7ccc5&efg=eyJ2ZW5jb2RlX3RhZyI6InByb2ZpbGVfcGljLnd3dy4yNDguQzMifQ%3D%3D&_nc_ohc=WBsbMmAUIuEQ7kNvwFW7Qsu&_nc_oc=AdrVc0HcnKpoiJWhcofg_4lbPMqQhgsxpj01SPW0_i2l0LkPYi2IbSMfbY4eqWAsAfc&_nc_zt=24&_nc_ht=scontent-cdg6-1.cdninstagram.com&_nc_ss=7b6a8&oh=00_Af7w_RCCrIX41SP4b1I0LV5kM92DnOtatUZNsxX7iPcyew&oe=69FE7E65,claudia_cavenati,https://www.instagram.com/claudia_cavenati,Confettura di albicocche senza zuccheri aggiunti #prodottomisteriosopenny #accettoregolamento #holettoprivacypolicy,0,0,2026-04-27T16:52:21.000Z,18134649697536726,1375923516,2026-05-04T16:14:01.227Z,https://www.instagram.com/p/DXotHFAjcSM
https://scontent-cdg6-1.cdninstagram.com/v/t51.89012-19/573323465_1219825463302212_7278921664109726296_n.jpg?stp=dst-jpg_s150x150_tt6&_nc_cat=1&ccb=7-5&_nc_sid=f7ccc5&efg=eyJ2ZW5jb2RlX3RhZyI6InByb2ZpbGVfcGljLnd3dy5DMyJ9&_nc_ohc=Pf4Jx7fI-JMQ7kNvwEdnA1r&_nc_oc=AdrM5ak9ThOqfmCIPi6cg4Jm_5TeInAUOEZd_c63seXXEeGj0StKGP4VtTRRkluVdEU&_nc_zt=24&_nc_ht=scontent-cdg6-1.cdninstagram.com&_nc_gid=R6_w9m6uohprn4IFy8sgng&_nc_ss=7b6a8&oh=00_Af7THXboYyiQrbeG3vOgG7JhosrXmbmi9Bxwt2BMA41rSQ&oe=69FE87E2,mauro_giusi,https://www.instagram.com/mauro_giusi,Confettura di albicocche senza zucchero aggiunto#ilprodottomisteriosopenny #accettoregolamento  #holettoprivacypolicy,0,0,2026-04-28T19:16:13.000Z,17960698743084766,38019756863,2026-05-04T16:14:01.227Z,https://www.instagram.com/p/DXotHFAjcSM
https://scontent-cdg6-1.cdninstagram.com/v/t51.89012-19/573323465_1219825463302212_7278921664109726296_n.jpg?stp=dst-jpg_s150x150_tt6&_nc_cat=1&ccb=7-5&_nc_sid=f7ccc5&efg=eyJ2ZW5jb2RlX3RhZyI6InByb2ZpbGVfcGljLnd3dy5DMyJ9&_nc_ohc=Pf4Jx7fI-JMQ7kNvwEdnA1r&_nc_oc=AdrM5ak9ThOqfmCIPi6cg4Jm_5TeInAUOEZd_c63seXXEeGj0StKGP4VtTRRkluVdEU&_nc_zt=24&_nc_ht=scontent-cdg6-1.cdninstagram.com&_nc_gid=R6_w9m6uohprn4IFy8sgng&_nc_ss=7b6a8&oh=00_Af7THXboYyiQrbeG3vOgG7JhosrXmbmi9Bxwt2BMA41rSQ&oe=69FE87E2,marcorosypace,https://www.instagram.com/marcorosypace,Confettura di albicocche senza zuccheri aggiunti #ilprodottomisteriosopenny #accettoilregolamento #holettoprivacypolicy,0,0,2026-04-28T12:26:37.000Z,18102846217964619,8446438044,2026-05-04T16:14:01.227Z,https://www.instagram.com/p/DXotHFAjcSM
https://scontent-cdg4-1.cdninstagram.com/v/t51.82787-19/537019990_18520335916045035_5740055643626948639_n.jpg?stp=dst-jpg_s150x150_tt6&_nc_cat=108&ccb=7-5&_nc_sid=f7ccc5&efg=eyJ2ZW5jb2RlX3RhZyI6InByb2ZpbGVfcGljLnd3dy4xMDgwLkMzIn0%3D&_nc_ohc=i_DN28Vg28IQ7kNvwGZ0Dep&_nc_oc=AdpmCDjU2Ze9bbhv_nNo3tvi3CMKfC0t_MVpLkB0mPTqXiO7HV5O-Or_SQ0YGaV7AqE&_nc_zt=24&_nc_ht=scontent-cdg4-1.cdninstagram.com&_nc_gid=R6_w9m6uohprn4IFy8sgng&_nc_ss=7b6a8&oh=00_Af4hk9VjZiEcrRTY3rCWWSQkGtO-GAviNH7nx1gBU5MaXQ&oe=69FEA870,marypontuti,https://www.instagram.com/marypontuti,Confettura di albicocche senza zuccheri aggiunti #prodottomisteriosopenny #accettoregolamento #holettoprivacypolicy,0,0,2026-04-27T17:27:53.000Z,18066249248364451,11117034,2026-05-04T16:14:01.227Z,https://www.instagram.com/p/DXotHFAjcSM
https://scontent-cdg4-1.cdninstagram.com/v/t51.2885-19/391411572_306097398825791_7527256505985685803_n.jpg?stp=dst-jpg_s150x150_tt6&_nc_cat=104&ccb=7-5&_nc_sid=f7ccc5&efg=eyJ2ZW5jb2RlX3RhZyI6InByb2ZpbGVfcGljLnd3dy40MDkuQzMifQ%3D%3D&_nc_ohc=HSVxlHXxeb8Q7kNvwGaYuwh&_nc_oc=AdrjtkZ10oywuuY6vPspyVz6zTnM9lxCWC7hqiKPq9kY-GefB1AcdsJJX6ONGZspc-A&_nc_zt=24&_nc_ht=scontent-cdg4-1.cdninstagram.com&_nc_ss=7b6a8&oh=00_Af5NX5fv-ulVfx9Q2kTdEPmcKvvIahsymHARLynVwV34YA&oe=69FEA6C6,destefanoraffaela,https://www.instagram.com/destefanoraffaela,#ilprodottomisteriosopenny #accettoregolamento #holettoprivacypolicy penso sia il burro d'arachidi quello con tappo o blu o rosso!,0,0,2026-04-30T19:15:57.000Z,18097041346894029,10832153172,2026-05-04T16:14:01.227Z,https://www.instagram.com/p/DXotHFAjcSM
https://scontent-cdg4-3.cdninstagram.com/v/t51.2885-19/27890979_1827893734175002_4118129173002715136_n.jpg?stp=dst-jpg_s150x150_tt6&_nc_cat=111&ccb=7-5&_nc_sid=f7ccc5&efg=eyJ2ZW5jb2RlX3RhZyI6InByb2ZpbGVfcGljLnd3dy4xMDgwLkMzIn0%3D&_nc_ohc=WTyIg6Eto74Q7kNvwFanK0S&_nc_oc=AdpOnaRB_emYkRfQmYrBegrkEW-FHrytOvMKdgoNJL1oWNg-vGN_qejRStetq1N4b4w&_nc_zt=24&_nc_ht=scontent-cdg4-3.cdninstagram.com&_nc_ss=7b6a8&oh=00_Af4xcnhOpsJ37Y_gB6-SRKZguf0FxnPm-hVwqdWrl_MHaA&oe=69FE7D59,nerinoandwind,https://www.instagram.com/nerinoandwind,Confettura di albicocche senza zuccheri aggiunti #prodottomisteriosopenny #accettoregolamento #holettoprivacypolicy,0,0,2026-04-27T17:57:32.000Z,18049450025741376,3929036760,2026-05-04T16:14:01.227Z,https://www.instagram.com/p/DXotHFAjcSM
https://scontent-cdg4-1.cdninstagram.com/v/t51.82787-19/588838570_18544140616047957_4391852488236112431_n.jpg?stp=dst-jpg_s150x150_tt6&_nc_cat=102&ccb=7-5&_nc_sid=f7ccc5&efg=eyJ2ZW5jb2RlX3RhZyI6InByb2ZpbGVfcGljLnd3dy4xMDgwLkMzIn0%3D&_nc_ohc=JKlZ__Q98pkQ7kNvwHWhfGU&_nc_oc=AdpGZSri5pWfNNA6BkNm-H_hwt7SPi-MLQeVW_aPm09NLdp1acmoJgweySqkw10gZ3g&_nc_zt=24&_nc_ht=scontent-cdg4-1.cdninstagram.com&_nc_gid=R6_w9m6uohprn4IFy8sgng&_nc_ss=7b6a8&oh=00_Af5ziVOaWjHzfykQjK0umqjwYzrNlz5dAH9F71PWz15WeA&oe=69FEAD25,carmeladanise,https://www.instagram.com/carmeladanise,Marmellata di albicocche senza zuccheri aggiunti #ilprodottomisteriosopenny #accettoregolamento #holettoprivacypolicy,0,0,2026-04-28T14:11:18.000Z,18114130480768405,1443631956,2026-05-04T16:14:01.227Z,https://www.instagram.com/p/DXotHFAjcSM
https://scontent-cdg4-1.cdninstagram.com/v/t51.2885-19/32654029_183231322498525_756723450294304768_n.jpg?stp=dst-jpg_s150x150_tt6&_nc_cat=110&ccb=7-5&_nc_sid=f7ccc5&efg=eyJ2ZW5jb2RlX3RhZyI6InByb2ZpbGVfcGljLnd3dy4zMjAuQzMifQ%3D%3D&_nc_ohc=FUdveEYS8uMQ7kNvwGZX1qO&_nc_oc=Adqvjjg-BcP2pfI0TD10E5aFbdzjhLdIf0yLhNe4QFjVeLVRi1BeG_G90MMyS3yTUtc&_nc_zt=24&_nc_ht=scontent-cdg4-1.cdninstagram.com&_nc_ss=7b6a8&oh=00_Af7n8MLPE5myeTs9DC2lUCh7bOR_vuNk4_UGf7dNEWPfxQ&oe=69FEB075,cliath5,https://www.instagram.com/cliath5,Confettura di albicocche senza zuccheri aggiunti #ilprodottomisteriosopenny #accettoilregolamento #holettoprivacypolicy,0,0,2026-04-28T13:25:45.000Z,18080091149632122,512783245,2026-05-04T16:14:01.227Z,https://www.instagram.com/p/DXotHFAjcSM
https://scontent-cdg4-3.cdninstagram.com/v/t51.2885-19/58409998_2378492482169233_7873025741942685696_n.jpg?stp=dst-jpg_s150x150_tt6&_nc_cat=111&ccb=7-5&_nc_sid=f7ccc5&efg=eyJ2ZW5jb2RlX3RhZyI6InByb2ZpbGVfcGljLnd3dy4xMDgwLkMzIn0%3D&_nc_ohc=6uQ_PeeLmeYQ7kNvwG5Av0S&_nc_oc=Ado2o9QiAVaJ7AuTJoiaC1EC2bfuVaib_NmANSE_YV32s7l2i5-DX7E2sDY4YvcU88c&_nc_zt=24&_nc_ht=scontent-cdg4-3.cdninstagram.com&_nc_ss=7b6a8&oh=00_Af41KxBUiXpsGL6WKRYlFaupSVWp7flROeh95oGAlVSvNg&oe=69FE8AA0,i_dolci_di_virgola,https://www.instagram.com/i_dolci_di_virgola,Confettura di albicocche senza zuccheri aggiunti #ilprodottomisteriosopenny #accettoilregolamento #holettoprivacypolicy,0,0,2026-04-28T13:24:37.000Z,17883015051397868,13556912684,2026-05-04T16:14:01.227Z,https://www.instagram.com/p/DXotHFAjcSM
https://scontent-cdg4-1.cdninstagram.com/v/t51.82787-19/624976925_18105297400790510_779339098087577773_n.jpg?stp=dst-jpg_s150x150_tt6&_nc_cat=102&ccb=7-5&_nc_sid=f7ccc5&efg=eyJ2ZW5jb2RlX3RhZyI6InByb2ZpbGVfcGljLnd3dy4xMDgwLkMzIn0%3D&_nc_ohc=anm6URjQ8isQ7kNvwENpUwV&_nc_oc=Adq4fOVDAefkKYYDlj3Esfb1le0Lzkv5Hmt0lhVYxXlKyEeKk1tRAz70IfrC4Sk2uMg&_nc_zt=24&_nc_ht=scontent-cdg4-1.cdninstagram.com&_nc_gid=R6_w9m6uohprn4IFy8sgng&_nc_ss=7b6a8&oh=00_Af7ZbPMjpNKTuBDBb3ddzX_Pg2hlLzk1uc26IGBQEZGz1g&oe=69FE8FEC,elebranca74,https://www.instagram.com/elebranca74,"Confettura di abicocche o pesche senza ,zuccheri aggiunti",0,0,2026-04-29T22:54:11.000Z,17865063456548128,23669270509,2026-05-04T16:14:01.227Z,https://www.instagram.com/p/DXotHFAjcSM
https://scontent-cdg4-2.cdninstagram.com/v/t51.2885-19/311998211_1829749664084213_8127340410902327901_n.jpg?stp=dst-jpg_s150x150_tt6&_nc_cat=101&ccb=7-5&_nc_sid=f7ccc5&efg=eyJ2ZW5jb2RlX3RhZyI6InByb2ZpbGVfcGljLnd3dy42NDAuQzMifQ%3D%3D&_nc_ohc=cw2evgFmuZ8Q7kNvwFaAvSU&_nc_oc=AdrGsrMRFsudPx8DXb3GweUJoV37c2Myz5VeIPjF8LdKoga2Xd97jdcZRp4i94dluAc&_nc_zt=24&_nc_ht=scontent-cdg4-2.cdninstagram.com&_nc_ss=7b6a8&oh=00_Af7LKcW4Kpu_-AxO2Dq-4Q2n07NpxVdpaBsSgRBMhSuWMQ&oe=69FE9868,danielaaconcas,https://www.instagram.com/danielaaconcas,Confettura di albicocche senza zuccheri aggiunti wellness #prodottomisteriosopenny #accettoregolamento #holettoprivacypolicy,0,0,2026-04-28T14:04:02.000Z,18080952131573565,8353987477,2026-05-04T16:14:01.227Z,https://www.instagram.com/p/DXotHFAjcSM
https://scontent-cdg4-1.cdninstagram.com/v/t51.2885-19/436268656_1148599459645851_4304672672521215412_n.jpg?stp=dst-jpg_s150x150_tt6&_nc_cat=110&ccb=7-5&_nc_sid=f7ccc5&efg=eyJ2ZW5jb2RlX3RhZyI6InByb2ZpbGVfcGljLnd3dy4xMDgwLkMzIn0%3D&_nc_ohc=ZOfdSoy41X8Q7kNvwG5KSxs&_nc_oc=AdrVSJYmJDClYX3CLqB72k8qxr8TOqy6vMNDNCk5KmPhTyCtoOwQs67D6gIHUsmC_Zs&_nc_zt=24&_nc_ht=scontent-cdg4-1.cdninstagram.com&_nc_ss=7b6a8&oh=00_Af66rXIue4DPDylh1NWpkwFs0AiHmdeHt4imTOedKYmmkw&oe=69FEB122,rossella.esposito,https://www.instagram.com/rossella.esposito,Marmellata di albicocche senza zuccheri aggiunti #ilprodottomisteriosopenny #accettoregolamento #holettoprivacypolicy,0,0,2026-04-28T19:22:27.000Z,18132124804483675,1417334422,2026-05-04T16:14:01.227Z,https://www.instagram.com/p/DXotHFAjcSM
https://scontent-cdg6-1.cdninstagram.com/v/t51.2885-19/77405459_741506556340446_2055325156045225984_n.jpg?stp=dst-jpg_s150x150_tt6&_nc_cat=103&ccb=7-5&_nc_sid=f7ccc5&efg=eyJ2ZW5jb2RlX3RhZyI6InByb2ZpbGVfcGljLnd3dy4xMDgwLkMzIn0%3D&_nc_ohc=85oC0zKFtqsQ7kNvwE0Lc7Z&_nc_oc=AdoIOWVeiVoFfsfGhqUj9bPUUhhTGYjCur3Hd5vRxHUpkw_85sqlrzk_Vvtg44VndGk&_nc_zt=24&_nc_ht=scontent-cdg6-1.cdninstagram.com&_nc_ss=7b6a8&oh=00_Af6trxIHJThTNtcLo0aDSFMJGcsUGMxZM0qTvc46ZVmZKg&oe=69FEAC5D,nadia.lombardo.167,https://www.instagram.com/nadia.lombardo.167,Yogurt greco pesca#ilprodottomisteriosopenny#accettoregolamento#holettoprivacypolicy,0,0,2026-04-27T18:56:43.000Z,18078846755547390,22862277400,2026-05-04T16:14:01.227Z,https://www.instagram.com/p/DXotHFAjcSM
https://scontent-cdg6-1.cdninstagram.com/v/t51.2885-19/405782730_3192491017720123_7424918943880807469_n.jpg?stp=dst-jpg_s150x150_tt6&_nc_cat=106&ccb=7-5&_nc_sid=f7ccc5&efg=eyJ2ZW5jb2RlX3RhZyI6InByb2ZpbGVfcGljLnd3dy4xMDgwLkMzIn0%3D&_nc_ohc=QL8j23jy0v8Q7kNvwFPi5CY&_nc_oc=AdqsZhfqehZjYpTJW7JA3Fvq4fJWoGdBd3BKh0P7O9X1ZBKxvWXoiBkKvlq35djzOjs&_nc_zt=24&_nc_ht=scontent-cdg6-1.cdninstagram.com&_nc_ss=7b6a8&oh=00_Af5u6q3qS07lxDIdTL5Q29IRNDEUg1IZbNlllUDdl7U-9A&oe=69FEB0A1,saradosse278,https://www.instagram.com/saradosse278,Confettura di albicocca  senza zuccheri aggiunti #ilprodottomisteriosopenny #accettoregolamento #holettoprivacypolicy,0,0,2026-04-27T19:17:57.000Z,18019421834831842,63464623704,2026-05-04T16:14:01.227Z,https://www.instagram.com/p/DXotHFAjcSM
https://scontent-cdg4-1.cdninstagram.com/v/t51.2885-19/71049059_543993319706449_4271292139184324608_n.jpg?stp=dst-jpg_s150x150_tt6&_nc_cat=104&ccb=7-5&_nc_sid=f7ccc5&efg=eyJ2ZW5jb2RlX3RhZyI6InByb2ZpbGVfcGljLnd3dy4xMDgwLkMzIn0%3D&_nc_ohc=Tvr6AoGTqFEQ7kNvwH5dCi5&_nc_oc=Adq0kzStTgUiYqD9hYMqcUhHLRD9aO2ZRu8zmKX6h-L0Ed1H_ZS7gBcpiDOBML3_uRc&_nc_zt=24&_nc_ht=scontent-cdg4-1.cdninstagram.com&_nc_ss=7b6a8&oh=00_Af4MCZBbc-hiUPTD79UjF8j4AK-czVf3PbmouwmfJI74Pg&oe=69FE7C7E,eleonora.zappa,https://www.instagram.com/eleonora.zappa,Confettura di albicocca Welles senza zuccheri aggiunti #ilprodottomisteriosoPENNY #accettoregolamento #holettoprivacypolicy,0,0,2026-04-30T20:04:37.000Z,17995436243774804,4242617658,2026-05-04T16:14:12.661Z,https://www.instagram.com/p/DXotHFAjcSM
https://scontent-cdg6-1.cdninstagram.com/v/t51.89012-19/573323465_1219825463302212_7278921664109726296_n.jpg?stp=dst-jpg_s150x150_tt6&_nc_cat=1&ccb=7-5&_nc_sid=f7ccc5&efg=eyJ2ZW5jb2RlX3RhZyI6InByb2ZpbGVfcGljLnd3dy5DMyJ9&_nc_ohc=Pf4Jx7fI-JMQ7kNvwEdnA1r&_nc_oc=AdrM5ak9ThOqfmCIPi6cg4Jm_5TeInAUOEZd_c63seXXEeGj0StKGP4VtTRRkluVdEU&_nc_zt=24&_nc_ht=scontent-cdg6-1.cdninstagram.com&_nc_gid=rkAGl1KWmPtMZniuVzJhcw&_nc_ss=7b6a8&oh=00_Af6jHTsOYCeDS0Tsx7ETYfCx7vYV-lu-gSiOJ-ynf6mpfg&oe=69FE87E2,marlu1944,https://www.instagram.com/marlu1944,confettura di albicocca senza zucchero #ilprodottomisteriosoPENNY #accettoregolamento #holettoprivacypolicy,0,0,2026-04-29T20:56:54.000Z,17885781324533279,31612408097,2026-05-04T16:14:12.661Z,https://www.instagram.com/p/DXotHFAjcSM
https://scontent-cdg6-1.cdninstagram.com/v/t51.82787-19/554876756_18481887571073047_5890921603979502591_n.jpg?stp=dst-jpg_s150x150_tt6&_nc_cat=105&ccb=7-5&_nc_sid=f7ccc5&efg=eyJ2ZW5jb2RlX3RhZyI6InByb2ZpbGVfcGljLnd3dy44OTYuQzMifQ%3D%3D&_nc_ohc=7tvocI6JoZsQ7kNvwF0t_eY&_nc_oc=AdolxPgegtzr6OJbsZGWfkIna4un2a3IZfTtAernVEVAgWxgu_E7zabGIMByr9hBvSk&_nc_zt=24&_nc_ht=scontent-cdg6-1.cdninstagram.com&_nc_gid=rkAGl1KWmPtMZniuVzJhcw&_nc_ss=7b6a8&oh=00_Af6jgo1UF5Rx7zvS9H1-1L8SVg0_JCa_k6aBo0lmQ5pj8A&oe=69FEA451,paolamark66,https://www.instagram.com/paolamark66,Marmellata di albicocche.  #ilprodottomisteriosopenny  #accettoregolamento  #holettoprivacypolicy,0,0,2026-04-30T04:16:43.000Z,18021677294655314,2206393046,2026-05-04T16:14:12.661Z,https://www.instagram.com/p/DXotHFAjcSM
https://scontent-cdg4-1.cdninstagram.com/v/t51.82787-19/589118650_18541110214054704_6550306527238038221_n.jpg?stp=dst-jpg_s150x150_tt6&_nc_cat=110&ccb=7-5&_nc_sid=f7ccc5&efg=eyJ2ZW5jb2RlX3RhZyI6InByb2ZpbGVfcGljLnd3dy4xMDgwLkMzIn0%3D&_nc_ohc=45UXdAMkL8AQ7kNvwF3NfYt&_nc_oc=AdqexYlKRGbFYIWfccjOBJ95gG-k_diViaWvkt5FfrLtkS0xx7RDmxv2Y3C4R4YWSL4&_nc_zt=24&_nc_ht=scontent-cdg4-1.cdninstagram.com&_nc_gid=rkAGl1KWmPtMZniuVzJhcw&_nc_ss=7b6a8&oh=00_Af7ZfMspIftOPu1cCTlhJOVHm5tqenUxPbJP4TTrH7E-Jg&oe=69FE8508,picci77,https://www.instagram.com/picci77,Confettura di albicocca senza zucchero #prodottomisteriosopenny #holettoprivacypolicy #accettoregolamento,0,0,2026-04-27T18:47:00.000Z,18101614678985613,402998703,2026-05-04T16:14:12.661Z,https://www.instagram.com/p/DXotHFAjcSM
https://scontent-cdg6-1.cdninstagram.com/v/t51.75761-19/491460761_18368231197120516_5829826418605379640_n.jpg?stp=dst-jpg_s150x150_tt6&_nc_cat=105&ccb=7-5&_nc_sid=f7ccc5&efg=eyJ2ZW5jb2RlX3RhZyI6InByb2ZpbGVfcGljLnd3dy4xMDgwLkMzIn0%3D&_nc_ohc=uUQ03Z0_UIsQ7kNvwHo9YL0&_nc_oc=Adpx-lZB4jiGPOgQgiwEzET15J100SPy39HcLBcwUxabK7KkVA2lpvlr5rongUZ6Gbg&_nc_zt=24&_nc_ht=scontent-cdg6-1.cdninstagram.com&_nc_gid=rkAGl1KWmPtMZniuVzJhcw&_nc_ss=7b6a8&oh=00_Af6CkV3PlCxlMkGIyMwxOmqiNfAxX6-AVVi2MnXGV1l-Bg&oe=69FEA034,rominanavarra,https://www.instagram.com/rominanavarra,Confettura di albicocca senza zuccheri aggiunti #ilprodottomisteriosopenny #accettoregolamento #holettoprivacypolicy,0,0,2026-04-27T20:18:26.000Z,18035924798603720,3678752515,2026-05-04T16:14:12.661Z,https://www.instagram.com/p/DXotHFAjcSM
https://scontent-cdg4-3.cdninstagram.com/v/t51.2885-19/285334547_1694045180956426_6466914137137364365_n.jpg?stp=dst-jpg_s150x150_tt6&_nc_cat=111&ccb=7-5&_nc_sid=f7ccc5&efg=eyJ2ZW5jb2RlX3RhZyI6InByb2ZpbGVfcGljLnd3dy42MzUuQzMifQ%3D%3D&_nc_ohc=23DW3McqjxIQ7kNvwEhT2R7&_nc_oc=Adr5dBqUqG0QlUh_VPwtjV9X9jpDKE82XHyHsEwyV8CZ821Fs_A3IR_kPPt_AiTGARI&_nc_zt=24&_nc_ht=scontent-cdg4-3.cdninstagram.com&_nc_ss=7b6a8&oh=00_Af6dykgjS_FGrI2oj2P5uy_xcdLbJmp6Ho3qLtjSTFMajA&oe=69FE8A7E,flo.benessere,https://www.instagram.com/flo.benessere,Hummus di zucca #prodottomisteriosopenny #accettoregolamento #holettoprivacypolicy,0,0,2026-04-29T12:34:27.000Z,18115223482757456,53766292336,2026-05-04T16:14:12.661Z,https://www.instagram.com/p/DXotHFAjcSM
https://scontent-cdg6-1.cdninstagram.com/v/t51.82787-19/643554968_18570743140000198_2551001699642757482_n.jpg?stp=dst-jpg_s150x150_tt6&_nc_cat=103&ccb=7-5&_nc_sid=f7ccc5&_nc_aid=0&efg=eyJ2ZW5jb2RlX3RhZyI6InByb2ZpbGVfcGljLnd3dy4zMjAuQzMifQ%3D%3D&_nc_ohc=01NECq5ERGAQ7kNvwGeM187&_nc_oc=Adr9Nv1TLUjL-xukAXWm5-xpYYPieRP3ls_YRLztvrE-Z3VnpyVR65r6nM4XljWAPOU&_nc_zt=24&_nc_ht=scontent-cdg6-1.cdninstagram.com&_nc_gid=rkAGl1KWmPtMZniuVzJhcw&_nc_ss=7b6a8&oh=00_Af70nlRmiyDPvKpIsOv9FSiUweZme2AUojz7x2_15K8qNA&oe=69FEB43E,alessandro050693,https://www.instagram.com/alessandro050693,Hummus di zucca  #prodottomisteriosopenny #accettoregolamento #holettoprivacypolicy,0,0,2026-04-29T12:23:54.000Z,18069807350422640,1124928197,2026-05-04T16:14:12.661Z,https://www.instagram.com/p/DXotHFAjcSM
https://scontent-cdg4-1.cdninstagram.com/v/t51.2885-19/273174144_465697485105262_8866187101312907746_n.jpg?stp=dst-jpg_s150x150_tt6&_nc_cat=102&ccb=7-5&_nc_sid=f7ccc5&efg=eyJ2ZW5jb2RlX3RhZyI6InByb2ZpbGVfcGljLnd3dy42MjQuQzMifQ%3D%3D&_nc_ohc=etZguTQyMAEQ7kNvwEIC0j2&_nc_oc=Adq6j3kAU8iDnaTPszt2W3y-0xDlVbd1TkBjMLjIT-Sw91wR_t0znP5qN-EAmMYvc-s&_nc_zt=24&_nc_ht=scontent-cdg4-1.cdninstagram.com&_nc_ss=7b6a8&oh=00_Af7sZvK__a5OMchj2NnZiJ1PuS1oeYVTc--qbqd1nfuRNQ&oe=69FE93D6,flo.fitandbeauty,https://www.instagram.com/flo.fitandbeauty,Hummus di zucca #prodottomisteriosopenny #accettoregolamento #holettoprivacypolicy,0,0,2026-04-29T13:29:20.000Z,18102954469785069,51887401590,2026-05-04T16:14:12.661Z,https://www.instagram.com/p/DXotHFAjcSM
https://scontent-cdg6-1.cdninstagram.com/v/t51.2885-19/475643336_1323096248716295_4530566391702417454_n.jpg?stp=dst-jpg_s150x150_tt6&_nc_cat=105&ccb=7-5&_nc_sid=f7ccc5&efg=eyJ2ZW5jb2RlX3RhZyI6InByb2ZpbGVfcGljLnd3dy4xMDgwLkMzIn0%3D&_nc_ohc=hz1nvRVaLBkQ7kNvwEnCh1G&_nc_oc=AdolUZbiM3xh6cUmpZPEfw4dj1eb7pFqcpdR8paIHdn1lLy5FCmDYpXKcuqts7rN9c4&_nc_zt=24&_nc_ht=scontent-cdg6-1.cdninstagram.com&_nc_ss=7b6a8&oh=00_Af49-DgUXo1Z_Uqst6g2_tjslpiLJXzkTBXdNSLKJilNpA&oe=69FE9613,charlottehome11,https://www.instagram.com/charlottehome11,Confettura di albicocca senza zucchero #ilprodottomisteriosopenny #accettoregolamento #holettoprivacypolicy,0,0,2026-04-28T03:34:42.000Z,18117083638668181,44374053668,2026-05-04T16:14:12.661Z,https://www.instagram.com/p/DXotHFAjcSM
https://scontent-cdg4-1.cdninstagram.com/v/t51.2885-19/279239977_300951935546514_2622773776417377625_n.jpg?stp=dst-jpg_s150x150_tt6&_nc_cat=104&ccb=7-5&_nc_sid=f7ccc5&efg=eyJ2ZW5jb2RlX3RhZyI6InByb2ZpbGVfcGljLnd3dy40NzQuQzMifQ%3D%3D&_nc_ohc=2yuzcMGOe8UQ7kNvwHSMeOw&_nc_oc=AdrMBzimEAOgVy5HOCgoAL9seJV6758zPhFMcxRx9UWO4WHP7Jgmb1UoLiCatjLzb9s&_nc_zt=24&_nc_ht=scontent-cdg4-1.cdninstagram.com&_nc_ss=7b6a8&oh=00_Af5l1g-hMX9lnXCqCQ3ZirBYsaCi-LkMmkx8pSItL2TK0Q&oe=69FE976B,massari480,https://www.instagram.com/massari480,Confettura di albicocca senza zuccheri #il prodottomisteriosopenny #accettoilregolamento #holettoprivacypolicy,0,0,2026-04-28T11:39:32.000Z,17923212369321966,45377780140,2026-05-04T16:14:12.661Z,https://www.instagram.com/p/DXotHFAjcSM
https://scontent-cdg6-1.cdninstagram.com/v/t51.89012-19/573323465_1219825463302212_7278921664109726296_n.jpg?stp=dst-jpg_s150x150_tt6&_nc_cat=1&ccb=7-5&_nc_sid=f7ccc5&efg=eyJ2ZW5jb2RlX3RhZyI6InByb2ZpbGVfcGljLnd3dy5DMyJ9&_nc_ohc=Pf4Jx7fI-JMQ7kNvwEdnA1r&_nc_oc=AdrM5ak9ThOqfmCIPi6cg4Jm_5TeInAUOEZd_c63seXXEeGj0StKGP4VtTRRkluVdEU&_nc_zt=24&_nc_ht=scontent-cdg6-1.cdninstagram.com&_nc_gid=rkAGl1KWmPtMZniuVzJhcw&_nc_ss=7b6a8&oh=00_Af6jHTsOYCeDS0Tsx7ETYfCx7vYV-lu-gSiOJ-ynf6mpfg&oe=69FE87E2,giuseppe119_2,https://www.instagram.com/giuseppe119_2,Confettura di albicocche senza zuccheri aggiunti #prodottomisteriosopenny #accettoregolamento #holettoprivacypolicy,0,0,2026-04-28T01:19:58.000Z,17972137434032734,70778095455,2026-05-04T16:14:12.661Z,https://www.instagram.com/p/DXotHFAjcSM
https://scontent-cdg4-2.cdninstagram.com/v/t51.2885-19/42448257_1701048266684138_8153186535970177024_n.jpg?stp=dst-jpg_s150x150_tt6&_nc_cat=109&ccb=7-5&_nc_sid=f7ccc5&efg=eyJ2ZW5jb2RlX3RhZyI6InByb2ZpbGVfcGljLnd3dy43NTAuQzMifQ%3D%3D&_nc_ohc=nAh60C6L8S8Q7kNvwEGGigY&_nc_oc=AdoHnQ0dArFJDFW6B8kn6WoWFWXUwGHMp9EjWGY4vXtXAnmZP8ppKBwtE3-dCc9sODQ&_nc_zt=24&_nc_ht=scontent-cdg4-2.cdninstagram.com&_nc_ss=7b6a8&oh=00_Af4jtpi6BatX4sv1SG8IMLh4Gb9WEPK0LF-Gm1uTBwSnew&oe=69FE7E56,manu180671,https://www.instagram.com/manu180671,Confettura di albicocche senza zuccheri aggiunti #prodottomisteriosopenny #accettoregolamento #holettoprivacypolicy,0,0,2026-04-28T09:11:59.000Z,18091689002267004,224279915,2026-05-04T16:14:12.661Z,https://www.instagram.com/p/DXotHFAjcSM
https://scontent-cdg4-1.cdninstagram.com/v/t51.82787-19/587478279_18371375860082452_7907401746640951708_n.jpg?stp=dst-jpg_s150x150_tt6&_nc_cat=104&ccb=7-5&_nc_sid=f7ccc5&efg=eyJ2ZW5jb2RlX3RhZyI6InByb2ZpbGVfcGljLnd3dy4xMDgwLkMzIn0%3D&_nc_ohc=QCL4U_a7fjwQ7kNvwFWTf_Z&_nc_oc=Adpxn6kAMr_Fh0r_s5wCpvsB3s2851_rHYq2WgzTlYX0DZryyq2FG99xtLnN_A-2_ns&_nc_zt=24&_nc_ht=scontent-cdg4-1.cdninstagram.com&_nc_gid=rkAGl1KWmPtMZniuVzJhcw&_nc_ss=7b6a8&oh=00_Af7Tp7YtR272SNNMJZUmAq_8yb6ctA-2aLktq4_ug-Drdg&oe=69FE98DD,letii.x,https://www.instagram.com/letii.x,"Confettura di albicocca senza zuccheri aggiunti #ilprodottomisteriosopenny
#accettoregolamento
#holettoprivacypolicy",0,0,2026-04-28T11:00:40.000Z,18106516309917741,2437474451,2026-05-04T16:14:12.661Z,https://www.instagram.com/p/DXotHFAjcSM
https://scontent-cdg6-1.cdninstagram.com/v/t51.82787-19/540663642_17983319237889818_4604067632609133380_n.jpg?stp=dst-jpg_s150x150_tt6&_nc_cat=105&ccb=7-5&_nc_sid=f7ccc5&efg=eyJ2ZW5jb2RlX3RhZyI6InByb2ZpbGVfcGljLnd3dy4xMDgwLkMzIn0%3D&_nc_ohc=IaJOVKqUVx0Q7kNvwG__c5n&_nc_oc=AdrK0XP-ca5sxo-V52sTZ5gABqQc25XgjloKOcu0y6B4S-vEgBt9HH6p127c-AYF-WI&_nc_zt=24&_nc_ht=scontent-cdg6-1.cdninstagram.com&_nc_gid=rkAGl1KWmPtMZniuVzJhcw&_nc_ss=7b6a8&oh=00_Af6VusBw9hX1AII-xQQ471OHbaJQEyGm59HEHGher_FWAQ&oe=69FE9E2C,danilo_fotografie,https://www.instagram.com/danilo_fotografie,Confettura di albicocche senza zuccheri aggiunti #prodottomisteriosopenny #accettoregolamento #holettoprivacypolicy,0,0,2026-04-28T09:51:20.000Z,18076340477644574,56796257817,2026-05-04T16:14:12.661Z,https://www.instagram.com/p/DXotHFAjcSM
https://scontent-cdg4-2.cdninstagram.com/v/t51.2885-19/469349306_1499610477393116_5463056702177080219_n.jpg?stp=dst-jpg_s150x150_tt6&_nc_cat=109&ccb=7-5&_nc_sid=f7ccc5&efg=eyJ2ZW5jb2RlX3RhZyI6InByb2ZpbGVfcGljLnd3dy4xMDgwLkMzIn0%3D&_nc_ohc=SV-n-jZ5OdsQ7kNvwHdGfDv&_nc_oc=AdrRCN8uLxVQ8YtDMWEyJYiKrTJFyqtwdhFq-UVRJqwiz8JYdKyGBSsiyl81vst4MYQ&_nc_zt=24&_nc_ht=scontent-cdg4-2.cdninstagram.com&_nc_ss=7b6a8&oh=00_Af7LosH_kUSiJructbHBA5l0gYtwSilHW_03NK6cB997Rw&oe=69FE9BFA,wischywin,https://www.instagram.com/wischywin,marmellata di albicocca#ilprodottomisteriosoPENNY#accettoregolamento#holettoprivacypolicy,0,0,2026-04-29T17:48:43.000Z,18107557598509228,70872415006,2026-05-04T16:14:12.661Z,https://www.instagram.com/p/DXotHFAjcSM
https://scontent-cdg4-2.cdninstagram.com/v/t51.2885-19/363335011_659897995726692_8696205596350816254_n.jpg?stp=dst-jpg_s150x150_tt6&_nc_cat=109&ccb=7-5&_nc_sid=f7ccc5&efg=eyJ2ZW5jb2RlX3RhZyI6InByb2ZpbGVfcGljLnd3dy4xMDgwLkMzIn0%3D&_nc_ohc=WSu1S3XWdRgQ7kNvwFpDwgG&_nc_oc=AdrGYhaN0exLFOWkocOaai4-rIgs4LNgkyVPAcpN1DFK1OzuXqga64tcQcI_2Cg0an8&_nc_zt=24&_nc_ht=scontent-cdg4-2.cdninstagram.com&_nc_ss=7b6a8&oh=00_Af6mohBw0fitFMQFuJ0kMjZ5soDoMx6jQ_kI-uRFx3Qf-A&oe=69FEB0A4,agata_curcuruto,https://www.instagram.com/agata_curcuruto,Confettura di albicocche senza zuccheri aggiunti #prodottomisteriosopenny #holettoprivacypolicy #accettoregolamento,0,0,2026-04-27T21:01:08.000Z,17860693053628870,4842528076,2026-05-04T16:14:24.752Z,https://www.instagram.com/p/DXotHFAjcSM
https://scontent-cdg4-1.cdninstagram.com/v/t51.2885-19/245028058_247527540720295_5919719393659462611_n.jpg?stp=dst-jpg_s150x150_tt6&_nc_cat=108&ccb=7-5&_nc_sid=f7ccc5&efg=eyJ2ZW5jb2RlX3RhZyI6InByb2ZpbGVfcGljLnd3dy43MjAuQzMifQ%3D%3D&_nc_ohc=C-t0Rqo2q6wQ7kNvwFBWvLr&_nc_oc=AdrUixtx2N0FskHJi9uaRCNJTylHjVcspxok5WuQY7R7jFNbPnfqal9yyuM-b3cmOKQ&_nc_zt=24&_nc_ht=scontent-cdg4-1.cdninstagram.com&_nc_ss=7b6a8&oh=00_Af7BTfLj-7EgAzTzIcQAArD8YtjeZWzGdkYqS9O-8vaK2w&oe=69FEB0DB,linamazzarelli1984,https://www.instagram.com/linamazzarelli1984,Confettura di albicocche senza zuccheri aggiunti #prodottomisteriosopenny #accettoregolamento #holettoprivacypolicy,0,0,2026-04-28T11:22:18.000Z,18123958687721161,48581820968,2026-05-04T16:14:24.752Z,https://www.instagram.com/p/DXotHFAjcSM
https://scontent-cdg6-1.cdninstagram.com/v/t51.2885-19/40705461_328188894619736_2340893515761844224_n.jpg?stp=dst-jpg_s150x150_tt6&_nc_cat=106&ccb=7-5&_nc_sid=f7ccc5&efg=eyJ2ZW5jb2RlX3RhZyI6InByb2ZpbGVfcGljLnd3dy4xMDgwLkMzIn0%3D&_nc_ohc=DpbSNNWE_AIQ7kNvwEDsu3m&_nc_oc=AdozYAXXRr-kypG_j5IaEuyk7i70ExrWY40CgU7-wzEUbbgeHuFSEtT8e0fxpEtegv4&_nc_zt=24&_nc_ht=scontent-cdg6-1.cdninstagram.com&_nc_ss=7b6a8&oh=00_Af5FX8xqe0URZTg2R5kwdbHsmvTkV5kLVXGR3PswoOKn9w&oe=69FE7EEE,alelumary,https://www.instagram.com/alelumary,Confettura di albicocche #prodottomisteriosopenny #holettoprivacypolicy #accettoregolamento,0,0,2026-04-27T21:30:30.000Z,18054133022721944,2339149249,2026-05-04T16:14:24.752Z,https://www.instagram.com/p/DXotHFAjcSM
https://scontent-cdg6-1.cdninstagram.com/v/t51.89012-19/573323465_1219825463302212_7278921664109726296_n.jpg?stp=dst-jpg_s150x150_tt6&_nc_cat=1&ccb=7-5&_nc_sid=f7ccc5&efg=eyJ2ZW5jb2RlX3RhZyI6InByb2ZpbGVfcGljLnd3dy5DMyJ9&_nc_ohc=Pf4Jx7fI-JMQ7kNvwEdnA1r&_nc_oc=AdrM5ak9ThOqfmCIPi6cg4Jm_5TeInAUOEZd_c63seXXEeGj0StKGP4VtTRRkluVdEU&_nc_zt=24&_nc_ht=scontent-cdg6-1.cdninstagram.com&_nc_gid=F-aZOrAn85oayFRX48BJ5Q&_nc_ss=7b6a8&oh=00_Af7_5ys-Tzg9VWOY_LxhWM9tCkFfSXjAYdW4KA7SghpTVA&oe=69FE87E2,giuluca19,https://www.instagram.com/giuluca19,marmellata di albicocca senza zucchero #ilprodottomisteriosoPENNY #accettoregolamento #holettoprivacypolicy,0,0,2026-04-29T20:55:28.000Z,18129406831574845,24256345131,2026-05-04T16:14:24.752Z,https://www.instagram.com/p/DXotHFAjcSM
https://scontent-cdg6-1.cdninstagram.com/v/t51.89012-19/573323465_1219825463302212_7278921664109726296_n.jpg?stp=dst-jpg_s150x150_tt6&_nc_cat=1&ccb=7-5&_nc_sid=f7ccc5&efg=eyJ2ZW5jb2RlX3RhZyI6InByb2ZpbGVfcGljLnd3dy5DMyJ9&_nc_ohc=Pf4Jx7fI-JMQ7kNvwEdnA1r&_nc_oc=AdrM5ak9ThOqfmCIPi6cg4Jm_5TeInAUOEZd_c63seXXEeGj0StKGP4VtTRRkluVdEU&_nc_zt=24&_nc_ht=scontent-cdg6-1.cdninstagram.com&_nc_gid=F-aZOrAn85oayFRX48BJ5Q&_nc_ss=7b6a8&oh=00_Af7_5ys-Tzg9VWOY_LxhWM9tCkFfSXjAYdW4KA7SghpTVA&oe=69FE87E2,paolodrago44,https://www.instagram.com/paolodrago44,marmellata di albicocca senza zucchero #ilprodottomisteriosoPENNY #accettoregolamento #holettoprivacypolicy,0,0,2026-04-29T20:53:29.000Z,17907458286223730,18369933229,2026-05-04T16:14:24.752Z,https://www.instagram.com/p/DXotHFAjcSM
https://scontent-cdg6-1.cdninstagram.com/v/t51.2885-19/439587484_1373598423314843_6407710384872955407_n.jpg?stp=dst-jpg_s150x150_tt6&_nc_cat=105&ccb=7-5&_nc_sid=f7ccc5&efg=eyJ2ZW5jb2RlX3RhZyI6InByb2ZpbGVfcGljLnd3dy4zMTUuQzMifQ%3D%3D&_nc_ohc=o6KELyFIdMsQ7kNvwH7s6xj&_nc_oc=Adp79HwcxtFsY9DPOWAbGfdstrEYQkm14W91WfaVxQmmh4WJf-zErHLAC8oVxxzvyA4&_nc_zt=24&_nc_ht=scontent-cdg6-1.cdninstagram.com&_nc_ss=7b6a8&oh=00_Af7t3sUGYsO7fN55UDXiab_OF3ZQE03iwg8BN9pXnEeAIA&oe=69FE80D0,eliluna15,https://www.instagram.com/eliluna15,marmellata di albicocca senza zucchero #ilprodottomisteriosoPENNY #accettoregolamento #holettoprivacypolicy,0,0,2026-04-29T20:51:54.000Z,17855085804647164,8595660040,2026-05-04T16:14:24.752Z,https://www.instagram.com/p/DXotHFAjcSM
https://scontent-cdg4-3.cdninstagram.com/v/t51.2885-19/369565311_621843356600377_1769422836113345804_n.jpg?stp=dst-jpg_s150x150_tt6&_nc_cat=111&ccb=7-5&_nc_sid=f7ccc5&efg=eyJ2ZW5jb2RlX3RhZyI6InByb2ZpbGVfcGljLnd3dy45MjEuQzMifQ%3D%3D&_nc_ohc=ifgRQkBi0R4Q7kNvwF6mkNC&_nc_oc=Adom4JSvbYEuYDwdJFD4Pv0oP9qXVcKU09jXdKT9k9TRmjLkY1PjfvoEanFxJ80Gckw&_nc_zt=24&_nc_ht=scontent-cdg4-3.cdninstagram.com&_nc_ss=7b6a8&oh=00_Af4DDshI9AN_kCheWpZ_INBhcQCk_-CsoEDtCrRqntvUvg&oe=69FEA6B2,nicorea76,https://www.instagram.com/nicorea76,marmellata di albicocca senza zucchero #ilprodottomisteriosoPENNY #accettoregolamento #holettoprivacypolicy,0,0,2026-04-29T20:43:45.000Z,17913412809367736,8429812444,2026-05-04T16:14:24.752Z,https://www.instagram.com/p/DXotHFAjcSM
https://scontent-cdg6-1.cdninstagram.com/v/t51.89012-19/573323465_1219825463302212_7278921664109726296_n.jpg?stp=dst-jpg_s150x150_tt6&_nc_cat=1&ccb=7-5&_nc_sid=f7ccc5&efg=eyJ2ZW5jb2RlX3RhZyI6InByb2ZpbGVfcGljLnd3dy5DMyJ9&_nc_ohc=Pf4Jx7fI-JMQ7kNvwEdnA1r&_nc_oc=AdrM5ak9ThOqfmCIPi6cg4Jm_5TeInAUOEZd_c63seXXEeGj0StKGP4VtTRRkluVdEU&_nc_zt=24&_nc_ht=scontent-cdg6-1.cdninstagram.com&_nc_gid=F-aZOrAn85oayFRX48BJ5Q&_nc_ss=7b6a8&oh=00_Af7_5ys-Tzg9VWOY_LxhWM9tCkFfSXjAYdW4KA7SghpTVA&oe=69FE87E2,bensabeurassia,https://www.instagram.com/bensabeurassia,Confettura di albicocche senza zuccheri aggiunti #prodottomisteriosopenny #accettoregolamento #holettoprivacypolicy,0,0,2026-04-28T11:41:18.000Z,17871783933491672,49576639425,2026-05-04T16:14:24.752Z,https://www.instagram.com/p/DXotHFAjcSM
https://scontent-cdg4-2.cdninstagram.com/v/t51.2885-19/356798636_255463933779272_6210907476585362869_n.jpg?stp=dst-jpg_s150x150_tt6&_nc_cat=101&ccb=7-5&_nc_sid=f7ccc5&efg=eyJ2ZW5jb2RlX3RhZyI6InByb2ZpbGVfcGljLnd3dy4xMDgwLkMzIn0%3D&_nc_ohc=Q1hHBruEqFIQ7kNvwEC-2vn&_nc_oc=AdoHDoOA71cfTFO6bkHMQ40G3nZBtZnSAFHRLjyT7z1cQcpmFnBEvmLniK8vsG9x_3o&_nc_zt=24&_nc_ht=scontent-cdg4-2.cdninstagram.com&_nc_ss=7b6a8&oh=00_Af4odvvOFcBKIqtnNpsGt_1XKvG4W1uAixqwTAB5iKDIjg&oe=69FE9E94,ipastrocchidigio,https://www.instagram.com/ipastrocchidigio,Confettura di albicocca senza zucchero  #ilprodottomisteriosopenny #accettoregolamento #holettoprivacypolicy,0,0,2026-04-28T13:34:31.000Z,18104056216748774,10608640728,2026-05-04T16:14:24.752Z,https://www.instagram.com/p/DXotHFAjcSM
https://scontent-cdg4-1.cdninstagram.com/v/t51.82787-19/655938210_18087485063236698_4060057574434379972_n.jpg?stp=dst-jpg_s150x150_tt6&_nc_cat=104&ccb=7-5&_nc_sid=f7ccc5&efg=eyJ2ZW5jb2RlX3RhZyI6InByb2ZpbGVfcGljLnd3dy42NDAuQzMifQ%3D%3D&_nc_ohc=5oo8RhD1W9cQ7kNvwGFD9np&_nc_oc=AdrBZHaiv_VZ4yw83k-VhSp31HRYQB4mok5nASPmOwp6xUS4N5Z-k_Lqbtpyyar0qsQ&_nc_zt=24&_nc_ht=scontent-cdg4-1.cdninstagram.com&_nc_gid=F-aZOrAn85oayFRX48BJ5Q&_nc_ss=7b6a8&oh=00_Af44d1bXWgLhGG33XJd4VChcQ1-VTt4NuDpgWQDncuLGIA&oe=69FE8B5B,giuseppe1964puddu,https://www.instagram.com/giuseppe1964puddu,Confettura di albicocca senza zuccheri aggiunti #ilprodottomisteriosopenny #accettoregolamento #holettoprivacypolicy,0,0,2026-04-28T12:36:36.000Z,18178286566390289,37045100697,2026-05-04T16:14:24.752Z,https://www.instagram.com/p/DXotHFAjcSM
https://scontent-cdg4-1.cdninstagram.com/v/t51.82787-19/575755420_18539265265035511_1742280994213853345_n.jpg?stp=dst-jpg_s150x150_tt6&_nc_cat=102&ccb=7-5&_nc_sid=f7ccc5&efg=eyJ2ZW5jb2RlX3RhZyI6InByb2ZpbGVfcGljLnd3dy4xMDgwLkMzIn0%3D&_nc_ohc=6GqVPM8ju5IQ7kNvwGVWxr9&_nc_oc=AdrQpvYQ__DKteqGQnRObhxeCIJWoM_a4YUXjc_vp3vQtgLVjoz9uLD8_ZcSES9o5y8&_nc_zt=24&_nc_ht=scontent-cdg4-1.cdninstagram.com&_nc_gid=F-aZOrAn85oayFRX48BJ5Q&_nc_ss=7b6a8&oh=00_Af4Pm3HKWAmHWa6oI5DiRBaNAAB2ceMobSwNn1Ir3DFxig&oe=69FE829E,chicchetta271081,https://www.instagram.com/chicchetta271081,Confettura di albicocca senza zuccheri aggiunti #ilprodottomisteriosopenny #accettoregolamento #holettoprivacypolicy,0,0,2026-04-28T12:45:42.000Z,18077198651641812,54051510,2026-05-04T16:14:24.752Z,https://www.instagram.com/p/DXotHFAjcSM
https://scontent-cdg4-1.cdninstagram.com/v/t51.82787-19/533248061_18471944113072393_6350916433551653255_n.jpg?stp=dst-jpg_s150x150_tt6&_nc_cat=102&ccb=7-5&_nc_sid=f7ccc5&efg=eyJ2ZW5jb2RlX3RhZyI6InByb2ZpbGVfcGljLnd3dy4xMDgwLkMzIn0%3D&_nc_ohc=JUtEWrnnLKoQ7kNvwGBun1q&_nc_oc=AdrszZ4VWvkVx1P-PzmN70hmxWFARapHeAPmp3LHWUzekrqr-ZG9EEV1oA0MMyRx-RA&_nc_zt=24&_nc_ht=scontent-cdg4-1.cdninstagram.com&_nc_gid=F-aZOrAn85oayFRX48BJ5Q&_nc_ss=7b6a8&oh=00_Af5JBisK975SsBM3xLszvH79eVnD_gTE5Cvv9eVy_mGBhQ&oe=69FEA273,michelasegatto,https://www.instagram.com/michelasegatto,Confettura di albicocche senza zuccheri aggiunti.  #ilprodottomisteriosopenny #accettoregolamento #holettoprivacypolicy,0,0,2026-04-29T00:38:49.000Z,18064203143379787,2208600392,2026-05-04T16:14:24.752Z,https://www.instagram.com/p/DXotHFAjcSM
https://scontent-cdg6-1.cdninstagram.com/v/t51.2885-19/12716852_965926183500529_584677283_a.jpg?stp=dst-jpg_s150x150_tt6&_nc_cat=103&ccb=7-5&_nc_sid=f7ccc5&efg=eyJ2ZW5jb2RlX3RhZyI6InByb2ZpbGVfcGljLnd3dy4yMDAuQzMifQ%3D%3D&_nc_ohc=j8Roig-KcTwQ7kNvwG-MVLF&_nc_oc=Adq11bNO0BgmdgK_-OZ1bv5RbMnmeNDeFsVAoUXIqI_1AsmxHya2lp2s35197F21Gw4&_nc_zt=24&_nc_ht=scontent-cdg6-1.cdninstagram.com&_nc_ss=7b6a8&oh=00_Af6rSsHzbWjdTo08UAqwBwBtK5dYAY-nM5MUxorxhQUGeQ&oe=69FE888E,pamy.12s,https://www.instagram.com/pamy.12s,Confettura di albicocca senza zuccheri aggiunti #prodottomisteriosopenny #accettoregolamento #holettoprivacypolicy,0,0,2026-04-28T07:10:49.000Z,17998273064759180,2994590942,2026-05-04T16:14:24.752Z,https://www.instagram.com/p/DXotHFAjcSM
https://scontent-cdg4-1.cdninstagram.com/v/t51.2885-19/159647022_915915569226477_4628207700390786772_n.jpg?stp=dst-jpg_s150x150_tt6&_nc_cat=110&ccb=7-5&_nc_sid=f7ccc5&efg=eyJ2ZW5jb2RlX3RhZyI6InByb2ZpbGVfcGljLnd3dy4xMDgwLkMzIn0%3D&_nc_ohc=1i8XDpPGMK0Q7kNvwHZPTy9&_nc_oc=AdoclGBVupVHWTx7BYosGHNM4wZkwwL8MkkmrNzZ69YavUm9lxLMwBEzUqZDJeFKsUY&_nc_zt=24&_nc_ht=scontent-cdg4-1.cdninstagram.com&_nc_ss=7b6a8&oh=00_Af4Pgo_FyLBVjlaeroGwVecCtW4835QrOjD-eFELW0ekCQ&oe=69FE823D,jennyeccher,https://www.instagram.com/jennyeccher,Yogurt greco bianco #ilprodottomisteriosopenny #accettoregolamento #holettoprivacypolicy,0,0,2026-04-28T11:16:08.000Z,17892768318333212,46257207871,2026-05-04T16:14:24.752Z,https://www.instagram.com/p/DXotHFAjcSM
https://scontent-cdg6-1.cdninstagram.com/v/t51.2885-19/405207483_328160880168463_6367415761576854751_n.jpg?stp=dst-jpg_s150x150_tt6&_nc_cat=106&ccb=7-5&_nc_sid=f7ccc5&efg=eyJ2ZW5jb2RlX3RhZyI6InByb2ZpbGVfcGljLnd3dy4xMDgwLkMzIn0%3D&_nc_ohc=cglEzjUpBE0Q7kNvwE7E4Ud&_nc_oc=AdrcIU5delA5aEUMYa4ItoaZLYqxQ34KPO_9RVJ57IAiHDqGdhrwoF5swlUft71mYvs&_nc_zt=24&_nc_ht=scontent-cdg6-1.cdninstagram.com&_nc_ss=7b6a8&oh=00_Af4eSsPJmj4Mw-9KRXzFBHkFzIVR1drVRM3FprbRiyPN8w&oe=69FEA9BE,mbetty60,https://www.instagram.com/mbetty60,Confettura di albicocca senza zuccheri aggiunti #ilprodottomisteriosopenny #accettoregolamento #holettoprivacypolicy,0,0,2026-04-28T15:12:00.000Z,18111669686495020,50895506111,2026-05-04T16:14:24.752Z,https://www.instagram.com/p/DXotHFAjcSM
https://scontent-cdg4-2.cdninstagram.com/v/t51.2885-19/10725034_781347508574256_904533595_a.jpg?_nc_cat=109&ccb=7-5&_nc_sid=f7ccc5&efg=eyJ2ZW5jb2RlX3RhZyI6InByb2ZpbGVfcGljLnd3dy4xNTAuQzMifQ%3D%3D&_nc_ohc=3jzVHDaBQHAQ7kNvwEU340D&_nc_oc=Adov1iydPoD7U5AoZeWFZ9e7vw-eNWykrPHJPaZH0fgZcURojx-iaYyfhTx8J1xmc3o&_nc_zt=24&_nc_ht=scontent-cdg4-2.cdninstagram.com&_nc_ss=7b6a8&oh=00_Af6H4pDEZKhCk1LKsJ6MWTlO5vu-L3T7qJaJQn8VFr20lw&oe=69FE8985,lidiadelvecchio,https://www.instagram.com/lidiadelvecchio,marmellata di albicocche senza zuccheri aggiunti #prodottomisteriosopenny #accettoregolamento #holettoprivacypolicy,0,0,2026-04-28T05:00:12.000Z,18433150531186068,418458306,2026-05-04T16:14:37.170Z,https://www.instagram.com/p/DXotHFAjcSM
https://scontent-cdg6-1.cdninstagram.com/v/t51.89012-19/573323465_1219825463302212_7278921664109726296_n.jpg?stp=dst-jpg_s150x150_tt6&_nc_cat=1&ccb=7-5&_nc_sid=f7ccc5&efg=eyJ2ZW5jb2RlX3RhZyI6InByb2ZpbGVfcGljLnd3dy5DMyJ9&_nc_ohc=Pf4Jx7fI-JMQ7kNvwEdnA1r&_nc_oc=AdrM5ak9ThOqfmCIPi6cg4Jm_5TeInAUOEZd_c63seXXEeGj0StKGP4VtTRRkluVdEU&_nc_zt=24&_nc_ht=scontent-cdg6-1.cdninstagram.com&_nc_gid=f903gyH4_3nl722GHu2jiw&_nc_ss=7b6a8&oh=00_Af5H_U22mOoyGQDOVQ-cf82dyxgR0_6GtuTlSRSihADxxg&oe=69FE87E2,c0cc0la,https://www.instagram.com/c0cc0la,Confettura di albicocca senza zuccheri aggiunti #ilprodottomisteriosopenny #accettoregolamento #holettoprivacypolicy,0,0,2026-04-28T22:24:57.000Z,18079227776449351,8723006966,2026-05-04T16:14:37.170Z,https://www.instagram.com/p/DXotHFAjcSM
https://scontent-cdg6-1.cdninstagram.com/v/t51.2885-19/466746820_1080275899931260_4926162135312278668_n.jpg?stp=dst-jpg_s150x150_tt6&_nc_cat=103&ccb=7-5&_nc_sid=f7ccc5&efg=eyJ2ZW5jb2RlX3RhZyI6InByb2ZpbGVfcGljLnd3dy4xMDgwLkMzIn0%3D&_nc_ohc=fUHQd8rVXCkQ7kNvwHUxlA2&_nc_oc=AdogRkDKcIUg00KsQQmP9aKMKjc8calNWeNh0oN-AwjUQ6NNdpobjt52euUOuq5v8vo&_nc_zt=24&_nc_ht=scontent-cdg6-1.cdninstagram.com&_nc_ss=7b6a8&oh=00_Af6CbFiSMxkpm5v-cx536qB59w8SpilUQQfRABW0SLgFqg&oe=69FEB45F,anita.scirpoli,https://www.instagram.com/anita.scirpoli,purea di zucca #prodottomisteriosopenny #accettoregolamento #holettoprivacypolicy,0,0,2026-04-28T14:26:08.000Z,18010468847896413,11414327504,2026-05-04T16:14:37.170Z,https://www.instagram.com/p/DXotHFAjcSM
https://scontent-cdg6-1.cdninstagram.com/v/t51.89012-19/573323465_1219825463302212_7278921664109726296_n.jpg?stp=dst-jpg_s150x150_tt6&_nc_cat=1&ccb=7-5&_nc_sid=f7ccc5&efg=eyJ2ZW5jb2RlX3RhZyI6InByb2ZpbGVfcGljLnd3dy5DMyJ9&_nc_ohc=Pf4Jx7fI-JMQ7kNvwEdnA1r&_nc_oc=AdrM5ak9ThOqfmCIPi6cg4Jm_5TeInAUOEZd_c63seXXEeGj0StKGP4VtTRRkluVdEU&_nc_zt=24&_nc_ht=scontent-cdg6-1.cdninstagram.com&_nc_gid=f903gyH4_3nl722GHu2jiw&_nc_ss=7b6a8&oh=00_Af5H_U22mOoyGQDOVQ-cf82dyxgR0_6GtuTlSRSihADxxg&oe=69FE87E2,vincenzo.carabetta,https://www.instagram.com/vincenzo.carabetta,Confettura di albicocche #ilprodottomisteriosoPENNY #accettoregolamento #holettoprivacypolicy,0,0,2026-05-02T05:56:12.000Z,17862599229626385,53099711738,2026-05-04T16:14:37.170Z,https://www.instagram.com/p/DXotHFAjcSM
https://scontent-cdg4-1.cdninstagram.com/v/t51.82787-19/611649645_18016815989807386_6061935223120651951_n.jpg?stp=dst-jpg_s150x150_tt6&_nc_cat=108&ccb=7-5&_nc_sid=f7ccc5&efg=eyJ2ZW5jb2RlX3RhZyI6InByb2ZpbGVfcGljLnd3dy4xMDgwLkMzIn0%3D&_nc_ohc=VjcX-pF6giMQ7kNvwFJYRy2&_nc_oc=AdourYIRkO81hwizYZcfJ2yrOj6GzfZdiLYGpbQ7mwcM_ZHUQhiegcSoGrd1CRTUg6I&_nc_zt=24&_nc_ht=scontent-cdg4-1.cdninstagram.com&_nc_gid=f903gyH4_3nl722GHu2jiw&_nc_ss=7b6a8&oh=00_Af6U4R2ru3KXEmshPx0P2odbdR7MHJaK2GRH4VqVxm7jyA&oe=69FEA90F,valentinaxurree,https://www.instagram.com/valentinaxurree,Marmellata di pesche senza zuccheri aggiunti #ilprodottomisteriosopenny#accettoregolamento#holettoprivacypolicy,0,0,2026-04-28T11:18:23.000Z,18058615808709496,54073863385,2026-05-04T16:14:37.170Z,https://www.instagram.com/p/DXotHFAjcSM
https://scontent-cdg4-2.cdninstagram.com/v/t51.2885-19/364403181_1403597823525710_3404382905058103277_n.jpg?stp=dst-jpg_s150x150_tt6&_nc_cat=109&ccb=7-5&_nc_sid=f7ccc5&efg=eyJ2ZW5jb2RlX3RhZyI6InByb2ZpbGVfcGljLnd3dy4xMDgwLkMzIn0%3D&_nc_ohc=qcN0THpj_gwQ7kNvwH0lc59&_nc_oc=AdpVrKidGYPjmSUIBznyo_apYkERc1qpGIcChT8qVlrPXnYV8P8sLuOv316SIgMTrs0&_nc_zt=24&_nc_ht=scontent-cdg4-2.cdninstagram.com&_nc_ss=7b6a8&oh=00_Af7hpBQA7wbPtDZXbOnBdbF_Y18Ro5jCBz6057pRYG_92g&oe=69FEA457,leo_rosso12,https://www.instagram.com/leo_rosso12,Confettura di albicocca senza zuccheri aggiunti  #ilprodottomisteriosopenny #accettoregolamento #holettoprivacypolicy,0,0,2026-04-30T02:22:39.000Z,18323396812254959,44521302648,2026-05-04T16:14:37.170Z,https://www.instagram.com/p/DXotHFAjcSM
https://scontent-cdg4-2.cdninstagram.com/v/t51.2885-19/464136641_1303737167262231_8292338791223469249_n.jpg?stp=dst-jpg_s150x150_tt6&_nc_cat=109&ccb=7-5&_nc_sid=f7ccc5&efg=eyJ2ZW5jb2RlX3RhZyI6InByb2ZpbGVfcGljLnd3dy42NDAuQzMifQ%3D%3D&_nc_ohc=smWr5aXEPAMQ7kNvwGl8vNW&_nc_oc=Adq2n3JL_xtYb2fFLz9T6n3u_7xXuGbOfQnb6bnKm3w9KUQfKZ56KGwVwLJ4d4VxhNs&_nc_zt=24&_nc_ht=scontent-cdg4-2.cdninstagram.com&_nc_ss=7b6a8&oh=00_Af6VqoY6ghO-vft2TDtOA-lk3TBOcI3EzV_DLesakrERgA&oe=69FE9642,1mariarosaria,https://www.instagram.com/1mariarosaria,Confettura di albicocca senza zuccheri aggiunti #ilprodottomisteriosopenny #accettoregolamento #holettoprivacypolicy,0,0,2026-04-30T02:53:05.000Z,18121534834724747,6251561992,2026-05-04T16:14:37.170Z,https://www.instagram.com/p/DXotHFAjcSM
https://scontent-cdg4-2.cdninstagram.com/v/t51.2885-19/316252485_710324233785991_1915153770631768771_n.jpg?stp=dst-jpg_s150x150_tt6&_nc_cat=100&ccb=7-5&_nc_sid=f7ccc5&efg=eyJ2ZW5jb2RlX3RhZyI6InByb2ZpbGVfcGljLnd3dy43MzIuQzMifQ%3D%3D&_nc_ohc=CaddQLsKlo8Q7kNvwFt25nP&_nc_oc=AdrzmuKpGdoxbNn5t3HXh_N6ctC3U63J-crgU4l7VCnVL0ECphD-y6krzMugkwMCQyk&_nc_zt=24&_nc_ht=scontent-cdg4-2.cdninstagram.com&_nc_ss=7b6a8&oh=00_Af60ML5W4I8pyz_DCFsph_S3slf4fvN12Z8HGLSeMbijCw&oe=69FE7C91,grazianunno21,https://www.instagram.com/grazianunno21,Confettura di albicocca senza zuccheri aggiunti #ilprodottomisteriosopenny #accettoregolamento #holettoprivacypolicy,0,0,2026-04-30T08:41:15.000Z,17862892809684933,50070152299,2026-05-04T16:14:37.170Z,https://www.instagram.com/p/DXotHFAjcSM
https://scontent-cdg4-2.cdninstagram.com/v/t51.82787-19/572800344_18539425492004315_5711792781338809263_n.jpg?stp=dst-jpg_s150x150_tt6&_nc_cat=100&ccb=7-5&_nc_sid=f7ccc5&efg=eyJ2ZW5jb2RlX3RhZyI6InByb2ZpbGVfcGljLnd3dy4xMDgwLkMzIn0%3D&_nc_ohc=eLoG8mlDVNwQ7kNvwFGcLSY&_nc_oc=AdpFI47PkGJmx6MB1fE8EyO48OiO5tpim20LFeWa5qRejdzMRNHlwsosZ_AFTnLouDA&_nc_zt=24&_nc_ht=scontent-cdg4-2.cdninstagram.com&_nc_gid=f903gyH4_3nl722GHu2jiw&_nc_ss=7b6a8&oh=00_Af4Npnue_O5zEwW3mWYyQGOXTbGCv4gec19_61RigYhqiQ&oe=69FE9CBB,flor173,https://www.instagram.com/flor173,Confettura di albicocche senza zuccheri aggiunti #prodottomisteriosopenny #accettoregolamento #holettoprivacypolicy,0,0,2026-04-29T12:14:12.000Z,17872276872488176,180036314,2026-05-04T16:14:37.170Z,https://www.instagram.com/p/DXotHFAjcSM
https://scontent-cdg4-1.cdninstagram.com/v/t51.2885-19/103743580_551519758856317_1789831252735321633_n.jpg?stp=dst-jpg_s150x150_tt6&_nc_cat=104&ccb=7-5&_nc_sid=f7ccc5&efg=eyJ2ZW5jb2RlX3RhZyI6InByb2ZpbGVfcGljLnd3dy4xMDgwLkMzIn0%3D&_nc_ohc=0VO_fWGARnIQ7kNvwEh0fMR&_nc_oc=AdqJBH9uW_pxaf-wUum5pLfR-N3pQRbr6HT7LD8xHMssAZZb9ZjWCs2X-xlHiZxImis&_nc_zt=24&_nc_ht=scontent-cdg4-1.cdninstagram.com&_nc_ss=7b6a8&oh=00_Af7WAIcjmmnFllByp3YCXIVuQQWkS7dIgeknKAq823ffjg&oe=69FE9AB5,salvatore.derrico.52,https://www.instagram.com/salvatore.derrico.52,Confettura di albicocche senza zuccheri aggiunti #prodottomisteriosopenny #accettoregolamento #holettoprivacypolicy,0,0,2026-04-29T14:07:32.000Z,18123298885624010,6929472559,2026-05-04T16:14:37.170Z,https://www.instagram.com/p/DXotHFAjcSM
https://scontent-cdg4-2.cdninstagram.com/v/t51.2885-19/478381458_1837753396763420_2873611239315201829_n.jpg?stp=dst-jpg_s150x150_tt6&_nc_cat=101&ccb=7-5&_nc_sid=f7ccc5&efg=eyJ2ZW5jb2RlX3RhZyI6InByb2ZpbGVfcGljLnd3dy4xMDgwLkMzIn0%3D&_nc_ohc=CQTKIS8W2NQQ7kNvwFlt9vs&_nc_oc=Adrq3lcNAL5jjWJ_V89JAM8EW222PzQSx2by_9XOo8gwMeRmHohrFu5AOOroEB_jr8c&_nc_zt=24&_nc_ht=scontent-cdg4-2.cdninstagram.com&_nc_ss=7b6a8&oh=00_Af4IoXEkIbHBASPjPcUlHOdNOsHmXMstvsL5KRXwvfL09w&oe=69FE8071,elvirapot,https://www.instagram.com/elvirapot,Confettura di albicocche senza zuccheri aggiunti #prodottomisteriosopenny #accettoregolamento #holettoprivacypolicy,0,0,2026-04-29T18:37:44.000Z,18095180087131334,6987655629,2026-05-04T16:14:37.171Z,https://www.instagram.com/p/DXotHFAjcSM
https://scontent-cdg6-1.cdninstagram.com/v/t51.82787-19/629296630_18303961687281114_884990802464506266_n.jpg?stp=dst-jpg_s150x150_tt6&_nc_cat=105&ccb=7-5&_nc_sid=f7ccc5&efg=eyJ2ZW5jb2RlX3RhZyI6InByb2ZpbGVfcGljLnd3dy4xMDgwLkMzIn0%3D&_nc_ohc=BunsMbpVe6wQ7kNvwE-XQ3h&_nc_oc=Adqb7EjMZ6GilOZolW3mBYH6mPAplZY1HLqs9tVAVVOg43LnwjYRaLG6QpC31L-6bQs&_nc_zt=24&_nc_ht=scontent-cdg6-1.cdninstagram.com&_nc_gid=f903gyH4_3nl722GHu2jiw&_nc_ss=7b6a8&oh=00_Af4o1ILxYdv8tZ9dIXLpci1ecC-QLHqZO3BqY5rX_xAeDA&oe=69FEA43F,sabrinarnesano,https://www.instagram.com/sabrinarnesano,Confettura di albicocca con -75% di calorie (senza zuccheri aggiunti)  #ilprodottomisteriosoPENNY #accettoregolamento #holettoprivacypolicy,0,0,2026-04-28T06:43:53.000Z,18100637797820351,8615089113,2026-05-04T16:14:37.171Z,https://www.instagram.com/p/DXotHFAjcSM
https://scontent-cdg4-1.cdninstagram.com/v/t51.2885-19/34007383_2208039762555883_3491702132682260480_n.jpg?stp=dst-jpg_s150x150_tt6&_nc_cat=104&ccb=7-5&_nc_sid=f7ccc5&efg=eyJ2ZW5jb2RlX3RhZyI6InByb2ZpbGVfcGljLnd3dy43NTYuQzMifQ%3D%3D&_nc_ohc=P179As9VUz8Q7kNvwE-s4gW&_nc_oc=AdrQWevkOh5FMjhRCDbfxPN9gOf9axjJBbFYCrAb1MrZ5uvogGes5itWH76S3yka9DI&_nc_zt=24&_nc_ht=scontent-cdg4-1.cdninstagram.com&_nc_ss=7b6a8&oh=00_Af6aH7hPs4y8r80Em3AzaT0yqQpthas9BUec87PHyyya7A&oe=69FEACA6,mariaelenasangiorgio,https://www.instagram.com/mariaelenasangiorgio,Confettura di Albicocche senza zuccheri aggiunti  #ilprodottomisteriosoPENNY#accettoregolamento #holettoprivacypolicy,0,0,2026-04-30T13:55:30.000Z,17923753311316151,5007671013,2026-05-04T16:14:37.171Z,https://www.instagram.com/p/DXotHFAjcSM
https://scontent-cdg4-1.cdninstagram.com/v/t51.75761-19/503948936_18153275641374793_6070600352837909936_n.jpg?stp=dst-jpg_s150x150_tt6&_nc_cat=110&ccb=7-5&_nc_sid=f7ccc5&efg=eyJ2ZW5jb2RlX3RhZyI6InByb2ZpbGVfcGljLnd3dy4xMDgwLkMzIn0%3D&_nc_ohc=xSEBwKndnP0Q7kNvwGDsnxJ&_nc_oc=Adp7-dZ6jnWyl_zFGLcQ1jUQQ-0QhsMmHFSNwQakr-XqveUPfJQ5uyqsXWp-xYL9UQU&_nc_zt=24&_nc_ht=scontent-cdg4-1.cdninstagram.com&_nc_gid=f903gyH4_3nl722GHu2jiw&_nc_ss=7b6a8&oh=00_Af65hem1nQZSs1DoYDFun151xWER54VT7V3x8hJCixVUhA&oe=69FEA0F0,rosapatrizia68,https://www.instagram.com/rosapatrizia68,Confettura di albicocca senza zucchero #prodottomisteriosopenny #holettoprivacypolicy #accettoregolamento,0,0,2026-04-29T03:11:54.000Z,18074557559246160,11167726792,2026-05-04T16:14:37.171Z,https://www.instagram.com/p/DXotHFAjcSM
https://scontent-cdg4-1.cdninstagram.com/v/t51.75761-19/503834611_18508945816060820_4500138402729726362_n.jpg?stp=dst-jpg_s150x150_tt6&_nc_cat=110&ccb=7-5&_nc_sid=f7ccc5&efg=eyJ2ZW5jb2RlX3RhZyI6InByb2ZpbGVfcGljLnd3dy4xMDgwLkMzIn0%3D&_nc_ohc=lW0OTZK-7l4Q7kNvwHMK1XY&_nc_oc=AdrfcG38XvMUjuDHjZT83tB0Gv01z9kW51YBz90psFI5Z0GW19rCOaaZ9SdMd8RLln4&_nc_zt=24&_nc_ht=scontent-cdg4-1.cdninstagram.com&_nc_gid=f903gyH4_3nl722GHu2jiw&_nc_ss=7b6a8&oh=00_Af6m6V8oqWmhoayBsMBWCf5D3lyOqY7JaaLSyy7nLQ_BHg&oe=69FE8E94,elrich89,https://www.instagram.com/elrich89,Marmellata di zucca #prodottomisteriosopenny #accettoregolamento #holettoprivacypolicy,0,0,2026-04-29T08:57:56.000Z,18521366911078179,1560380819,2026-05-04T16:14:37.171Z,https://www.instagram.com/p/DXotHFAjcSM
https://scontent-cdg4-3.cdninstagram.com/v/t51.2885-19/11881579_463645670464188_1040668200_a.jpg?_nc_cat=111&ccb=7-5&_nc_sid=f7ccc5&efg=eyJ2ZW5jb2RlX3RhZyI6InByb2ZpbGVfcGljLnd3dy4xNTAuQzMifQ%3D%3D&_nc_ohc=LBQln_ClAM0Q7kNvwEqYM9R&_nc_oc=AdoUIzRznh5-nJ23macOY9bRUhqXtrIVRC9gMJWs_Tk3ertpH8JWH__wNNSK0ODKyac&_nc_zt=24&_nc_ht=scontent-cdg4-3.cdninstagram.com&_nc_ss=7b6a8&oh=00_Af5idrHcwocmfH9V_F2z_QAnbcg2GHv0srvlZRCZuSG2iQ&oe=69FE95D6,rumevodka,https://www.instagram.com/rumevodka,Hummus di zucca #prodottomisteriosopenny #accettoregolamento #holettprivacypolicy,0,0,2026-04-29T13:03:10.000Z,17977349673008260,242453963,2026-05-04T16:14:49.674Z,https://www.instagram.com/p/DXotHFAjcSM
https://scontent-cdg4-2.cdninstagram.com/v/t51.2885-19/327827767_908130523550645_463213302917510003_n.jpg?stp=dst-jpg_s150x150_tt6&_nc_cat=109&ccb=7-5&_nc_sid=f7ccc5&efg=eyJ2ZW5jb2RlX3RhZyI6InByb2ZpbGVfcGljLnd3dy4xMDgwLkMzIn0%3D&_nc_ohc=8K0mPLxQjlIQ7kNvwEFYRbI&_nc_oc=AdrVf1PcVvc-F5xwlSB90HS4lhru2D9dgNOnBbI3FlGMWzObAIMwLjqwErYzdufcbqA&_nc_zt=24&_nc_ht=scontent-cdg4-2.cdninstagram.com&_nc_ss=7b6a8&oh=00_Af5NDwKkh7P8VvdaF8Kl2817fsDz9vzw_jYGo4LVx_UVtQ&oe=69FE96E8,nadia.agostina.nadia,https://www.instagram.com/nadia.agostina.nadia,Marmellata  di albicocche #prodottomisteriosopenny #accettoregolamento #holettoprivacypolicy,0,0,2026-04-28T13:42:01.000Z,18100837495817332,57775825773,2026-05-04T16:14:49.674Z,https://www.instagram.com/p/DXotHFAjcSM
https://scontent-cdg4-2.cdninstagram.com/v/t51.2885-19/242743152_1023922808372367_2721912270651068284_n.jpg?stp=dst-jpg_s150x150_tt6&_nc_cat=101&ccb=7-5&_nc_sid=f7ccc5&efg=eyJ2ZW5jb2RlX3RhZyI6InByb2ZpbGVfcGljLnd3dy44ODguQzMifQ%3D%3D&_nc_ohc=ilcPjS6TlSsQ7kNvwEmy-tb&_nc_oc=Ado4MO3dkXFHFGgQlEAAhUUdRqJrhlTLkemfJDkZHaoE-65AH1IlJzjPgmkNmkwMPVc&_nc_zt=24&_nc_ht=scontent-cdg4-2.cdninstagram.com&_nc_ss=7b6a8&oh=00_Af5npx6PvRPLpS19C_a4KCJMZxkro6KtVSMMI9n-3I9maw&oe=69FEAF30,cristinamarangio,https://www.instagram.com/cristinamarangio,Miele #ilprodottomisteriosopenny #accettoregolamento #holettoprivacypolicy,0,0,2026-04-30T14:42:12.000Z,18064201529404101,4299337136,2026-05-04T16:14:49.674Z,https://www.instagram.com/p/DXotHFAjcSM
https://scontent-cdg4-2.cdninstagram.com/v/t51.2885-19/20582357_253683148477539_2321174388898004992_a.jpg?stp=dst-jpg_s150x150_tt6&_nc_cat=100&ccb=7-5&_nc_sid=f7ccc5&efg=eyJ2ZW5jb2RlX3RhZyI6InByb2ZpbGVfcGljLnd3dy45MTAuQzMifQ%3D%3D&_nc_ohc=Pik1sd5R8OAQ7kNvwGV0t8_&_nc_oc=AdpW236EZrZ_eONKIXINrz9Y1xw-rtZkYk09MOt-RcUZ_l_dmT_ePIKMgjh_BFgVsbU&_nc_zt=24&_nc_ht=scontent-cdg4-2.cdninstagram.com&_nc_ss=7b6a8&oh=00_Af6Pij1EnM19nCyLIvwzpYFgtFDq3qlJxsteEIh_cH3EeQ&oe=69FE8764,villapaesaggi,https://www.instagram.com/villapaesaggi,Confettura di albicocca senza zuccheri aggiunti #prodottomisteriosopenny  #accettoregolamento #holettoprivacypolicy,0,0,2026-04-29T12:08:10.000Z,18106705735905610,5804109582,2026-05-04T16:14:49.674Z,https://www.instagram.com/p/DXotHFAjcSM
https://scontent-cdg4-2.cdninstagram.com/v/t51.2885-19/402655499_1886772278384551_1534485748368676636_n.jpg?stp=dst-jpg_s150x150_tt6&_nc_cat=107&ccb=7-5&_nc_sid=f7ccc5&efg=eyJ2ZW5jb2RlX3RhZyI6InByb2ZpbGVfcGljLnd3dy4xMDc5LkMzIn0%3D&_nc_ohc=g4bO6E6QNg0Q7kNvwFdIoBN&_nc_oc=AdoxUDFAATd_9lXCF-hom2zsPcW1jbXfhlQgnNisfLiXzFNAX57w1Zz3zkclpxYAgUE&_nc_zt=24&_nc_ht=scontent-cdg4-2.cdninstagram.com&_nc_ss=7b6a8&oh=00_Af6UncqtrkkjlPxnTIZmfAFQE7LYXwC5MW7kGrUIgTaDlA&oe=69FEA19C,_._.martiii_._,https://www.instagram.com/_._.martiii_._,Marmellata di albicocche #prodottomisteriosopenny #accettoregolamento #holettoprivacypolicy,0,0,2026-04-28T21:46:27.000Z,18081015551662190,18060193729,2026-05-04T16:14:49.674Z,https://www.instagram.com/p/DXotHFAjcSM
https://scontent-cdg6-1.cdninstagram.com/v/t51.2885-19/26405109_980973208738751_1626661233488822272_n.jpg?stp=dst-jpg_s150x150_tt6&_nc_cat=106&ccb=7-5&_nc_sid=f7ccc5&efg=eyJ2ZW5jb2RlX3RhZyI6InByb2ZpbGVfcGljLnd3dy41NTUuQzMifQ%3D%3D&_nc_ohc=jD6kGURgOOIQ7kNvwFUX6dx&_nc_oc=AdovD4FbRWu1AbPOnxjSDUbVuxbZclyCRv6_7IEPKnbjLJ7g5cP6WWKxssYE7VOqh3g&_nc_zt=24&_nc_ht=scontent-cdg6-1.cdninstagram.com&_nc_ss=7b6a8&oh=00_Af6lPekkjbE8SoNqYQ20sUKS-z_kzaTv9QT3CN7PRktG1A&oe=69FEB14E,mary_lop_88,https://www.instagram.com/mary_lop_88,Marmellata di pesche #ilprodottomisteriosopenny #accettoregolamento #holettoprivacypolicy,0,0,2026-05-03T14:32:36.000Z,17965912893111202,6961006536,2026-05-04T16:14:49.674Z,https://www.instagram.com/p/DXotHFAjcSM
https://scontent-cdg4-2.cdninstagram.com/v/t51.2885-19/470672508_9386282808056899_2508236262575553457_n.jpg?stp=dst-jpg_s150x150_tt6&_nc_cat=107&ccb=7-5&_nc_sid=f7ccc5&efg=eyJ2ZW5jb2RlX3RhZyI6InByb2ZpbGVfcGljLnd3dy43NTAuQzMifQ%3D%3D&_nc_ohc=zWYH__CTn2wQ7kNvwGuRwSz&_nc_oc=Adq9TTcj8a_OIKfMW1IA1ic4qrCAdRrl_oOmiOq6DVU_heH7gUF4zGRNvS18kfzwJfI&_nc_zt=24&_nc_ht=scontent-cdg4-2.cdninstagram.com&_nc_ss=7b6a8&oh=00_Af6-p6cW1AaTS8F02Kaj8C_XTw3arBeTHDJQ3bpnPC3H4Q&oe=69FE86E2,sekhmet_elisa,https://www.instagram.com/sekhmet_elisa,Marmellata di albicocche #prodottomisteriosopenny #accettoregolamento #holettoprivacypolicy,0,0,2026-04-29T18:19:03.000Z,17907378435407246,9248272561,2026-05-04T16:14:49.674Z,https://www.instagram.com/p/DXotHFAjcSM
https://scontent-cdg6-1.cdninstagram.com/v/t51.89012-19/573323465_1219825463302212_7278921664109726296_n.jpg?stp=dst-jpg_s150x150_tt6&_nc_cat=1&ccb=7-5&_nc_sid=f7ccc5&efg=eyJ2ZW5jb2RlX3RhZyI6InByb2ZpbGVfcGljLnd3dy5DMyJ9&_nc_ohc=Pf4Jx7fI-JMQ7kNvwEdnA1r&_nc_oc=AdrM5ak9ThOqfmCIPi6cg4Jm_5TeInAUOEZd_c63seXXEeGj0StKGP4VtTRRkluVdEU&_nc_zt=24&_nc_ht=scontent-cdg6-1.cdninstagram.com&_nc_gid=cMFuvkV0Mj-YefmWr6Kqng&_nc_ss=7b6a8&oh=00_Af5V5Noyml9GsUuO2zK-xcnccd6WnmOGej7IvGGlG0Ep-Q&oe=69FE87E2,simona.1164,https://www.instagram.com/simona.1164,"Marmellata di albicocche,#prodottomisteriosopenny,#accettoregolamento,#holettoprivacypolicy",0,0,2026-04-28T21:18:42.000Z,18014499485688612,59980875271,2026-05-04T16:14:49.674Z,https://www.instagram.com/p/DXotHFAjcSM
https://scontent-cdg4-2.cdninstagram.com/v/t51.2885-19/308857466_180385441185653_1606220198387658673_n.jpg?stp=dst-jpg_s150x150_tt6&_nc_cat=109&ccb=7-5&_nc_sid=f7ccc5&efg=eyJ2ZW5jb2RlX3RhZyI6InByb2ZpbGVfcGljLnd3dy43MjAuQzMifQ%3D%3D&_nc_ohc=AEwanUlL1k0Q7kNvwFdMNlF&_nc_oc=AdoJL_VXQl8u83GQTUb788yWICbYeUysAPOw80tyV97BvnCUD4yDRgwwewYEkdBEFlE&_nc_zt=24&_nc_ht=scontent-cdg4-2.cdninstagram.com&_nc_ss=7b6a8&oh=00_Af7kYLq-3qZn6Ab_JLpYTaXs2iavXo8RyMb8Vn_JkWvblw&oe=69FE8CE8,carnabuciottavia,https://www.instagram.com/carnabuciottavia,Confettura di albicocche #ilprodottomisteriosopenny #accettoregolamento #holettoprivacypolicy,0,0,2026-04-30T11:44:05.000Z,18108902759507369,55737033257,2026-05-04T16:14:49.674Z,https://www.instagram.com/p/DXotHFAjcSM
https://scontent-cdg4-1.cdninstagram.com/v/t51.2885-19/41594478_238200710207130_7856716488399388672_n.jpg?stp=dst-jpg_s150x150_tt6&_nc_cat=110&ccb=7-5&_nc_sid=f7ccc5&efg=eyJ2ZW5jb2RlX3RhZyI6InByb2ZpbGVfcGljLnd3dy4xMDgwLkMzIn0%3D&_nc_ohc=5UeTFUcJPP4Q7kNvwFa9LKn&_nc_oc=Ado66wUDMY1MPGrF-Xrc9kIH8Kq3_yeTiz5eyCTaq1CLhGx-sn_1Zn1CjaPYNwVqHvg&_nc_zt=24&_nc_ht=scontent-cdg4-1.cdninstagram.com&_nc_ss=7b6a8&oh=00_Af4BInr0LGXw_zd1avfDHTQVZMjWP0S2Yf86TEcW1F5GqQ&oe=69FEA4C8,krisgiuly,https://www.instagram.com/krisgiuly,Confettura di albicocca Welless #ilprodottomisteriosopenny #prodottomisteriosopenny #accettoregolamento #holettoprivacypolicy,0,0,2026-04-30T18:35:31.000Z,18096929765036903,6697654412,2026-05-04T16:14:49.674Z,https://www.instagram.com/p/DXotHFAjcSM
https://scontent-cdg4-1.cdninstagram.com/v/t51.2885-19/47286153_396545881082860_2954769063915552768_n.jpg?stp=dst-jpg_s150x150_tt6&_nc_cat=108&ccb=7-5&_nc_sid=f7ccc5&efg=eyJ2ZW5jb2RlX3RhZyI6InByb2ZpbGVfcGljLnd3dy43NDMuQzMifQ%3D%3D&_nc_ohc=82bOXBAG8DcQ7kNvwEd0UqZ&_nc_oc=AdokSDjKhdKTBRQmT4hMgSyNVwkJZh9nybOWs8cKRjpw8Z29MRFrgyYUCqG0rHpQTgI&_nc_zt=24&_nc_ht=scontent-cdg4-1.cdninstagram.com&_nc_ss=7b6a8&oh=00_Af5K_OopnH9pBIR3ZpSDGwUC7hBHWBesMAIIPoOYx7qoXQ&oe=69FEA27E,erminia_schimmenti,https://www.instagram.com/erminia_schimmenti,Confettura di albicocche senza zucchero #prodottomisteriosopenny #holettoprivacypolicy  #accettoregolamento,0,0,2026-04-28T20:49:33.000Z,18097554020040364,1292300324,2026-05-04T16:14:49.674Z,https://www.instagram.com/p/DXotHFAjcSM
https://scontent-cdg4-1.cdninstagram.com/v/t51.82787-19/561587732_18298144075264408_2970952440770986062_n.jpg?stp=dst-jpg_s150x150_tt6&_nc_cat=110&ccb=7-5&_nc_sid=f7ccc5&efg=eyJ2ZW5jb2RlX3RhZyI6InByb2ZpbGVfcGljLnd3dy4xMDgwLkMzIn0%3D&_nc_ohc=yFVye8zdHlAQ7kNvwECyrpp&_nc_oc=Adpsa-WAXUhAEYImtE0HGR5hlZbCjPkcdqhXRg6sKLiiPx6BIg_-wvkkNbNfMOkjJqU&_nc_zt=24&_nc_ht=scontent-cdg4-1.cdninstagram.com&_nc_gid=cMFuvkV0Mj-YefmWr6Kqng&_nc_ss=7b6a8&oh=00_Af45SuizReExRpwhckKuALDdDbmXh4qZpJCOTPutR_A2lg&oe=69FE7ED2,mariexpresstore,https://www.instagram.com/mariexpresstore,"Marmellata di albicocche #ilprodottomisteriosoPENNY
#accettoregolamento
#holettoprivacypolicy",0,0,2026-05-01T06:06:07.000Z,18085550537069663,7958248407,2026-05-04T16:14:49.674Z,https://www.instagram.com/p/DXotHFAjcSM
https://scontent-cdg6-1.cdninstagram.com/v/t51.89012-19/573323465_1219825463302212_7278921664109726296_n.jpg?stp=dst-jpg_s150x150_tt6&_nc_cat=1&ccb=7-5&_nc_sid=f7ccc5&efg=eyJ2ZW5jb2RlX3RhZyI6InByb2ZpbGVfcGljLnd3dy5DMyJ9&_nc_ohc=Pf4Jx7fI-JMQ7kNvwEdnA1r&_nc_oc=AdrM5ak9ThOqfmCIPi6cg4Jm_5TeInAUOEZd_c63seXXEeGj0StKGP4VtTRRkluVdEU&_nc_zt=24&_nc_ht=scontent-cdg6-1.cdninstagram.com&_nc_gid=cMFuvkV0Mj-YefmWr6Kqng&_nc_ss=7b6a8&oh=00_Af5V5Noyml9GsUuO2zK-xcnccd6WnmOGej7IvGGlG0Ep-Q&oe=69FE87E2,carra.gianni,https://www.instagram.com/carra.gianni,Marmellata di albicocche #ilprodottomisteriosopenny #accettoregolamento #holettoprivacypolicy,0,0,2026-04-30T21:09:43.000Z,18092304398335566,18035432557,2026-05-04T16:14:49.674Z,https://www.instagram.com/p/DXotHFAjcSM
https://scontent-cdg6-1.cdninstagram.com/v/t51.89012-19/573323465_1219825463302212_7278921664109726296_n.jpg?stp=dst-jpg_s150x150_tt6&_nc_cat=1&ccb=7-5&_nc_sid=f7ccc5&efg=eyJ2ZW5jb2RlX3RhZyI6InByb2ZpbGVfcGljLnd3dy5DMyJ9&_nc_ohc=Pf4Jx7fI-JMQ7kNvwEdnA1r&_nc_oc=AdrM5ak9ThOqfmCIPi6cg4Jm_5TeInAUOEZd_c63seXXEeGj0StKGP4VtTRRkluVdEU&_nc_zt=24&_nc_ht=scontent-cdg6-1.cdninstagram.com&_nc_gid=cMFuvkV0Mj-YefmWr6Kqng&_nc_ss=7b6a8&oh=00_Af5V5Noyml9GsUuO2zK-xcnccd6WnmOGej7IvGGlG0Ep-Q&oe=69FE87E2,ros123856,https://www.instagram.com/ros123856,"burro di arachidi (crema di arachidi 100%)
#prodottomisteriosoPENNY, #accettoregolamento #holettoprivacypolicy",0,0,2026-04-29T16:24:52.000Z,18135351985542231,77503996648,2026-05-04T16:14:49.674Z,https://www.instagram.com/p/DXotHFAjcSM
https://scontent-cdg4-2.cdninstagram.com/v/t51.2885-19/24332340_171932596734887_4577592683995856896_n.jpg?stp=dst-jpg_s150x150_tt6&_nc_cat=100&ccb=7-5&_nc_sid=f7ccc5&efg=eyJ2ZW5jb2RlX3RhZyI6InByb2ZpbGVfcGljLnd3dy4yMDAuQzMifQ%3D%3D&_nc_ohc=EizZAqZ9OiUQ7kNvwHjChKQ&_nc_oc=Adoht7S1XD77xAObJ0q6tg2Cgu_ACK5kURn58Tf2vW6pttNeVHwnze9TwMRzHn_uQ7c&_nc_zt=24&_nc_ht=scontent-cdg4-2.cdninstagram.com&_nc_ss=7b6a8&oh=00_Af7W4J_fcIb-1KdEUl4aq5_5gQ2J9cro7gocl8-R2HVrnQ&oe=69FE93E8,monicacarabetta,https://www.instagram.com/monicacarabetta,Confettura di albicocche.  #ilprodottomisteriosoPENNY  #accettoregolamento  #holettoprivacypolicy,0,0,2026-05-02T06:07:17.000Z,17901062544425400,6730596373,2026-05-04T16:14:49.674Z,https://www.instagram.com/p/DXotHFAjcSM
https://scontent-cdg4-1.cdninstagram.com/v/t51.2885-19/20479191_336254940157648_8963617839336390656_a.jpg?stp=dst-jpg_s150x150_tt6&_nc_cat=102&ccb=7-5&_nc_sid=f7ccc5&efg=eyJ2ZW5jb2RlX3RhZyI6InByb2ZpbGVfcGljLnd3dy4yMDAuQzMifQ%3D%3D&_nc_ohc=MUTMjjtzW2YQ7kNvwG1Mcts&_nc_oc=AdoWoyoyD1aprGxaf3WGaIrzZWOb7jmuibCUtSHoIQ-RGp-DQHTpiKTpNqT3yjr4XRg&_nc_zt=24&_nc_ht=scontent-cdg4-1.cdninstagram.com&_nc_ss=7b6a8&oh=00_Af55WESUUB_fLyRXKvgbR_54DpseNhrccVNzUJOFf8_TSg&oe=69FEAA85,micaela_cat,https://www.instagram.com/micaela_cat,Confettura di albicocca senza zuccheri aggiunti. #ilprodottomisteriosopenny #accettoregolamento #holettoprivacypolicy,0,0,2026-04-29T19:24:44.000Z,17887010133374465,2094477773,2026-05-04T16:15:03.546Z,https://www.instagram.com/p/DXotHFAjcSM
https://scontent-cdg6-1.cdninstagram.com/v/t51.2885-19/10831996_1514619652131114_2142972701_a.jpg?_nc_cat=103&ccb=7-5&_nc_sid=f7ccc5&efg=eyJ2ZW5jb2RlX3RhZyI6InByb2ZpbGVfcGljLnd3dy4xNTAuQzMifQ%3D%3D&_nc_ohc=dzYIJc_hT5gQ7kNvwFe-XiF&_nc_oc=AdoVLJN_C7uLCvfXd5XjaMmrtUrlgUDAYUwGhnn5FNri6VkPm7LtXaG2jc8SY2cDRBc&_nc_zt=24&_nc_ht=scontent-cdg6-1.cdninstagram.com&_nc_ss=7b6a8&oh=00_Af4RlSc0MyshESBMjdfPY8OgG3T1mSMnf287vUzbNPOe9Q&oe=69FE992A,marinella_manzoni,https://www.instagram.com/marinella_manzoni,confettura di albicocche senza zuccheri aggiunti #ilprodottomisteriosopenny #accettoregolamento #holettoprivacypolicy,0,0,2026-04-30T15:06:02.000Z,18007856693712319,1596938690,2026-05-04T16:15:03.546Z,https://www.instagram.com/p/DXotHFAjcSM
https://scontent-cdg4-1.cdninstagram.com/v/t51.2885-19/131350841_2836812309909841_2430159695204676771_n.jpg?stp=dst-jpg_s150x150_tt6&_nc_cat=110&ccb=7-5&_nc_sid=f7ccc5&efg=eyJ2ZW5jb2RlX3RhZyI6InByb2ZpbGVfcGljLnd3dy42MjMuQzMifQ%3D%3D&_nc_ohc=YjlhRCC3D_IQ7kNvwHg47a4&_nc_oc=AdrBZr02iby5rGZTU6CCL1eZ7NMlTb16PRFKkmjnUAdCT5-QyTIb-XM-Ab_XFr1Asho&_nc_zt=24&_nc_ht=scontent-cdg4-1.cdninstagram.com&_nc_ss=7b6a8&oh=00_Af6cqYjnSve3TGjHWM7_olkdFGJ0Pt8niq34Ko36zQ2o9g&oe=69FEA67A,margheritar80,https://www.instagram.com/margheritar80,Confettura di albicocche senza zuccheri aggiunti #ilprodottomisteriosopenny #accettoregolamento #holettoprivacypolicy,0,0,2026-04-30T11:32:24.000Z,18070076192314730,1618616133,2026-05-04T16:15:03.546Z,https://www.instagram.com/p/DXotHFAjcSM
https://scontent-cdg6-1.cdninstagram.com/v/t51.2885-19/134681230_2891832354433508_6166189575587475423_n.jpg?stp=dst-jpg_s150x150_tt6&_nc_cat=106&ccb=7-5&_nc_sid=f7ccc5&efg=eyJ2ZW5jb2RlX3RhZyI6InByb2ZpbGVfcGljLnd3dy42ODAuQzMifQ%3D%3D&_nc_ohc=-5jlAlsvzu4Q7kNvwGEYtGw&_nc_oc=Adq_HyJJ5ZwRH3tt-E90jj9CsaEYJ3qimtuMWio-cnsGj57AF4683H75TWk_cgj5om4&_nc_zt=24&_nc_ht=scontent-cdg6-1.cdninstagram.com&_nc_ss=7b6a8&oh=00_Af6bfb8wuu_Z8gztdeQqeVCAA70_EZXC-TkinjITuwl8Cg&oe=69FE8E30,ritangres,https://www.instagram.com/ritangres,"Confettura di albicocche senza zuccheri aggiunti #ilprodottomisteriosopenny 
#accettoregolamento 
#holettoprivacypolicy",0,0,2026-04-30T14:57:37.000Z,17945207463179544,2289985889,2026-05-04T16:15:03.546Z,https://www.instagram.com/p/DXotHFAjcSM
https://scontent-cdg6-1.cdninstagram.com/v/t51.2885-19/277473399_1015277682701354_830231393611302707_n.jpg?stp=dst-jpg_s150x150_tt6&_nc_cat=103&ccb=7-5&_nc_sid=f7ccc5&efg=eyJ2ZW5jb2RlX3RhZyI6InByb2ZpbGVfcGljLnd3dy4xMDgwLkMzIn0%3D&_nc_ohc=22TVmjAeQEMQ7kNvwH8PJok&_nc_oc=AdquQqswhtSJ4UBfchKSrS1O6YoB_bLlfSzwTN6rJMjaUExsyv8I09yvqrsIDQa3JZA&_nc_zt=24&_nc_ht=scontent-cdg6-1.cdninstagram.com&_nc_ss=7b6a8&oh=00_Af6UNfTl_z_d_Xm5OwNb8cougZPEXP1i2m5rIwuw-9_oAQ&oe=69FE8155,passione_tester_,https://www.instagram.com/passione_tester_,Hummus di carote #prodottomisteriosopenny #accettoregolamento #holettoprivacypolicy,0,0,2026-04-29T12:55:32.000Z,18152513386415546,52604534681,2026-05-04T16:15:03.546Z,https://www.instagram.com/p/DXotHFAjcSM
https://scontent-cdg4-3.cdninstagram.com/v/t51.2885-19/93758974_531547421127203_441572541253812224_n.jpg?stp=dst-jpg_s150x150_tt6&_nc_cat=111&ccb=7-5&_nc_sid=f7ccc5&efg=eyJ2ZW5jb2RlX3RhZyI6InByb2ZpbGVfcGljLnd3dy4xMDgwLkMzIn0%3D&_nc_ohc=G71rM4oBmn8Q7kNvwFu5mNV&_nc_oc=AdosVYCafZZwLPU7mchRXsJr0zwU9ZHsqLD4Kw_ECizFlx1siFFtJVTekXpRJIvEtTE&_nc_zt=24&_nc_ht=scontent-cdg4-3.cdninstagram.com&_nc_ss=7b6a8&oh=00_Af6JBhr3Q4TMLl9c-blLWiCAQ0zZ3xcGdS7xb-obAeaIJg&oe=69FEB18F,luke__ph,https://www.instagram.com/luke__ph,"marmellata di albicocca #prodottomisteriosoPENNY, #accettoregolamento e #holettoprivacypolicy",0,0,2026-05-01T05:43:25.000Z,18130689967604934,33422982150,2026-05-04T16:15:03.546Z,https://www.instagram.com/p/DXotHFAjcSM
https://scontent-cdg4-1.cdninstagram.com/v/t51.2885-19/74898967_2472148486245088_8163858799556296704_n.jpg?stp=dst-jpg_s150x150_tt6&_nc_cat=110&ccb=7-5&_nc_sid=f7ccc5&efg=eyJ2ZW5jb2RlX3RhZyI6InByb2ZpbGVfcGljLnd3dy40MDAuQzMifQ%3D%3D&_nc_ohc=h5khfo0QhJ0Q7kNvwGD_3QD&_nc_oc=AdpXyNWPe-ILLi4vMHRub9Cr9wFgd3qWjYvn0oYgSnS_rTrxYhcEksuEeLfQJ2aMm-c&_nc_zt=24&_nc_ht=scontent-cdg4-1.cdninstagram.com&_nc_ss=7b6a8&oh=00_Af7V-8BdUKbrC36L8yw5mKtR3l6IHaOlsrXGUXC6jU-yHg&oe=69FE81DC,essee.ei,https://www.instagram.com/essee.ei,Confettura senza zucchero di albicocca #ilprodottomisteriosopenny #accettoregolamento #holettoprivacypolicy,0,0,2026-04-30T21:44:55.000Z,18321468625271758,26317426575,2026-05-04T16:15:03.546Z,https://www.instagram.com/p/DXotHFAjcSM
https://scontent-cdg4-1.cdninstagram.com/v/t51.2885-19/414223773_1095693878278391_6638827967653432330_n.jpg?stp=dst-jpg_s150x150_tt6&_nc_cat=110&ccb=7-5&_nc_sid=f7ccc5&efg=eyJ2ZW5jb2RlX3RhZyI6InByb2ZpbGVfcGljLnd3dy4xMDgwLkMzIn0%3D&_nc_ohc=tDmalhFKto4Q7kNvwGo7b7B&_nc_oc=AdoqWcvNhQNDGYg_FTj5XLnAgDLB4s-4Wq7LgAw-uGn_AtXNxGbrwTmFEQDl7Id8K3Y&_nc_zt=24&_nc_ht=scontent-cdg4-1.cdninstagram.com&_nc_ss=7b6a8&oh=00_Af4KKOeDGTIBH2XyCY_QdwBFRRO0Gc4jAy7VXyh_iJtycw&oe=69FE8F0F,annave77,https://www.instagram.com/annave77,Crema di arachidi #prodottomisteriosopenny #accettoregolamento #holettoprivacypolicy,0,0,2026-04-28T11:53:28.000Z,17963971236071390,1288982103,2026-05-04T16:15:03.546Z,https://www.instagram.com/p/DXotHFAjcSM
https://scontent-cdg6-1.cdninstagram.com/v/t51.2885-19/468865479_1267742021093875_9147759206537027330_n.jpg?stp=dst-jpg_s150x150_tt6&_nc_cat=105&ccb=7-5&_nc_sid=f7ccc5&efg=eyJ2ZW5jb2RlX3RhZyI6InByb2ZpbGVfcGljLnd3dy43NTAuQzMifQ%3D%3D&_nc_ohc=rG3yKjVgUSgQ7kNvwFj0bwR&_nc_oc=Ado9qw24qCv6qRsJP1-ZRAZXVQQdv3LlMxZIorz8bnOojLHK5VhwlO6Jo28PzMaoQIg&_nc_zt=24&_nc_ht=scontent-cdg6-1.cdninstagram.com&_nc_ss=7b6a8&oh=00_Af4u7qAwXy9RhkJxFlNV6BisI4xfoH8jJX5-g06TzNiRIg&oe=69FEA2EE,_giulianicolis,https://www.instagram.com/_giulianicolis,"Confettura di albicocca a ridotto contenuto calorico (220 g), senza zuccheri aggiunti e - 75% di calorie #ilprodottomisteriosopenny #accettoregolamento #holettoprivacypolicy",0,0,2026-04-28T07:49:45.000Z,18099677084050563,511434194,2026-05-04T16:15:03.546Z,https://www.instagram.com/p/DXotHFAjcSM
https://scontent-cdg4-2.cdninstagram.com/v/t51.2885-19/466603851_492947527108292_4287752104539524183_n.jpg?stp=dst-jpg_s150x150_tt6&_nc_cat=107&ccb=7-5&_nc_sid=f7ccc5&efg=eyJ2ZW5jb2RlX3RhZyI6InByb2ZpbGVfcGljLnd3dy4xMDgwLkMzIn0%3D&_nc_ohc=My7pk5cC98wQ7kNvwGyiHOZ&_nc_oc=AdrhLKyX8JpxGDK3aGXbSJ5uQ3M6S_3CvZJ3sHbJEVxr3FpDCfV-noXicu95w9jsg5g&_nc_zt=24&_nc_ht=scontent-cdg4-2.cdninstagram.com&_nc_ss=7b6a8&oh=00_Af6oJE_9PBfJSi2Q_SGTJtjcQTtqeJK5SeYtKSWQEa3JMQ&oe=69FEA951,duegiridolio_mr,https://www.instagram.com/duegiridolio_mr,Confettura di Albicocca #ilprodottomisteriosopenny #accettoregolanento #holettoprivacypolicy,1,0,2026-04-30T13:21:14.000Z,17963820576075069,65802078900,2026-05-04T16:15:03.546Z,https://www.instagram.com/p/DXotHFAjcSM
https://scontent-cdg4-3.cdninstagram.com/v/t51.2885-19/293827760_604387381031483_5102183395944733951_n.jpg?stp=dst-jpg_s150x150_tt6&_nc_cat=111&ccb=7-5&_nc_sid=f7ccc5&efg=eyJ2ZW5jb2RlX3RhZyI6InByb2ZpbGVfcGljLnd3dy45OTkuQzMifQ%3D%3D&_nc_ohc=GISoLJwFB6MQ7kNvwGDH84r&_nc_oc=AdriK48f6B8Kg-JK9f8OZo56kMjdz0mrXs2wfrUYCaVqygLT8QrgfEMygiFwYDk19Bo&_nc_zt=24&_nc_ht=scontent-cdg4-3.cdninstagram.com&_nc_ss=7b6a8&oh=00_Af7bf4rFJKHgQH57iPTJ4WclNfMVvqFmVyvYBpSOwbKCgg&oe=69FE8424,debgio75,https://www.instagram.com/debgio75,Confettura di albicocche sensi aggiunta di zucchero. #ilprodottomisteriosopenny  #accettoilregolamento #holettoprivacypolicy,0,0,2026-04-28T11:56:26.000Z,18130699300499061,2023479123,2026-05-04T16:15:03.546Z,https://www.instagram.com/p/DXotHFAjcSM
https://scontent-cdg6-1.cdninstagram.com/v/t51.2885-19/448897070_1145343343402391_1283448840642634710_n.jpg?stp=dst-jpg_s150x150_tt6&_nc_cat=103&ccb=7-5&_nc_sid=f7ccc5&efg=eyJ2ZW5jb2RlX3RhZyI6InByb2ZpbGVfcGljLnd3dy45NjQuQzMifQ%3D%3D&_nc_ohc=fgq5ZuOy-88Q7kNvwG47SsO&_nc_oc=AdoKSIyyhMQOOQhAuFzc5OchCSIelHOrHhQnNA4tQAliqRn962KIuryBcOagckgVY9c&_nc_zt=24&_nc_ht=scontent-cdg6-1.cdninstagram.com&_nc_ss=7b6a8&oh=00_Af5KR7_3sN5INmU8K2HFXYba4z0BRUyR5HBn7F8ayDUjEQ&oe=69FE7D3D,ornellasky.traveler,https://www.instagram.com/ornellasky.traveler,"Marmellata di albicocca senza zuccheri #prodottomisteriosopenny #accettoregolamento
#holettoprivacypolicy",0,0,2026-04-28T12:29:55.000Z,18089157470252852,301827356,2026-05-04T16:15:03.546Z,https://www.instagram.com/p/DXotHFAjcSM
https://scontent-cdg4-2.cdninstagram.com/v/t51.2885-19/74442702_997372780626079_8192080132010147840_n.jpg?stp=dst-jpg_s150x150_tt6&_nc_cat=107&ccb=7-5&_nc_sid=f7ccc5&efg=eyJ2ZW5jb2RlX3RhZyI6InByb2ZpbGVfcGljLnd3dy45MDAuQzMifQ%3D%3D&_nc_ohc=arp8vzkAl5MQ7kNvwG5hvSc&_nc_oc=AdqqzCaum1Wcpu6DHiJXDIgz05t9Uk7M7jAI13ixkZnSmCkeyfuP6EJXFxghn328MLE&_nc_zt=24&_nc_ht=scontent-cdg4-2.cdninstagram.com&_nc_ss=7b6a8&oh=00_Af6UkhyqGK80mA7UxorRTKVzyPv5eZhLjyftV8MfziyR3Q&oe=69FEA945,26_lella,https://www.instagram.com/26_lella,Marmellata di albicocca senza zuccheri aggiunti#prodottomisteriosopenny#accettoregolamento#holettoprivacypolicy,0,0,2026-04-28T11:51:00.000Z,17994764057937782,17451071877,2026-05-04T16:15:03.546Z,https://www.instagram.com/p/DXotHFAjcSM
https://scontent-cdg4-2.cdninstagram.com/v/t51.2885-19/305394201_1104014427150242_4837384005031725693_n.jpg?stp=dst-jpg_s150x150_tt6&_nc_cat=107&ccb=7-5&_nc_sid=f7ccc5&efg=eyJ2ZW5jb2RlX3RhZyI6InByb2ZpbGVfcGljLnd3dy4xMDgwLkMzIn0%3D&_nc_ohc=kro7TShhmfwQ7kNvwH0h_j0&_nc_oc=AdqIgVJy11q6D8mgYy_IGkCGP7X3y8HXpN6SOJztR6SqbR7pdOXMEf3WYgSr2Ovt2oM&_nc_zt=24&_nc_ht=scontent-cdg4-2.cdninstagram.com&_nc_ss=7b6a8&oh=00_Af7O0PPG9FoHIBSHSZpxWMsmamHfYlaD67gNianHGJIgxg&oe=69FE8FB0,marco.bassani,https://www.instagram.com/marco.bassani,Confettura di albicocche #prodottomisteriosopenny #accettoregolamento #holettoprivacypolicy,0,0,2026-04-30T09:55:13.000Z,18089710298263461,774343892,2026-05-04T16:15:03.546Z,https://www.instagram.com/p/DXotHFAjcSM
https://scontent-cdg4-2.cdninstagram.com/v/t51.2885-19/299297189_481849219940526_4627309069248017700_n.jpg?stp=dst-jpg_s150x150_tt6&_nc_cat=100&ccb=7-5&_nc_sid=f7ccc5&efg=eyJ2ZW5jb2RlX3RhZyI6InByb2ZpbGVfcGljLnd3dy4xMDgwLkMzIn0%3D&_nc_ohc=Nk8G2M9Odi8Q7kNvwEdVScr&_nc_oc=Adq5xCct9r88Rlt8IofAKWyu9EvNaBUcmETkVGhzYSexoI4nh-CqdRQ70wrcJtkrWGI&_nc_zt=24&_nc_ht=scontent-cdg4-2.cdninstagram.com&_nc_ss=7b6a8&oh=00_Af6I79MpX5AnZ_wCMmM4xPjDnqvcSBQc-p767gUKx7VKtg&oe=69FE8342,giamaicaim,https://www.instagram.com/giamaicaim,Confettura di albicocche #prodottomisteriosopenny #accettoregolamento #holettoprivacypolicy,0,0,2026-04-30T12:08:55.000Z,18102706726786689,6811402523,2026-05-04T16:15:03.546Z,https://www.instagram.com/p/DXotHFAjcSM
https://scontent-cdg4-2.cdninstagram.com/v/t51.2885-19/11085176_684218675016631_1486320507_a.jpg?_nc_cat=101&ccb=7-5&_nc_sid=f7ccc5&efg=eyJ2ZW5jb2RlX3RhZyI6InByb2ZpbGVfcGljLnd3dy4xNTAuQzMifQ%3D%3D&_nc_ohc=OQnVBGsPWKgQ7kNvwHVTo0k&_nc_oc=AdqfRjze1tmFbXqN6xynJIL7uhi8PkxPcHjD6sb07WK4Qi1pzCCBqnIj2LascqoN7_g&_nc_zt=24&_nc_ht=scontent-cdg4-2.cdninstagram.com&_nc_ss=7b6a8&oh=00_Af7oXiCoDivOsfyY-J7gcIrOZfaMC14EMidEjCY2pQL-Jw&oe=69FE8647,spinosa_pina,https://www.instagram.com/spinosa_pina,Confettura di albicocca Welless senza zuccheri aggiunti #ilprodottomisteriosopenny #accettoregolamento #holettoprivacypolicy,0,0,2026-04-30T15:21:29.000Z,18375139144160206,392342718,2026-05-04T16:15:17.162Z,https://www.instagram.com/p/DXotHFAjcSM
https://scontent-cdg4-3.cdninstagram.com/v/t51.82787-19/601030804_18205183714316714_2911175266747407305_n.jpg?stp=dst-jpg_s150x150_tt6&_nc_cat=111&ccb=7-5&_nc_sid=f7ccc5&efg=eyJ2ZW5jb2RlX3RhZyI6InByb2ZpbGVfcGljLnd3dy4xMDgwLkMzIn0%3D&_nc_ohc=jicPIBw_H6MQ7kNvwEciMAK&_nc_oc=AdoF5jnGbRxmW8PtBkMxBZI1Y2GUBxW5hZWLsfM-1lkRUreuxijaWVy6QKNXcmeKrGE&_nc_zt=24&_nc_ht=scontent-cdg4-3.cdninstagram.com&_nc_gid=u_m0VRpKcgGh4PNY5S7WwQ&_nc_ss=7b6a8&oh=00_Af71wlF1Wk5myyjQHX-A4ZWWLlM1YCc95GeoCkALNaL3PQ&oe=69FE9216,marisa.papagni.35,https://www.instagram.com/marisa.papagni.35,Marmellata senza zucchero alla Pesca,0,0,2026-04-30T20:14:58.000Z,17857231644650725,9505036713,2026-05-04T16:15:17.162Z,https://www.instagram.com/p/DXotHFAjcSM
https://scontent-cdg4-1.cdninstagram.com/v/t51.2885-19/335643873_223059910214511_8315844326722429511_n.jpg?stp=dst-jpg_s150x150_tt6&_nc_cat=104&ccb=7-5&_nc_sid=f7ccc5&efg=eyJ2ZW5jb2RlX3RhZyI6InByb2ZpbGVfcGljLnd3dy44MTAuQzMifQ%3D%3D&_nc_ohc=-r22g17asYoQ7kNvwGSDhif&_nc_oc=AdoxLJhNdBBfMTFeUlB6tyVIC8E3mVQZFJ8sJzYWJliG2_S-JHcWjvzexJ3xqsjZiFk&_nc_zt=24&_nc_ht=scontent-cdg4-1.cdninstagram.com&_nc_ss=7b6a8&oh=00_Af40kf7JLlXBNmKlJcCDVuBp8R_3ML6EKjvs8bXN9FwgBQ&oe=69FE9081,madame_735,https://www.instagram.com/madame_735,Confettura di albicocche senza zuccheri aggiunti #ilprodottomisteriosopenny #accettoilregolamento #holettoprivacypolicy,0,0,2026-04-30T12:42:50.000Z,18094566899467733,57321856971,2026-05-04T16:15:17.162Z,https://www.instagram.com/p/DXotHFAjcSM
https://scontent-cdg4-2.cdninstagram.com/v/t51.2885-19/456334397_523800310338792_2950155732479158187_n.jpg?stp=dst-jpg_s150x150_tt6&_nc_cat=100&ccb=7-5&_nc_sid=f7ccc5&efg=eyJ2ZW5jb2RlX3RhZyI6InByb2ZpbGVfcGljLnd3dy4xMDgwLkMzIn0%3D&_nc_ohc=8nhY1lTz6LAQ7kNvwFZMhHf&_nc_oc=AdqFL2i-g1PzdOn-dA9tu7xzvi6vf09356AaAZjPGbQFktWxBWUc6HEx06fQ8RLQ1RQ&_nc_zt=24&_nc_ht=scontent-cdg4-2.cdninstagram.com&_nc_ss=7b6a8&oh=00_Af4X1vhtOFPmT_E-hbjY_6D6lU1-_qQUFQJu3Ebdbw37uQ&oe=69FEA94B,cherubinimariafavaragiuseppe,https://www.instagram.com/cherubinimariafavaragiuseppe,Confettura di albicocche senza zuccheri  aggiunti #ilprodottomisteriosopenny  #accettoilregolamento #holettoprivacypolicy,0,0,2026-04-30T13:08:27.000Z,18095198930154477,5744305798,2026-05-04T16:15:17.162Z,https://www.instagram.com/p/DXotHFAjcSM
https://scontent-cdg4-1.cdninstagram.com/v/t51.82787-19/573051797_18535815184043350_4506265987515555087_n.jpg?stp=dst-jpg_s150x150_tt6&_nc_cat=108&ccb=7-5&_nc_sid=f7ccc5&efg=eyJ2ZW5jb2RlX3RhZyI6InByb2ZpbGVfcGljLnd3dy4xMDgwLkMzIn0%3D&_nc_ohc=tWmVdaKUb84Q7kNvwGV2WaG&_nc_oc=Adrm1TKRoND5vqkVWyev-e3O_x1wGhPy-aOzbUCZE-54cWQnXdpxoavQMO6tw7NXDq8&_nc_zt=24&_nc_ht=scontent-cdg4-1.cdninstagram.com&_nc_gid=u_m0VRpKcgGh4PNY5S7WwQ&_nc_ss=7b6a8&oh=00_Af4mJVFxz5E6eb0IQbV0sWOfNd8WYBpYq-d1yIRwC6AL7A&oe=69FE7E1A,frt82,https://www.instagram.com/frt82,Confettura di albicocche senza zuccheri aggiunti #ilprodottomisteriosopenny #accettoilregolamento #holettoprivacypolicy,0,0,2026-04-30T14:55:18.000Z,18110709004876711,431659349,2026-05-04T16:15:17.162Z,https://www.instagram.com/p/DXotHFAjcSM
https://scontent-cdg6-1.cdninstagram.com/v/t51.2885-19/456866439_1141159506990447_3864879583424003355_n.jpg?stp=dst-jpg_s150x150_tt6&_nc_cat=105&ccb=7-5&_nc_sid=f7ccc5&efg=eyJ2ZW5jb2RlX3RhZyI6InByb2ZpbGVfcGljLnd3dy45ODAuQzMifQ%3D%3D&_nc_ohc=65pVzxk3TUAQ7kNvwGnv1oL&_nc_oc=Adowk78hbGWPK59-3Zq9HvP6ZB_i4-LJhvuYU4m_ASn3TGCgFfopXZdaJCQd-QKj-XA&_nc_zt=24&_nc_ht=scontent-cdg6-1.cdninstagram.com&_nc_ss=7b6a8&oh=00_Af4ctDHZpgls48WBjNGszYLvfxjRfqiF-naScE9jHLOv7Q&oe=69FE8985,___sonia_nails___,https://www.instagram.com/___sonia_nails___,Confettura di albicocche #ilprodottomisteropenny #accettoregolamento #holettoprivacypolicy,0,0,2026-04-30T18:29:27.000Z,17880316671564368,68734223227,2026-05-04T16:15:17.162Z,https://www.instagram.com/p/DXotHFAjcSM
https://scontent-cdg6-1.cdninstagram.com/v/t51.2885-19/81118817_487864768600492_5861300903453130752_n.jpg?stp=dst-jpg_s150x150_tt6&_nc_cat=103&ccb=7-5&_nc_sid=f7ccc5&efg=eyJ2ZW5jb2RlX3RhZyI6InByb2ZpbGVfcGljLnd3dy4xMDgwLkMzIn0%3D&_nc_ohc=6HRUtlXKHogQ7kNvwG_Ejhr&_nc_oc=AdpP0c-9vH105kcjwBjRI5v4mG7UOe-jOirWXeevjkpGcM9__Pw06d1KSosu-QhJces&_nc_zt=24&_nc_ht=scontent-cdg6-1.cdninstagram.com&_nc_ss=7b6a8&oh=00_Af5YNBXtHj9k2D8VtANA-_uSE4_UvDuTLRlP0faaYWESWg&oe=69FEB06A,anna.mariaviolakitti,https://www.instagram.com/anna.mariaviolakitti,#ilprodottomisteriosopenny #accettoeregolamento #holettoprivacypolicy confettura di albicocche senza zuccheri aggiunti,0,0,2026-04-30T06:48:50.000Z,17959707123083143,26161524314,2026-05-04T16:15:17.162Z,https://www.instagram.com/p/DXotHFAjcSM
https://scontent-cdg4-2.cdninstagram.com/v/t51.2885-19/472898936_980415263901387_8074252688231427853_n.jpg?stp=dst-jpg_s150x150_tt6&_nc_cat=109&ccb=7-5&_nc_sid=f7ccc5&efg=eyJ2ZW5jb2RlX3RhZyI6InByb2ZpbGVfcGljLnd3dy4xMDAwLkMzIn0%3D&_nc_ohc=O1JbrcAx54MQ7kNvwGcfplm&_nc_oc=AdpE-SIW015Z3cHzTMEfSjBfY51mv2vwPkr0-TjhHsnOIqR1ZPZqgFzkcFzGP0_EaJE&_nc_zt=24&_nc_ht=scontent-cdg4-2.cdninstagram.com&_nc_ss=7b6a8&oh=00_Af5HeVg_zNl6-8tZzVWB0KLCxNJxkOX3u8fu-porP9G14A&oe=69FEA950,serzanzi,https://www.instagram.com/serzanzi,Confettura di albicocca  senza zucchero #prodottomisteriosoPENNY #accettoregolamento holettoprivacypolicy,0,0,2026-04-30T11:53:57.000Z,18404258701199322,174858786,2026-05-04T16:15:17.162Z,https://www.instagram.com/p/DXotHFAjcSM
https://scontent-cdg6-1.cdninstagram.com/v/t51.89012-19/573323465_1219825463302212_7278921664109726296_n.jpg?stp=dst-jpg_s150x150_tt6&_nc_cat=1&ccb=7-5&_nc_sid=f7ccc5&efg=eyJ2ZW5jb2RlX3RhZyI6InByb2ZpbGVfcGljLnd3dy5DMyJ9&_nc_ohc=Pf4Jx7fI-JMQ7kNvwEdnA1r&_nc_oc=AdrM5ak9ThOqfmCIPi6cg4Jm_5TeInAUOEZd_c63seXXEeGj0StKGP4VtTRRkluVdEU&_nc_zt=24&_nc_ht=scontent-cdg6-1.cdninstagram.com&_nc_gid=u_m0VRpKcgGh4PNY5S7WwQ&_nc_ss=7b6a8&oh=00_Af5kdkCyL8QTZYYSaLIUNeBQcdAA3a-j3iPyT8IMnv8lJg&oe=69FE87E2,reika0294,https://www.instagram.com/reika0294,Marmellata di albicocche senza zuccheri #ilprodottomisteriosopenny #accettoregolamento #holettoprivacypolicy,0,0,2026-05-04T08:40:37.000Z,18128630458603876,67966267720,2026-05-04T16:15:17.162Z,https://www.instagram.com/p/DXotHFAjcSM
https://scontent-cdg4-1.cdninstagram.com/v/t51.2885-19/449466232_7905649039481020_7791600187266121361_n.jpg?stp=dst-jpg_s150x150_tt6&_nc_cat=104&ccb=7-5&_nc_sid=f7ccc5&efg=eyJ2ZW5jb2RlX3RhZyI6InByb2ZpbGVfcGljLnd3dy4xMDgwLkMzIn0%3D&_nc_ohc=Ai47cc9h3mcQ7kNvwFxXTkV&_nc_oc=AdoJ31w4X4SBWCMPkm976KDxElr_ENDmAtgSLogyIhJbkVmlTHjJwaw9SHZ62gEBKUk&_nc_zt=24&_nc_ht=scontent-cdg4-1.cdninstagram.com&_nc_ss=7b6a8&oh=00_Af4gvJII95gRqB8DBj4AAAoQ6qmN41IsbIY0VAwO9C613Q&oe=69FE8783,lelo.tester,https://www.instagram.com/lelo.tester,Marmellata di albicocche senza zucchero aggiunti #ilprodottomisterioso #accettoregolamento #holettoprivacypolicy,0,0,2026-04-28T18:33:43.000Z,18116549614707660,67366752865,2026-05-04T16:15:17.162Z,https://www.instagram.com/p/DXotHFAjcSM
https://scontent-cdg6-1.cdninstagram.com/v/t51.89012-19/573323465_1219825463302212_7278921664109726296_n.jpg?stp=dst-jpg_s150x150_tt6&_nc_cat=1&ccb=7-5&_nc_sid=f7ccc5&efg=eyJ2ZW5jb2RlX3RhZyI6InByb2ZpbGVfcGljLnd3dy5DMyJ9&_nc_ohc=Pf4Jx7fI-JMQ7kNvwEdnA1r&_nc_oc=AdrM5ak9ThOqfmCIPi6cg4Jm_5TeInAUOEZd_c63seXXEeGj0StKGP4VtTRRkluVdEU&_nc_zt=24&_nc_ht=scontent-cdg6-1.cdninstagram.com&_nc_gid=u_m0VRpKcgGh4PNY5S7WwQ&_nc_ss=7b6a8&oh=00_Af5kdkCyL8QTZYYSaLIUNeBQcdAA3a-j3iPyT8IMnv8lJg&oe=69FE87E2,reynard_conigiiocurioso,https://www.instagram.com/reynard_conigiiocurioso,Confettura di albicocche senza zuccheri aggiunti #ilprodottomisteriosopenny #accettoreolamento #holettoprivacypolicy,0,0,2026-04-28T04:40:24.000Z,18101353610068858,26021103243,2026-05-04T16:15:17.162Z,https://www.instagram.com/p/DXotHFAjcSM
https://scontent-cdg4-1.cdninstagram.com/v/t51.2885-19/470270119_1122792219260664_5542502510356932348_n.jpg?stp=dst-jpg_s150x150_tt6&_nc_cat=108&ccb=7-5&_nc_sid=f7ccc5&efg=eyJ2ZW5jb2RlX3RhZyI6InByb2ZpbGVfcGljLnd3dy4xMDgwLkMzIn0%3D&_nc_ohc=Qjp1h1MEveUQ7kNvwFNm_Za&_nc_oc=AdodKQnkvQGqzuBiFAmh4MCwew2_RbFuJSRzEHqKa-g_UwTUNofjeOV96pafcWIgttA&_nc_zt=24&_nc_ht=scontent-cdg4-1.cdninstagram.com&_nc_ss=7b6a8&oh=00_Af4jVXlxf9YuWWGMSjKAjUeKkFaBbL4DfbzWaIshCPa3hg&oe=69FEA7CE,decomitecarmela,https://www.instagram.com/decomitecarmela,Confettura di Albicocche #ilprodottomisteriosoPENNY  #accettoregolamento #holettoprivacypolicy,0,0,2026-04-30T05:27:11.000Z,17983338383823408,48050435449,2026-05-04T16:15:17.162Z,https://www.instagram.com/p/DXotHFAjcSM
https://scontent-cdg6-1.cdninstagram.com/v/t51.2885-19/240580233_868626647091406_9114875350036912872_n.jpg?stp=dst-jpg_s150x150_tt6&_nc_cat=103&ccb=7-5&_nc_sid=f7ccc5&efg=eyJ2ZW5jb2RlX3RhZyI6InByb2ZpbGVfcGljLnd3dy4xMDgwLkMzIn0%3D&_nc_ohc=RUfg7HhQwRAQ7kNvwGMBhZ2&_nc_oc=AdoAqgZ2JChCs1HnO99bE1ADzdiyg8007p7EY3iygMXnll7LzWtJiC0826rPDe3XD7k&_nc_zt=24&_nc_ht=scontent-cdg6-1.cdninstagram.com&_nc_ss=7b6a8&oh=00_Af4HLywofq456nT_wDsxali_c_4JechAjrxlBH2nwEMc4g&oe=69FEABE5,francesca.gallo9782017,https://www.instagram.com/francesca.gallo9782017,#ilprodottomisteriosopenny#accettoregolamento#holettoprivacypolicy confettura di albicocche,0,0,2026-04-29T19:06:10.000Z,18101183734839967,5756196169,2026-05-04T16:15:17.162Z,https://www.instagram.com/p/DXotHFAjcSM
https://scontent-cdg4-1.cdninstagram.com/v/t51.2885-19/10899459_1577899022443011_1552090617_a.jpg?_nc_cat=108&ccb=7-5&_nc_sid=f7ccc5&efg=eyJ2ZW5jb2RlX3RhZyI6InByb2ZpbGVfcGljLnd3dy4xNTAuQzMifQ%3D%3D&_nc_ohc=vXJzv2FwjoQQ7kNvwExketD&_nc_oc=Adr8eO_rcCJJ4nKGvvbxo1lxRtPIn1ND88eDKgD3zF8vsg4GoggVzNayGeQ2vxQvD54&_nc_zt=24&_nc_ht=scontent-cdg4-1.cdninstagram.com&_nc_ss=7b6a8&oh=00_Af62BmFLAcbkgOEIjsC-kWy_53z3FYzPM5wq9npOMbGTtw&oe=69FE8BFB,tortuga1976,https://www.instagram.com/tortuga1976,Confettura di albicocche #ilprodottomisteriosoPENNY #accettoilregolamento #holettoprivacypolicy,0,0,2026-04-30T06:51:11.000Z,18050254454724238,636939541,2026-05-04T16:15:17.162Z,https://www.instagram.com/p/DXotHFAjcSM
https://scontent-cdg4-3.cdninstagram.com/v/t51.2885-19/21433970_1709056209112820_4155750762938368000_a.jpg?stp=dst-jpg_s150x150_tt6&_nc_cat=111&ccb=7-5&_nc_sid=f7ccc5&efg=eyJ2ZW5jb2RlX3RhZyI6InByb2ZpbGVfcGljLnd3dy44MDAuQzMifQ%3D%3D&_nc_ohc=u-ZwfsndyhIQ7kNvwF70QHY&_nc_oc=AdrICbU1FUki66FofLMuopmAkBtBL63ghDITUoMo2FjAgRjqfr0DTE6C7QaRHIlZXns&_nc_zt=24&_nc_ht=scontent-cdg4-3.cdninstagram.com&_nc_ss=7b6a8&oh=00_Af7H19kL1BSMi5TxV8wAzQ7hURTVD9ancr4mQvblqhKMuA&oe=69FE896E,lerennedisimo,https://www.instagram.com/lerennedisimo,"Confettura di albicocche #ilprodottomisteriosoPENNY, #accettoregolamento,
#holettoprivacypolicy",0,0,2026-04-30T18:46:19.000Z,17923151322301115,5995730963,2026-05-04T16:15:17.162Z,https://www.instagram.com/p/DXotHFAjcSM
https://scontent-cdg4-2.cdninstagram.com/v/t51.2885-19/412302934_1573984233406360_857730184724795651_n.jpg?stp=dst-jpg_s150x150_tt6&_nc_cat=101&ccb=7-5&_nc_sid=f7ccc5&efg=eyJ2ZW5jb2RlX3RhZyI6InByb2ZpbGVfcGljLnd3dy4xMDgwLkMzIn0%3D&_nc_ohc=2lMN0V1FYYQQ7kNvwGbrWPj&_nc_oc=AdorXk3I8KgLb8FbiU6RrzMCHUORMWnrq0CUf-W4KteelgyT1oVTSbbIT2ihVgMKn1M&_nc_zt=24&_nc_ht=scontent-cdg4-2.cdninstagram.com&_nc_ss=7b6a8&oh=00_Af7OVoc0HUkZK12Vyiq2kbTxbYq__exV1SaKhgHGSF2lyg&oe=69FEAB1F,giraldi.cristina,https://www.instagram.com/giraldi.cristina,"confettura di albicocca welless #ilprodottomisteriosoPENNY
#accettoregolamento
#holettoprivacypolicy",0,0,2026-04-30T07:11:09.000Z,17875449969598581,3147097905,2026-05-04T16:15:30.840Z,https://www.instagram.com/p/DXotHFAjcSM
https://scontent-cdg4-3.cdninstagram.com/v/t51.2885-19/24125636_540671236281247_1094105329102225408_n.jpg?stp=dst-jpg_s150x150_tt6&_nc_cat=111&ccb=7-5&_nc_sid=f7ccc5&efg=eyJ2ZW5jb2RlX3RhZyI6InByb2ZpbGVfcGljLnd3dy4yMDAuQzMifQ%3D%3D&_nc_ohc=eiJs3HpDPmgQ7kNvwFzJobu&_nc_oc=AdqFCcNevFL5cPb6wBEGHlQpaaaHp2FVgNKqZ7PYxdEbXSIYqf7-8W1TznVfmbMaTDo&_nc_zt=24&_nc_ht=scontent-cdg4-3.cdninstagram.com&_nc_ss=7b6a8&oh=00_Af5ZqNsgHXTzr__qSNLwCknPXvUePDujLFDXPK1X_aK0aA&oe=69FE8DCD,samanta_napoli,https://www.instagram.com/samanta_napoli,Confettura di  Albicocche.  #ilprodottomisteriosoPENNY  #accettoregolamento  #holettoprivacypolicy,0,0,2026-04-29T23:37:34.000Z,18118152226675654,6654491958,2026-05-04T16:15:30.840Z,https://www.instagram.com/p/DXotHFAjcSM
https://scontent-cdg4-2.cdninstagram.com/v/t51.2885-19/409740958_370053635668178_3379509469842543521_n.jpg?stp=dst-jpg_s150x150_tt6&_nc_cat=109&ccb=7-5&_nc_sid=f7ccc5&efg=eyJ2ZW5jb2RlX3RhZyI6InByb2ZpbGVfcGljLnd3dy4xODMuQzMifQ%3D%3D&_nc_ohc=uLgZhGVhEicQ7kNvwH0xs1T&_nc_oc=Adq5X5tv44Ynt2z3FTowjf6ZTySPdA5fY0AN3X2P8o_ksEl8mXOjQvGUKJ0qTbM1rfI&_nc_zt=24&_nc_ht=scontent-cdg4-2.cdninstagram.com&_nc_ss=7b6a8&oh=00_Af7cO5U2vs7nHeylNYmppTg-hAzdpeibUWXEetzPoHJhng&oe=69FE9B9C,manu__strong,https://www.instagram.com/manu__strong,Confettura di albicocche #ilprodottomisteriosoPENNY #accettoregolamento #holettoprivacypolicy,0,0,2026-04-30T01:49:34.000Z,18071584292298348,63562202067,2026-05-04T16:15:30.840Z,https://www.instagram.com/p/DXotHFAjcSM
https://scontent-cdg6-1.cdninstagram.com/v/t51.82787-19/619261478_18438935950105307_5800207938313134566_n.jpg?stp=dst-jpg_s150x150_tt6&_nc_cat=103&ccb=7-5&_nc_sid=f7ccc5&efg=eyJ2ZW5jb2RlX3RhZyI6InByb2ZpbGVfcGljLnd3dy4xMDgwLkMzIn0%3D&_nc_ohc=AC0qtkUDAdsQ7kNvwHvKjbl&_nc_oc=AdoWfCrethfChLfTkn7xDFmrOmDavpoR2NSoIJJncZvgQYduQ8BqPBhTSrx8MsK_lmU&_nc_zt=24&_nc_ht=scontent-cdg6-1.cdninstagram.com&_nc_gid=wSfd8G5LKsGKmnZvHb71LQ&_nc_ss=7b6a8&oh=00_Af6j7lVHjVwThFk9NBu_egM0rx9NydQxmpZ-QjHyTdIoqw&oe=69FE9974,sara_modonutti,https://www.instagram.com/sara_modonutti,Confettura di albicocche #ilprodottomisteriosopenny #accettoregolamento #holettoprivacypolicy,0,0,2026-04-30T12:48:57.000Z,18100149461004883,3293721306,2026-05-04T16:15:30.840Z,https://www.instagram.com/p/DXotHFAjcSM
https://scontent-cdg6-1.cdninstagram.com/v/t51.89012-19/573323465_1219825463302212_7278921664109726296_n.jpg?stp=dst-jpg_s150x150_tt6&_nc_cat=1&ccb=7-5&_nc_sid=f7ccc5&efg=eyJ2ZW5jb2RlX3RhZyI6InByb2ZpbGVfcGljLnd3dy5DMyJ9&_nc_ohc=Pf4Jx7fI-JMQ7kNvwEdnA1r&_nc_oc=AdrM5ak9ThOqfmCIPi6cg4Jm_5TeInAUOEZd_c63seXXEeGj0StKGP4VtTRRkluVdEU&_nc_zt=24&_nc_ht=scontent-cdg6-1.cdninstagram.com&_nc_gid=wSfd8G5LKsGKmnZvHb71LQ&_nc_ss=7b6a8&oh=00_Af6H6Sl-k9-bZKyFwsVWOfzDQfM0wZKNiFQPv0M5Sifg3w&oe=69FE87E2,100sibilla,https://www.instagram.com/100sibilla,Confettura di albicocche #ilprodottomisteriosopenny #accettoregolamento #holettoprivacypolicy,0,0,2026-04-29T20:09:17.000Z,17995141619941949,50676351342,2026-05-04T16:15:30.840Z,https://www.instagram.com/p/DXotHFAjcSM
https://scontent-cdg6-1.cdninstagram.com/v/t51.82787-19/575318010_18000966758825797_2562680108122934081_n.jpg?stp=dst-jpg_s150x150_tt6&_nc_cat=103&ccb=7-5&_nc_sid=f7ccc5&efg=eyJ2ZW5jb2RlX3RhZyI6InByb2ZpbGVfcGljLnd3dy4xMDgwLkMzIn0%3D&_nc_ohc=MzC0f2Hy17EQ7kNvwHLiUkn&_nc_oc=AdpjWxJ85wdm82jV916J1B4bsqy1lBLr3gBmqmjZ60u6Lr_Z5hG4XNHxJrRGpPV1evk&_nc_zt=24&_nc_ht=scontent-cdg6-1.cdninstagram.com&_nc_gid=wSfd8G5LKsGKmnZvHb71LQ&_nc_ss=7b6a8&oh=00_Af7PYTsPHxeIeelX2A5AQ_Jc02uCcrxcw2tm0v9BsP--Ig&oe=69FE84B3,travel_jewelry_and_makeup75,https://www.instagram.com/travel_jewelry_and_makeup75,Confettura di albicocche #ilprodottomisteriosopenny #accettoregolamento #holettoprivacypolicy,0,0,2026-04-29T16:57:07.000Z,18129338674511160,54742521796,2026-05-04T16:15:30.840Z,https://www.instagram.com/p/DXotHFAjcSM
https://scontent-cdg4-2.cdninstagram.com/v/t51.82787-19/643579223_18570664045049691_5195762255501484445_n.jpg?stp=dst-jpg_s150x150_tt6&_nc_cat=109&ccb=7-5&_nc_sid=f7ccc5&efg=eyJ2ZW5jb2RlX3RhZyI6InByb2ZpbGVfcGljLnd3dy4xMDgwLkMzIn0%3D&_nc_ohc=Zmm3J8p6fMYQ7kNvwFvtDuC&_nc_oc=AdqU281MqcqqKqjgns9-JFavG9YhLsxkmY_yohsVW1m_tpO7fif7OZXTDae39aZWq8U&_nc_zt=24&_nc_ht=scontent-cdg4-2.cdninstagram.com&_nc_gid=wSfd8G5LKsGKmnZvHb71LQ&_nc_ss=7b6a8&oh=00_Af73f6R_FR7XfAR_3Ldz4qE1gPcSGYNGH1l0cPCtb1urOA&oe=69FE9DB6,connymaule,https://www.instagram.com/connymaule,Confettura di albicocche #ilprodottomisteriosopenny #accettoregolamento #holettoprivacypolicy,0,0,2026-04-29T16:09:15.000Z,18009849773904525,1738929690,2026-05-04T16:15:30.840Z,https://www.instagram.com/p/DXotHFAjcSM
https://scontent-cdg4-1.cdninstagram.com/v/t51.75761-19/504457671_18068094362052625_4742629566635657725_n.jpg?stp=dst-jpg_s150x150_tt6&_nc_cat=104&ccb=7-5&_nc_sid=f7ccc5&efg=eyJ2ZW5jb2RlX3RhZyI6InByb2ZpbGVfcGljLnd3dy4xMDgwLkMzIn0%3D&_nc_ohc=km2zMQWPQrAQ7kNvwHqcAvJ&_nc_oc=Ado-h-mJljoLGUst_kCVEsb1RSQTneqvmv84jUqkTRkvKuG6NN-wF6CQKT1ZHgwer54&_nc_zt=24&_nc_ht=scontent-cdg4-1.cdninstagram.com&_nc_gid=wSfd8G5LKsGKmnZvHb71LQ&_nc_ss=7b6a8&oh=00_Af5bCjfKRFfGUOMxqIEOQQDU7d6ZvVH6nbVGitdkA3zCig&oe=69FEA8FB,conteantonietta1969,https://www.instagram.com/conteantonietta1969,Confettura di albicocche 😘 #ilprodottomisteriosopenny #accettoregolamento #holettolaprivacypoliticy,0,0,2026-04-30T09:52:11.000Z,18152491726460930,31539676624,2026-05-04T16:15:30.840Z,https://www.instagram.com/p/DXotHFAjcSM
https://scontent-cdg4-3.cdninstagram.com/v/t51.2885-19/24125636_540671236281247_1094105329102225408_n.jpg?stp=dst-jpg_s150x150_tt6&_nc_cat=111&ccb=7-5&_nc_sid=f7ccc5&efg=eyJ2ZW5jb2RlX3RhZyI6InByb2ZpbGVfcGljLnd3dy4yMDAuQzMifQ%3D%3D&_nc_ohc=eiJs3HpDPmgQ7kNvwFzJobu&_nc_oc=AdqFCcNevFL5cPb6wBEGHlQpaaaHp2FVgNKqZ7PYxdEbXSIYqf7-8W1TznVfmbMaTDo&_nc_zt=24&_nc_ht=scontent-cdg4-3.cdninstagram.com&_nc_ss=7b6a8&oh=00_Af5ZqNsgHXTzr__qSNLwCknPXvUePDujLFDXPK1X_aK0aA&oe=69FE8DCD,samanta_napoli,https://www.instagram.com/samanta_napoli,Confettura di Albicocche.  #ilprodottomisteriosopenny  #accettoregolamento  #holettoprivacypolicy,0,0,2026-04-29T23:30:40.000Z,18094192897984460,6654491958,2026-05-04T16:15:30.840Z,https://www.instagram.com/p/DXotHFAjcSM
https://scontent-cdg4-2.cdninstagram.com/v/t51.2885-19/290092814_526117549260191_618023082774110090_n.jpg?stp=dst-jpg_s150x150_tt6&_nc_cat=109&ccb=7-5&_nc_sid=f7ccc5&efg=eyJ2ZW5jb2RlX3RhZyI6InByb2ZpbGVfcGljLnd3dy4xMDgwLkMzIn0%3D&_nc_ohc=gjCtVQoTJJoQ7kNvwEpjdik&_nc_oc=AdqKtYW8ZnNpIFpr8QZ9ONZE4dPA_6sp5wv5GjJ1kayglE2VWEdnEx6EK9lFtQIelz0&_nc_zt=24&_nc_ht=scontent-cdg4-2.cdninstagram.com&_nc_ss=7b6a8&oh=00_Af55Q5PwITlpz4cGAv5l3_KV0v3z61Kowmzf9GRF_DRyGg&oe=69FE816E,paolabuono34,https://www.instagram.com/paolabuono34,Marmellata di albicocche wellness senza zuccheri #ilprodottomisteriosopenny #accettoregolamento #holettoprivacypolicy,0,0,2026-04-30T18:48:44.000Z,18089119046195587,8744076690,2026-05-04T16:15:30.840Z,https://www.instagram.com/p/DXotHFAjcSM
https://scontent-cdg6-1.cdninstagram.com/v/t51.2885-19/461028317_931243592174888_5887731114997000438_n.jpg?stp=dst-jpg_s150x150_tt6&_nc_cat=1&ccb=7-5&_nc_sid=f7ccc5&efg=eyJ2ZW5jb2RlX3RhZyI6InByb2ZpbGVfcGljLnd3dy42MDAuQzMifQ%3D%3D&_nc_ohc=-pU_yJ_U5soQ7kNvwFJw9OY&_nc_oc=Adr8UwbXSthdIQTrD_jwZ-0XhFJNRnwV3bvYFw5zn1sDqDvcrHwyPz7uWN8EgV5WzWQ&_nc_zt=24&_nc_ht=scontent-cdg6-1.cdninstagram.com&_nc_ss=7b6a8&oh=00_Af68NFjYNQVkudjDzaf-OgOO-LvhlaJydhdRV-Nd7bU8yg&oe=69FE979C,_rachelesignorini_,https://www.instagram.com/_rachelesignorini_,😍😍🫶🏻,0,0,2026-04-30T05:43:26.000Z,18128782030515988,5796674488,2026-05-04T16:15:30.840Z,https://www.instagram.com/p/DXotHFAjcSM
https://scontent-cdg4-2.cdninstagram.com/v/t51.2885-19/410483647_888169112963026_7007613091090249126_n.jpg?stp=dst-jpg_s150x150_tt6&_nc_cat=101&ccb=7-5&_nc_sid=f7ccc5&efg=eyJ2ZW5jb2RlX3RhZyI6InByb2ZpbGVfcGljLnd3dy4xMDgwLkMzIn0%3D&_nc_ohc=OjMfzAt8bcEQ7kNvwHerofc&_nc_oc=AdqCM1giRRCHYClh5TJI7Z8zdHxC28ZC3TkPbeti4APLlbrR9-MNaANZnINATGhSyM4&_nc_zt=24&_nc_ht=scontent-cdg4-2.cdninstagram.com&_nc_ss=7b6a8&oh=00_Af6-XZ4wV4KJ00xHRlNkq3To0L2ZGDTSZY62zQqyUyOEuA&oe=69FEA8AF,ilaria.corea,https://www.instagram.com/ilaria.corea,marmellata di albicocche #prodottomiseriosopenny #accettoregolamento #holettoprivacypolicy,0,0,2026-04-29T21:59:54.000Z,18102084797064832,1365635769,2026-05-04T16:15:30.840Z,https://www.instagram.com/p/DXotHFAjcSM
https://scontent-cdg4-2.cdninstagram.com/v/t51.2885-19/29088281_572132576475118_363521243044904960_n.jpg?stp=dst-jpg_s150x150_tt6&_nc_cat=100&ccb=7-5&_nc_sid=f7ccc5&efg=eyJ2ZW5jb2RlX3RhZyI6InByb2ZpbGVfcGljLnd3dy4xMDgwLkMzIn0%3D&_nc_ohc=d0leycctvnYQ7kNvwGrbDw2&_nc_oc=AdqgE5I0QieL8kRIdiJVywdjz6HxLa-EELLS-PENWq7OviM6uoocRgE2eSB8T53tLpI&_nc_zt=24&_nc_ht=scontent-cdg4-2.cdninstagram.com&_nc_ss=7b6a8&oh=00_Af7W4istWe2CJjhoJCbqbfIHePBlmWyJRdFnkAPZOYMzIw&oe=69FEA564,minu.87,https://www.instagram.com/minu.87,Confettura di albicocche #ilprodottomisteriosoPENNY #accettoregolamento#holettoprivacypolicy,0,0,2026-04-29T18:39:16.000Z,18112391296840182,3203979460,2026-05-04T16:15:30.840Z,https://www.instagram.com/p/DXotHFAjcSM
https://scontent-cdg4-1.cdninstagram.com/v/t51.2885-19/391411572_306097398825791_7527256505985685803_n.jpg?stp=dst-jpg_s150x150_tt6&_nc_cat=104&ccb=7-5&_nc_sid=f7ccc5&efg=eyJ2ZW5jb2RlX3RhZyI6InByb2ZpbGVfcGljLnd3dy40MDkuQzMifQ%3D%3D&_nc_ohc=HSVxlHXxeb8Q7kNvwGaYuwh&_nc_oc=AdrjtkZ10oywuuY6vPspyVz6zTnM9lxCWC7hqiKPq9kY-GefB1AcdsJJX6ONGZspc-A&_nc_zt=24&_nc_ht=scontent-cdg4-1.cdninstagram.com&_nc_ss=7b6a8&oh=00_Af5NX5fv-ulVfx9Q2kTdEPmcKvvIahsymHARLynVwV34YA&oe=69FEA6C6,destefanoraffaela,https://www.instagram.com/destefanoraffaela,#holettoprivacypolicy #accettoregolamento #ilprodottomisteriosopenny  penso sia il burro d'arachidi welles con il tappo o blu oppure arancione!,0,0,2026-04-30T19:15:03.000Z,18234780538308600,10832153172,2026-05-04T16:15:30.840Z,https://www.instagram.com/p/DXotHFAjcSM
https://scontent-cdg6-1.cdninstagram.com/v/t51.89012-19/573323465_1219825463302212_7278921664109726296_n.jpg?stp=dst-jpg_s150x150_tt6&_nc_cat=1&ccb=7-5&_nc_sid=f7ccc5&efg=eyJ2ZW5jb2RlX3RhZyI6InByb2ZpbGVfcGljLnd3dy5DMyJ9&_nc_ohc=Pf4Jx7fI-JMQ7kNvwEdnA1r&_nc_oc=AdrM5ak9ThOqfmCIPi6cg4Jm_5TeInAUOEZd_c63seXXEeGj0StKGP4VtTRRkluVdEU&_nc_zt=24&_nc_ht=scontent-cdg6-1.cdninstagram.com&_nc_gid=wSfd8G5LKsGKmnZvHb71LQ&_nc_ss=7b6a8&oh=00_Af6H6Sl-k9-bZKyFwsVWOfzDQfM0wZKNiFQPv0M5Sifg3w&oe=69FE87E2,rosalba.a73,https://www.instagram.com/rosalba.a73,Confettura  di albicocche#ilprodottomisteriosoPenny#accettoregolamento#holettoprivacypolicy,0,0,2026-04-30T12:29:03.000Z,18061643435445380,70359286791,2026-05-04T16:15:30.840Z,https://www.instagram.com/p/DXotHFAjcSM
https://scontent-cdg4-1.cdninstagram.com/v/t51.2885-19/160564398_941672903039834_1774161720770294893_n.jpg?stp=dst-jpg_s150x150_tt6&_nc_cat=104&ccb=7-5&_nc_sid=f7ccc5&efg=eyJ2ZW5jb2RlX3RhZyI6InByb2ZpbGVfcGljLnd3dy4xMDgwLkMzIn0%3D&_nc_ohc=ZSRbGTOJWzIQ7kNvwGBBcIU&_nc_oc=Adpgn5wbc8xvC7J5WAFHgWVS2y0jaFy9OAiGdUlWCdtFuQ0ZEBAgKx2_zKZRc0PNbj8&_nc_zt=24&_nc_ht=scontent-cdg4-1.cdninstagram.com&_nc_ss=7b6a8&oh=00_Af6stNPfrhoQ5eTe3PESfy3hQknd8HTvll3kH7_d97owKA&oe=69FE7CE3,ssabrybeauty,https://www.instagram.com/ssabrybeauty,Confettura di albicocche #prodottomisteriosopenny #accettoregolamento  #holettoprivacypolicy,0,0,2026-04-30T07:00:06.000Z,17883105732552352,5734146563,2026-05-04T16:15:48.490Z,https://www.instagram.com/p/DXotHFAjcSM
https://scontent-cdg4-1.cdninstagram.com/v/t51.75761-19/497066876_18508474726043383_6147283131186529499_n.jpg?stp=dst-jpg_s150x150_tt6&_nc_cat=110&ccb=7-5&_nc_sid=f7ccc5&efg=eyJ2ZW5jb2RlX3RhZyI6InByb2ZpbGVfcGljLnd3dy4xMDgwLkMzIn0%3D&_nc_ohc=E2tTzMkpxAUQ7kNvwF5OdFM&_nc_oc=AdrOcP_2AbgGuFpov7xmDKDoxn7vBPPb8Nw9fEMqlqEV2GfxrjM-Y1KEELHqeOHAnuM&_nc_zt=24&_nc_ht=scontent-cdg4-1.cdninstagram.com&_nc_gid=5XSm1YE5JTEbLSUVLV1tJA&_nc_ss=7b6a8&oh=00_Af7mGZS1DOkIHOnJFT9Lj1bzbRjzAAH9tw5_Vx2KlM9PqQ&oe=69FE9885,simona.la_corte,https://www.instagram.com/simona.la_corte,Confettura di albicocche #prodottomisteriosopenny #accettoregolamento  #holettoprivacypolicy,0,0,2026-04-29T21:09:27.000Z,18389414860090016,145707382,2026-05-04T16:15:48.490Z,https://www.instagram.com/p/DXotHFAjcSM
https://scontent-cdg4-1.cdninstagram.com/v/t51.2885-19/12269941_1715587741998133_1619997209_a.jpg?stp=dst-jpg_s150x150_tt6&_nc_cat=108&ccb=7-5&_nc_sid=f7ccc5&efg=eyJ2ZW5jb2RlX3RhZyI6InByb2ZpbGVfcGljLnd3dy44MzUuQzMifQ%3D%3D&_nc_ohc=u0ze6Rup7mEQ7kNvwGkP4KD&_nc_oc=AdpWn1dpAeBP9zT9WKiVQoLoX7xbWgPWC91RjgN7a4ICCdzvdY51anXOcLxqHHQoNn8&_nc_zt=24&_nc_ht=scontent-cdg4-1.cdninstagram.com&_nc_ss=7b6a8&oh=00_Af6PorrtU0wB5LSPZnMXzV3ZSZ9G0EvC3x8n-3GmDOiEtA&oe=69FEAE39,ambi.93,https://www.instagram.com/ambi.93,Confettura di albicocche #prodottomisteriosopenny #accettoregolamento #holettoprivacypolicy,0,0,2026-04-29T12:38:42.000Z,18103096960788722,2279038159,2026-05-04T16:15:48.490Z,https://www.instagram.com/p/DXotHFAjcSM
https://scontent-cdg6-1.cdninstagram.com/v/t51.2885-19/16123549_1895802810631197_2914348233339699200_a.jpg?stp=dst-jpg_s150x150_tt6&_nc_cat=106&ccb=7-5&_nc_sid=f7ccc5&efg=eyJ2ZW5jb2RlX3RhZyI6InByb2ZpbGVfcGljLnd3dy40MDMuQzMifQ%3D%3D&_nc_ohc=sdId22b_4H0Q7kNvwG120hU&_nc_oc=AdqX7FS_7OxH72m4rHDF6c0sJNBTaCfmJzg-VxzoPS4D2Bb3DRjEcmcZXtHPbYYx9kU&_nc_zt=24&_nc_ht=scontent-cdg6-1.cdninstagram.com&_nc_ss=7b6a8&oh=00_Af7VzY2nIeHti36stGI4-Abvk-JJZB5gyB39W1Px2rR-dA&oe=69FEA57F,elisabetta.pinazza,https://www.instagram.com/elisabetta.pinazza,Confettura  di albicocche.  #ilprodottomisteriosoPenny.  #accettoregolamento.  #holettoprivacypolicy,0,0,2026-04-29T23:32:02.000Z,17879054877571238,4557354693,2026-05-04T16:15:48.490Z,https://www.instagram.com/p/DXotHFAjcSM
https://scontent-cdg4-2.cdninstagram.com/v/t51.82787-19/603083624_18072833102611613_5843833033935959687_n.jpg?stp=dst-jpg_s150x150_tt6&_nc_cat=107&ccb=7-5&_nc_sid=f7ccc5&efg=eyJ2ZW5jb2RlX3RhZyI6InByb2ZpbGVfcGljLnd3dy4xMDgwLkMzIn0%3D&_nc_ohc=Cr-U1whMGgcQ7kNvwEzcw8P&_nc_oc=AdrcqQuSUNmfAjjm0rLJzrDs5p8PkEdGBBeBSQHy-4Owulx_uzBhDzRo1PRqo3A-7CY&_nc_zt=24&_nc_ht=scontent-cdg4-2.cdninstagram.com&_nc_gid=5XSm1YE5JTEbLSUVLV1tJA&_nc_ss=7b6a8&oh=00_Af61bM9B0Zr--i1lTrSnojL6JEzWCKxHh9L4ke_iNm_g9Q&oe=69FE7CBC,ti_06_a,https://www.instagram.com/ti_06_a,Confettura di Albicocche ovvio #ilprodottomisteriosopenny #accettoregolamento #holettoprivacypolicy,0,0,2026-04-29T20:09:50.000Z,18448176280116814,48346075612,2026-05-04T16:15:48.490Z,https://www.instagram.com/p/DXotHFAjcSM
https://scontent-cdg6-1.cdninstagram.com/v/t51.2885-19/34152860_380571762454886_6683763325043474432_n.jpg?stp=dst-jpg_s150x150_tt6&_nc_cat=106&ccb=7-5&_nc_sid=f7ccc5&efg=eyJ2ZW5jb2RlX3RhZyI6InByb2ZpbGVfcGljLnd3dy4zNjQuQzMifQ%3D%3D&_nc_ohc=Xj1eEZ8nTkMQ7kNvwHTSV9m&_nc_oc=AdrcfnLJuMjV5RI1xi5CBPNmNrRv4Ed0ZD-fGxTXPtOKLHHqptQtOSTIKzRz2nmRBns&_nc_zt=24&_nc_ht=scontent-cdg6-1.cdninstagram.com&_nc_ss=7b6a8&oh=00_Af4veRELFN5d7ShvL15YPd4X_NYenOed466HI5l4HWglow&oe=69FE8258,64annamaria09,https://www.instagram.com/64annamaria09,Confettura di albicocche  #ilprodottomistetiosoPENNY  #accettoregolamento  #holettoprivacypolicy,0,0,2026-04-28T07:22:59.000Z,18144659266492454,7939168004,2026-05-04T16:15:48.490Z,https://www.instagram.com/p/DXotHFAjcSM
https://scontent-cdg4-1.cdninstagram.com/v/t51.2885-19/219141011_519422072665599_580844889223956161_n.jpg?stp=dst-jpg_s150x150_tt6&_nc_cat=102&ccb=7-5&_nc_sid=f7ccc5&efg=eyJ2ZW5jb2RlX3RhZyI6InByb2ZpbGVfcGljLnd3dy4xMDgwLkMzIn0%3D&_nc_ohc=26Um7kcOo_AQ7kNvwE-RwBO&_nc_oc=Adr-cR9W1osgsGYPQqIdmZZcekuzq7w3RCHc_LDol_4AS4F7l31BkRMsKQipdTzsbD8&_nc_zt=24&_nc_ht=scontent-cdg4-1.cdninstagram.com&_nc_ss=7b6a8&oh=00_Af4OZ4UD0d_2BSxjxf90aBTcpx5d_aUdMYePevCgyBLU2w&oe=69FE8EC0,linaspano,https://www.instagram.com/linaspano,Confettura di albicocche #ilprodottomisteriosopenny#accettoregolamento #holettoprivacypoliy,0,0,2026-04-30T06:35:55.000Z,18089600000353907,1562767723,2026-05-04T16:15:48.490Z,https://www.instagram.com/p/DXotHFAjcSM
https://scontent-cdg4-1.cdninstagram.com/v/t51.2885-19/35617523_414519759048032_2566066702492106752_n.jpg?stp=dst-jpg_s150x150_tt6&_nc_cat=102&ccb=7-5&_nc_sid=f7ccc5&efg=eyJ2ZW5jb2RlX3RhZyI6InByb2ZpbGVfcGljLnd3dy4xMDgwLkMzIn0%3D&_nc_ohc=UzZr7fykRfAQ7kNvwFG9DUP&_nc_oc=AdpdXfogSP0AxVnePDHYHq95jCmzL81InJOf4qBxu4VMsX9kMBT6B_W4lprcMsGpbxs&_nc_zt=24&_nc_ht=scontent-cdg4-1.cdninstagram.com&_nc_ss=7b6a8&oh=00_Af6P4UqChSzxMya2eohwlVWz4TS03bm_LSiycvs1ErZOsQ&oe=69FE9ABE,adriana.alberighi,https://www.instagram.com/adriana.alberighi,Confettura di arance #ilprodottomisteriosopenny #accettoilregolamento #holetto privacypolicy,0,0,2026-04-30T06:44:09.000Z,18124672093614337,6443391229,2026-05-04T16:15:48.490Z,https://www.instagram.com/p/DXotHFAjcSM
https://scontent-cdg4-3.cdninstagram.com/v/t51.2885-19/311607017_795153031564117_1052068085053808527_n.jpg?stp=dst-jpg_s150x150_tt6&_nc_cat=111&ccb=7-5&_nc_sid=f7ccc5&efg=eyJ2ZW5jb2RlX3RhZyI6InByb2ZpbGVfcGljLnd3dy43MDAuQzMifQ%3D%3D&_nc_ohc=_78xZUW1rIEQ7kNvwE9S8Is&_nc_oc=AdroKiUF6qprYItbV15lVTTap5yetr1P5fV2hyiFXKJJjxyhPGyfsKYFAPrivU49JYk&_nc_zt=24&_nc_ht=scontent-cdg4-3.cdninstagram.com&_nc_ss=7b6a8&oh=00_Af4xZw8Cdn5Rb_oHjV4jXSRa05UiqT2bgtxTtlzM41k9UQ&oe=69FEA83B,io3tu6noi,https://www.instagram.com/io3tu6noi,Burro di arachidi zero zuccheri.  #prodottomisteriosoPenny  #accettoregolamento  #holettoprivacypolicy,0,0,2026-04-30T13:25:56.000Z,17935998573050862,8965629224,2026-05-04T16:15:48.490Z,https://www.instagram.com/p/DXotHFAjcSM
https://scontent-cdg4-1.cdninstagram.com/v/t51.2885-19/290265626_565322098452714_2801555695277260943_n.jpg?stp=dst-jpg_s150x150_tt6&_nc_cat=102&ccb=7-5&_nc_sid=f7ccc5&efg=eyJ2ZW5jb2RlX3RhZyI6InByb2ZpbGVfcGljLnd3dy41NTcuQzMifQ%3D%3D&_nc_ohc=ZidCdS207KkQ7kNvwGhQZXX&_nc_oc=AdoFBjhW3hLVEWCy3fRH7PFjTqP5FqYOuhXfhjSCodOzCxw3MOIjsopw4vwiNC-pe6w&_nc_zt=24&_nc_ht=scontent-cdg4-1.cdninstagram.com&_nc_ss=7b6a8&oh=00_Af6mkD3bjnX6s86XiLxc1ZQVBT0Pvcjb36QUJhczQfWs_w&oe=69FE862B,alexs67.max70,https://www.instagram.com/alexs67.max70,Marmellata di albicocche senza zuccheri #ilprodottomiseriosopenny  #accettoregolamento  #holettoprivacypolicy,0,0,2026-04-30T15:21:27.000Z,17985420197993529,2115278516,2026-05-04T16:15:48.490Z,https://www.instagram.com/p/DXotHFAjcSM
https://scontent-cdg6-1.cdninstagram.com/v/t51.89012-19/573323465_1219825463302212_7278921664109726296_n.jpg?stp=dst-jpg_s150x150_tt6&_nc_cat=1&ccb=7-5&_nc_sid=f7ccc5&efg=eyJ2ZW5jb2RlX3RhZyI6InByb2ZpbGVfcGljLnd3dy5DMyJ9&_nc_ohc=Pf4Jx7fI-JMQ7kNvwEdnA1r&_nc_oc=AdrM5ak9ThOqfmCIPi6cg4Jm_5TeInAUOEZd_c63seXXEeGj0StKGP4VtTRRkluVdEU&_nc_zt=24&_nc_ht=scontent-cdg6-1.cdninstagram.com&_nc_gid=5XSm1YE5JTEbLSUVLV1tJA&_nc_ss=7b6a8&oh=00_Af7XoboSfVbJtjUhjZs8grNZ23AdFxvntdhRhER9xdzrXw&oe=69FE87E2,zanella9358,https://www.instagram.com/zanella9358,Marmellata arance senza zucchero  #prodottomiseriosopenny #acettoregolamento#holettoprivacy,0,0,2026-04-29T18:32:50.000Z,18170006272412167,75076017727,2026-05-04T16:15:48.490Z,https://www.instagram.com/p/DXotHFAjcSM
https://scontent-cdg4-1.cdninstagram.com/v/t51.75761-19/491443541_17848970484452185_5679388451159629197_n.jpg?stp=dst-jpg_s150x150_tt6&_nc_cat=104&ccb=7-5&_nc_sid=f7ccc5&efg=eyJ2ZW5jb2RlX3RhZyI6InByb2ZpbGVfcGljLnd3dy4xMDgwLkMzIn0%3D&_nc_ohc=S7wCelhArRkQ7kNvwEgo2zg&_nc_oc=Adp5ffjDvLbeoVU2FV_QkG8y1qsA8Av2iNVlPRkawhbWlX8Td4HRT_-pAjEnQ1WqvWc&_nc_zt=24&_nc_ht=scontent-cdg4-1.cdninstagram.com&_nc_gid=5XSm1YE5JTEbLSUVLV1tJA&_nc_ss=7b6a8&oh=00_Af5tZQ-Pq-zcGrnv6T4m2Da-pepdic50yZ38W5jEKYV7rw&oe=69FE969E,morettirita58,https://www.instagram.com/morettirita58,"Confettura di albicocche della Welles.#ilprodottomisteriosoPENNY, #accettoregolamento, #holettoprivacypoliticy.",0,0,2026-04-30T14:45:05.000Z,17942127771190043,73574116184,2026-05-04T16:15:48.490Z,https://www.instagram.com/p/DXotHFAjcSM
https://scontent-cdg4-1.cdninstagram.com/v/t51.2885-19/149889950_225864822588592_428142946780570005_n.jpg?stp=dst-jpg_s150x150_tt6&_nc_cat=104&ccb=7-5&_nc_sid=f7ccc5&efg=eyJ2ZW5jb2RlX3RhZyI6InByb2ZpbGVfcGljLnd3dy4xMDgwLkMzIn0%3D&_nc_ohc=-POBTzl9RO8Q7kNvwE9XKSq&_nc_oc=AdpCB5rcVYrC2C007ARnVG76yyTrbbn44uKlLmtvRUGcE7s6PaLIhEU3VQZHJepLqUM&_nc_zt=24&_nc_ht=scontent-cdg4-1.cdninstagram.com&_nc_ss=7b6a8&oh=00_Af4-hrn7IRedSg5qX_b_TP3JPpMyJJZbUZazcD432SAqPA&oe=69FEB1E3,lastrega_84_,https://www.instagram.com/lastrega_84_,Confettura di albicocche senza zuccheri aggiunti #ilprodottomisteriosopenny  #holettoprivacypolicy  #accettoregolamento,0,0,2026-04-28T14:38:19.000Z,18580314796040887,46093452089,2026-05-04T16:15:48.490Z,https://www.instagram.com/p/DXotHFAjcSM
https://scontent-cdg4-3.cdninstagram.com/v/t51.2885-19/331107704_2382023748632385_3010387561564197464_n.jpg?stp=dst-jpg_s150x150_tt6&_nc_cat=111&ccb=7-5&_nc_sid=f7ccc5&efg=eyJ2ZW5jb2RlX3RhZyI6InByb2ZpbGVfcGljLnd3dy45NjAuQzMifQ%3D%3D&_nc_ohc=uVv-vAm6BAsQ7kNvwH8KKQk&_nc_oc=AdrxwEwvf-t81VVJ_8kVc5r5EDQQj1nY1f9r9qeCo6D9n0pF9DxT2_hxG7aelJG6E-8&_nc_zt=24&_nc_ht=scontent-cdg4-3.cdninstagram.com&_nc_ss=7b6a8&oh=00_Af5AlBn_tyyrilkV1GNwd_4_TiudQY-lTo1sfwXICU0D8w&oe=69FE8BAB,chicas_75,https://www.instagram.com/chicas_75,marmellata di albicocca #ilprodottomisteriosoPENNY #accettoregolamento #holettoprivacypolicy,0,0,2026-04-27T14:57:27.000Z,17855054679642499,58176957643,2026-05-04T16:16:07.342Z,https://www.instagram.com/p/DXotHFAjcSM
https://scontent-cdg4-2.cdninstagram.com/v/t51.2885-19/280178406_793931641585141_2688506107052500603_n.jpg?stp=dst-jpg_s150x150_tt6&_nc_cat=107&ccb=7-5&_nc_sid=f7ccc5&efg=eyJ2ZW5jb2RlX3RhZyI6InByb2ZpbGVfcGljLnd3dy4xMDgwLkMzIn0%3D&_nc_ohc=muI5wsTsYjYQ7kNvwFf_eXV&_nc_oc=AdqyFPhYUHu2rL0Ru7Nb4lOmiXZqdykiWsMPKj9Q6jc_nvEQEtvaaJD0lWANSaBoInE&_nc_zt=24&_nc_ht=scontent-cdg4-2.cdninstagram.com&_nc_ss=7b6a8&oh=00_Af6BC8uaq7A7LfLmisGs3tsQN8BjBBxONE5Jg337kQ1RiQ&oe=69FEADBD,_chiari95_,https://www.instagram.com/_chiari95_,#ilprodottomisteriosopenny #accettoregolamento #holettoprivacypolicy confettura di albicocche senza zuccheri aggiunti,0,0,2026-04-27T14:52:35.000Z,18081350651530334,2264568996,2026-05-04T16:16:07.342Z,https://www.instagram.com/p/DXotHFAjcSM
https://scontent-cdg4-3.cdninstagram.com/v/t51.2885-19/30830051_1659852404051621_4039356294518276096_n.jpg?stp=dst-jpg_s150x150_tt6&_nc_cat=111&ccb=7-5&_nc_sid=f7ccc5&efg=eyJ2ZW5jb2RlX3RhZyI6InByb2ZpbGVfcGljLnd3dy4xMDgwLkMzIn0%3D&_nc_ohc=YSE76OdxxjsQ7kNvwHO79CA&_nc_oc=AdpWZmdDVJcRr5N75XUseqPLyuEknWwE9078deIebfNtIBTuEnZ6gi4-2GIZbpGDblA&_nc_zt=24&_nc_ht=scontent-cdg4-3.cdninstagram.com&_nc_ss=7b6a8&oh=00_Af7Ybmj_fok3AvVWMMwoxA6ZSZpK1qce8LsvrDy-3R9dBA&oe=69FEA215,franca.giordana18,https://www.instagram.com/franca.giordana18,Crema di arachidi #prodottomisteriosoPenny. #accettoregolamento. #holettoprivacypolicy,0,0,2026-04-27T14:51:48.000Z,18097510355096287,3662859937,2026-05-04T16:16:07.342Z,https://www.instagram.com/p/DXotHFAjcSM
https://scontent-cdg4-2.cdninstagram.com/v/t51.2885-19/37719877_342461972960678_2988023986371166208_n.jpg?stp=dst-jpg_s150x150_tt6&_nc_cat=101&ccb=7-5&_nc_sid=f7ccc5&efg=eyJ2ZW5jb2RlX3RhZyI6InByb2ZpbGVfcGljLnd3dy43NDcuQzMifQ%3D%3D&_nc_ohc=04OrRleqhpwQ7kNvwEK4m5U&_nc_oc=AdoGI8rf822og5ldoxJVtpXTOGhisAx7SfgeJsLNpabjCTMhdJrtj0bVxZf59X9URpY&_nc_zt=24&_nc_ht=scontent-cdg4-2.cdninstagram.com&_nc_ss=7b6a8&oh=00_Af4Z1Dxx7z5HjqyZx-T4UEWadfAwBphbTFuaqukOlMznuA&oe=69FE80E3,firpoelena,https://www.instagram.com/firpoelena,Confettura di albicocca #ilprodottomisteriosoPENNY #accettoregolamento #holettoprivacypolicy,0,0,2026-04-27T14:51:05.000Z,18572969575065158,3575030842,2026-05-04T16:16:07.342Z,https://www.instagram.com/p/DXotHFAjcSM
https://scontent-cdg4-2.cdninstagram.com/v/t51.2885-19/11925776_1722194104658825_393878018_a.jpg?_nc_cat=107&ccb=7-5&_nc_sid=f7ccc5&efg=eyJ2ZW5jb2RlX3RhZyI6InByb2ZpbGVfcGljLnd3dy4xNTAuQzMifQ%3D%3D&_nc_ohc=kSgiigMSn_kQ7kNvwGu3XpG&_nc_oc=AdrOeeSP5erjolAECZv2oshc-IbuFklntAW3j27MR-atQ-t6mrSPDD3nCdfeG1RIC5M&_nc_zt=24&_nc_ht=scontent-cdg4-2.cdninstagram.com&_nc_ss=7b6a8&oh=00_Af4_-KWbIo-PG46d2H8z6WNqlT2x51XUR9l2krZ5Qp51EA&oe=69FE8E3D,j4ck1986,https://www.instagram.com/j4ck1986,Confettura di albicocche #ilprodottomisteriosoPENNY #prodottomisteriosopenny #accettoregolamento #holettoprivacypolicy,0,0,2026-04-27T14:49:52.000Z,18115680877781431,205861771,2026-05-04T16:16:07.342Z,https://www.instagram.com/p/DXotHFAjcSM
https://scontent-cdg6-1.cdninstagram.com/v/t51.2885-19/54513551_397222481091758_6588730696808792064_n.jpg?stp=dst-jpg_s150x150_tt6&_nc_cat=106&ccb=7-5&_nc_sid=f7ccc5&efg=eyJ2ZW5jb2RlX3RhZyI6InByb2ZpbGVfcGljLnd3dy4zMzkuQzMifQ%3D%3D&_nc_ohc=LLDR5mZCEBEQ7kNvwGClcym&_nc_oc=Adr6wUOIRdJi5mTLoQ-dmDF2gHGtI0KlPLGkwI6XcBoIN56BE0lu70dw8hN9WPCFCBo&_nc_zt=24&_nc_ht=scontent-cdg6-1.cdninstagram.com&_nc_ss=7b6a8&oh=00_Af54ZKLZbHg57UIABvHyJCRZUq2xxCE_Q59jOPlRK6GNZw&oe=69FE9F73,in_cucina_con_amore_e_fantasia,https://www.instagram.com/in_cucina_con_amore_e_fantasia,Confettura di albicocche #ilprodottomisteriosopenny #accettoregolamento #holettoprivacypolicy,0,0,2026-04-27T14:47:26.000Z,18266348317293105,12547065775,2026-05-04T16:16:07.342Z,https://www.instagram.com/p/DXotHFAjcSM
https://scontent-cdg4-2.cdninstagram.com/v/t51.2885-19/11335083_443316139180691_963255433_a.jpg?_nc_cat=100&ccb=7-5&_nc_sid=f7ccc5&efg=eyJ2ZW5jb2RlX3RhZyI6InByb2ZpbGVfcGljLnd3dy4xNTAuQzMifQ%3D%3D&_nc_ohc=SCvXwBrRjTsQ7kNvwGfV814&_nc_oc=Adog9nA6Ieuo6aEpPC2HkMuToqLV3_Wm-Ss3EaeO6alCt5g0y059MXxnRl9TOJMzchs&_nc_zt=24&_nc_ht=scontent-cdg4-2.cdninstagram.com&_nc_ss=7b6a8&oh=00_Af5j9nmc9_7eCWsIC15ZALrMLFk-o0qr39f-WR5s2Uz5yQ&oe=69FE8D46,anna197524,https://www.instagram.com/anna197524,Confettura di albicocca #ilprodottomisteriosopenny #accettoregolamento #holettoprivacypolicy,0,0,2026-04-27T14:41:40.000Z,18096333784896561,1979348765,2026-05-04T16:16:07.342Z,https://www.instagram.com/p/DXotHFAjcSM
https://scontent-cdg4-1.cdninstagram.com/v/t51.2885-19/74914124_553817422081145_1451993825617641472_n.jpg?stp=dst-jpg_s150x150_tt6&_nc_cat=102&ccb=7-5&_nc_sid=f7ccc5&efg=eyJ2ZW5jb2RlX3RhZyI6InByb2ZpbGVfcGljLnd3dy4xMDgwLkMzIn0%3D&_nc_ohc=scFayl-WD2YQ7kNvwEftaMM&_nc_oc=AdrgIrWs-dZDGKQZgilx2CeMK4eCFYorqOBheyI6lOSWp1DIJ9kKLxD5v9Su5W4wLw8&_nc_zt=24&_nc_ht=scontent-cdg4-1.cdninstagram.com&_nc_ss=7b6a8&oh=00_Af4iX1MfjCcxpSGzTcx_jb6MBPnT_6E_yzT09fYA-4lLMA&oe=69FE950D,mariadinasilvia,https://www.instagram.com/mariadinasilvia,#IlprodottomisteriosoPenny #accettoilregolamento #holettoprivacypolicy confettura di albicocche,0,0,2026-04-27T14:39:09.000Z,17989470749974696,25552508974,2026-05-04T16:16:07.342Z,https://www.instagram.com/p/DXotHFAjcSM
https://scontent-cdg4-1.cdninstagram.com/v/t51.2885-19/23101187_125677754770056_8547947446980837376_n.jpg?stp=dst-jpg_s150x150_tt6&_nc_cat=110&ccb=7-5&_nc_sid=f7ccc5&efg=eyJ2ZW5jb2RlX3RhZyI6InByb2ZpbGVfcGljLnd3dy4yMDAuQzMifQ%3D%3D&_nc_ohc=bhS8e596q7UQ7kNvwEz2c2A&_nc_oc=AdpY2euDnoss-xwmkwqpxPCi4NLQwf4ozoAo32dy6sTwbtDWvIi4sY1IN_BjVBd8niw&_nc_zt=24&_nc_ht=scontent-cdg4-1.cdninstagram.com&_nc_ss=7b6a8&oh=00_Af4Mz2VaL05oq_Au7Tf-lLlq5ltFUDviotfUNPlJbnRNMQ&oe=69FE7FA5,cataluccic,https://www.instagram.com/cataluccic,#prodottomisteriosopenny #accettoregolamento #holettoprivacypolicy Miele,0,0,2026-04-27T14:37:45.000Z,18215447170322029,6326742202,2026-05-04T16:16:07.342Z,https://www.instagram.com/p/DXotHFAjcSM
https://scontent-cdg4-2.cdninstagram.com/v/t51.2885-19/240537380_416028389942734_1820107813532374340_n.jpg?stp=dst-jpg_s150x150_tt6&_nc_cat=101&ccb=7-5&_nc_sid=f7ccc5&efg=eyJ2ZW5jb2RlX3RhZyI6InByb2ZpbGVfcGljLnd3dy4xMDgwLkMzIn0%3D&_nc_ohc=A_BErz3aiXkQ7kNvwFzqUJe&_nc_oc=Adq0hXNFqwLwp9qkNon6GhMFDb0BIeOX9ckT5m6qMkub81OdY9-UnQLi18Hz7tddEks&_nc_zt=24&_nc_ht=scontent-cdg4-2.cdninstagram.com&_nc_ss=7b6a8&oh=00_Af5K8FP35_Sj2CuCEv65-H4L73kkmXbEhnts_wmRTtvgRQ&oe=69FEADF6,lunaearcana,https://www.instagram.com/lunaearcana,Confettura di albicocca senza zuccheri aggiunti #ilprodottomisteriosoPENNY #accettoilregolamento #holettoprivacypolicy,0,0,2026-04-27T14:36:54.000Z,18070379297438641,320463524,2026-05-04T16:16:07.342Z,https://www.instagram.com/p/DXotHFAjcSM
https://scontent-cdg4-2.cdninstagram.com/v/t51.2885-19/350276808_800758468081664_5192391226796644133_n.jpg?stp=dst-jpg_s150x150_tt6&_nc_cat=101&ccb=7-5&_nc_sid=f7ccc5&efg=eyJ2ZW5jb2RlX3RhZyI6InByb2ZpbGVfcGljLnd3dy4zMjAuQzMifQ%3D%3D&_nc_ohc=MTB_zxqVIdEQ7kNvwE1EEpa&_nc_oc=AdoAl2lRPXlCnoWvcvIhwBvu2HXUW8ka5kHgqfyTlCkwfjsJB3Gw9IAOukOdkt3v6To&_nc_zt=24&_nc_ht=scontent-cdg4-2.cdninstagram.com&_nc_ss=7b6a8&oh=00_Af5iB2f8S_VyZlhbXKX34SgN5BZ3rUxLxulO7HQFlycHOg&oe=69FEAF30,monicadaronco,https://www.instagram.com/monicadaronco,Confettura di albicocche #ilprodottomisteriosopenny #accettoilregolamento #holettoprivacypolicy,0,0,2026-04-27T14:36:51.000Z,18119196289641840,5365205163,2026-05-04T16:16:07.342Z,https://www.instagram.com/p/DXotHFAjcSM
https://scontent-cdg6-1.cdninstagram.com/v/t51.82787-19/658533215_17919106359338650_8380969886743511020_n.jpg?stp=dst-jpg_s150x150_tt6&_nc_cat=106&ccb=7-5&_nc_sid=f7ccc5&efg=eyJ2ZW5jb2RlX3RhZyI6InByb2ZpbGVfcGljLnd3dy4xMDgwLkMzIn0%3D&_nc_ohc=tFuBEMF8CbgQ7kNvwH3iTUD&_nc_oc=AdrGXtIpmgpEXpbpmd9V7QFxozm5vas2bXXTMQszLq5BJeQImoqwR8XwGAnLIsLKLEY&_nc_zt=24&_nc_ht=scontent-cdg6-1.cdninstagram.com&_nc_gid=5zs86GOmW1H3_NQwqj5jXQ&_nc_ss=7b6a8&oh=00_Af6l70SVnpgEGETO22XJGfm1Aau-yKRUivBTfIS59Antiw&oe=69FE9A97,aletree45,https://www.instagram.com/aletree45,Miele #ilprodottomisteriosiPenny #accettoregolamento #holettoprivacypolicy,0,0,2026-04-27T14:34:25.000Z,17900364333425543,70255538649,2026-05-04T16:16:07.342Z,https://www.instagram.com/p/DXotHFAjcSM
https://scontent-cdg6-1.cdninstagram.com/v/t51.2885-19/403205711_329920766431683_4570000765587402116_n.jpg?stp=dst-jpg_s150x150_tt6&_nc_cat=105&ccb=7-5&_nc_sid=f7ccc5&efg=eyJ2ZW5jb2RlX3RhZyI6InByb2ZpbGVfcGljLnd3dy43ODguQzMifQ%3D%3D&_nc_ohc=aBumlc_cWzAQ7kNvwGSEDUF&_nc_oc=AdogeC69b7UP_3gVLY-ARxUF3JaZFTbH50tdjTlyFNywjny_KsFXfa3lJorKk7cJPkA&_nc_zt=24&_nc_ht=scontent-cdg6-1.cdninstagram.com&_nc_ss=7b6a8&oh=00_Af69r6So6Uo-arMpgaJDhAk5pRCqx5dOvAFFVkajszGGOg&oe=69FE8E51,cascina_la_primavera,https://www.instagram.com/cascina_la_primavera,Composta senza zuccheri aggiunti albicocca #ilprodottomisteriosopenny #accettoregolamento #holettoprivacypolicy,0,0,2026-04-27T14:32:53.000Z,17915798631359120,1127441385,2026-05-04T16:16:07.342Z,https://www.instagram.com/p/DXotHFAjcSM
https://scontent-cdg6-1.cdninstagram.com/v/t51.2885-19/465964604_1267860401225197_8126902557276313037_n.jpg?stp=dst-jpg_s150x150_tt6&_nc_cat=106&ccb=7-5&_nc_sid=f7ccc5&efg=eyJ2ZW5jb2RlX3RhZyI6InByb2ZpbGVfcGljLnd3dy4xMDgwLkMzIn0%3D&_nc_ohc=scVvJmxLE8QQ7kNvwETNg4p&_nc_oc=AdoKEEjDK9xOI4ojN2FQ5zA-QpXyOgx62aBnDVvxS-lc0-DqY8sLGT6-ugfCdYjn9iM&_nc_zt=24&_nc_ht=scontent-cdg6-1.cdninstagram.com&_nc_ss=7b6a8&oh=00_Af4rnGncSVozzCRn1J-GewvgCGnAKbJH5oiU6ginGK81ew&oe=69FEA00F,marinasol7019,https://www.instagram.com/marinasol7019,Miele #ilprodottomisteriosiPenny #accettoregolamento #holettoprivacypolicy,0,0,2026-04-27T14:32:43.000Z,18073298933273852,70283992069,2026-05-04T16:16:07.342Z,https://www.instagram.com/p/DXotHFAjcSM
https://scontent-cdg4-1.cdninstagram.com/v/t51.2885-19/52639043_2169754509772461_3483004952756879360_n.jpg?stp=dst-jpg_s150x150_tt6&_nc_cat=108&ccb=7-5&_nc_sid=f7ccc5&efg=eyJ2ZW5jb2RlX3RhZyI6InByb2ZpbGVfcGljLnd3dy43MjAuQzMifQ%3D%3D&_nc_ohc=wfvFcmIXoX4Q7kNvwEgoN77&_nc_oc=Adp7uis-UgTqvqknwSW40lHMe80I0SwwlBpFFG023bu-fwBJQs-xPZgI652dGFb0H1g&_nc_zt=24&_nc_ht=scontent-cdg4-1.cdninstagram.com&_nc_ss=7b6a8&oh=00_Af5dZ4ZBAijdIfsNfH9_3RyK2YK5JCS7-CWjxXKE0hXmBQ&oe=69FEB435,fede_tedesco_,https://www.instagram.com/fede_tedesco_,Confettura di albicocca #ilprodottomisteriosoPENNY #accettoregolamento #holettoprivacypolicy,0,0,2026-04-27T14:29:19.000Z,17999277242925998,2257359432,2026-05-04T16:16:07.342Z,https://www.instagram.com/p/DXotHFAjcSM
https://scontent-cdg6-1.cdninstagram.com/v/t51.2885-19/78888042_662275131210319_7588330123875581952_n.jpg?stp=dst-jpg_s150x150_tt6&_nc_cat=105&ccb=7-5&_nc_sid=f7ccc5&efg=eyJ2ZW5jb2RlX3RhZyI6InByb2ZpbGVfcGljLnd3dy4xMDgwLkMzIn0%3D&_nc_ohc=cg9uavhWKYsQ7kNvwH2EO1o&_nc_oc=Adrg_6LU6Mgh-mSyl2tLhKILpE8lSMW-lGMJlOvDJD_PWyqwglxuid7DVgSpIFoIrAk&_nc_zt=24&_nc_ht=scontent-cdg6-1.cdninstagram.com&_nc_ss=7b6a8&oh=00_Af5K3PrR9xJIaKdlnFxxsvkPiEcezf9aVn08GSDSr1OURg&oe=69FE867B,silvagiorg,https://www.instagram.com/silvagiorg,Confettura di albicocca  #ilprodottomisteriosopenny #accettoregolamento  #holettoprivacypolicy,0,0,2026-04-27T14:27:26.000Z,18402210676145624,8886508930,2026-05-04T16:16:25.167Z,https://www.instagram.com/p/DXotHFAjcSM
https://scontent-cdg6-1.cdninstagram.com/v/t51.2885-19/489527962_680132691239600_658026952522137279_n.jpg?stp=dst-jpg_s150x150_tt6&_nc_cat=105&ccb=7-5&_nc_sid=f7ccc5&efg=eyJ2ZW5jb2RlX3RhZyI6InByb2ZpbGVfcGljLnd3dy4xMDgwLkMzIn0%3D&_nc_ohc=p4FLndJJiRwQ7kNvwGhOs-G&_nc_oc=AdpCY-Gf-JH0O69nw-zn1qwCRhrKJNCLUyPIjkGmB4zV6t2tQimU_cnbIqIfTnf3i3o&_nc_zt=24&_nc_ht=scontent-cdg6-1.cdninstagram.com&_nc_ss=7b6a8&oh=00_Af70GeY3zBgjwyFCifFg06QQ3g9vskcLfr6HPRA3A5S9ag&oe=69FE821D,madamespring24,https://www.instagram.com/madamespring24,Confettura Albicocca #prodottomisteriosopenny #accettoregolamento #holettoprivacypolicy,0,0,2026-04-27T14:27:00.000Z,17972076902878302,8753535423,2026-05-04T16:16:25.167Z,https://www.instagram.com/p/DXotHFAjcSM
https://scontent-cdg4-2.cdninstagram.com/v/t51.2885-19/11033060_1463486043914421_501995340_a.jpg?_nc_cat=107&ccb=7-5&_nc_sid=f7ccc5&efg=eyJ2ZW5jb2RlX3RhZyI6InByb2ZpbGVfcGljLnd3dy4xNTAuQzMifQ%3D%3D&_nc_ohc=JFHHuiH13-kQ7kNvwHn8tGZ&_nc_oc=AdoU4dPp-ecUue56e0ZHh4qiikz0BUVYUo_j_Vm_nukiaDfT-hGpqIkdHABFONoMgDY&_nc_zt=24&_nc_ht=scontent-cdg4-2.cdninstagram.com&_nc_ss=7b6a8&oh=00_Af4HlpH6yUNz1tGrJeiY3DFF0GU7jPu8atRJU6YtifYOZQ&oe=69FE8479,larascagnolari,https://www.instagram.com/larascagnolari,Confettura di albicocca senza zuccheri  aggiunti #PRODOTTOMISTERIOSOPENNY #ACCETTOREGOLAMENTO #HOLETTOPRIVACYPOLICY,0,0,2026-04-27T14:26:33.000Z,18099454892080286,1750108811,2026-05-04T16:16:25.167Z,https://www.instagram.com/p/DXotHFAjcSM
https://scontent-cdg4-3.cdninstagram.com/v/t51.82787-19/566351355_18532678912061065_4346348433204608634_n.jpg?stp=dst-jpg_s150x150_tt6&_nc_cat=111&ccb=7-5&_nc_sid=f7ccc5&efg=eyJ2ZW5jb2RlX3RhZyI6InByb2ZpbGVfcGljLnd3dy4xMDgwLkMzIn0%3D&_nc_ohc=pGVggqkEKcUQ7kNvwEgEXfX&_nc_oc=AdoZ0QHzhFcJcB51ywP35sHVxgq2BaxsQAiTlSqaXXS1kr1lJ78Y7bgsfXpSEYvXsyE&_nc_zt=24&_nc_ht=scontent-cdg4-3.cdninstagram.com&_nc_gid=Y0GgZt_och7EF39AMx2vfg&_nc_ss=7b6a8&oh=00_Af4QvWYz4CFgXrN4FAjg3B5p_R_v6M0_oDZUa3dwVa82TQ&oe=69FEAF4E,roroangeli,https://www.instagram.com/roroangeli,Confettura di pesche #prodottomidteriosopenny #accettoregolamento #holettoprivacypolicy,0,0,2026-04-27T14:26:20.000Z,18456724861129591,603005064,2026-05-04T16:16:25.167Z,https://www.instagram.com/p/DXotHFAjcSM
https://scontent-cdg4-1.cdninstagram.com/v/t51.2885-19/483161584_1175878553949492_8137495052072807646_n.jpg?stp=dst-jpg_s150x150_tt6&_nc_cat=110&ccb=7-5&_nc_sid=f7ccc5&efg=eyJ2ZW5jb2RlX3RhZyI6InByb2ZpbGVfcGljLnd3dy4xMDgwLkMzIn0%3D&_nc_ohc=MLaSOjaDlOEQ7kNvwH66-Ei&_nc_oc=AdpiTbXxAuK7qH_EX7kYkr5X4FkHgwyVsP5EnBjFFTukHyFPCIn8jlE3aepiHqCKIXw&_nc_zt=24&_nc_ht=scontent-cdg4-1.cdninstagram.com&_nc_ss=7b6a8&oh=00_Af6frpa9wm9NjzH_WaxWsDltou2y0I_hQRWnhsn8C01x2g&oe=69FE9525,anitamehicic,https://www.instagram.com/anitamehicic,Marmellatadi albicocca #ilprodottomisteriosopenny #accettoregolamento #holettoprivacypolicy,0,0,2026-04-27T14:23:33.000Z,18069067061671402,5561310900,2026-05-04T16:16:25.167Z,https://www.instagram.com/p/DXotHFAjcSM
https://scontent-cdg6-1.cdninstagram.com/v/t51.2885-19/307291393_456483759583540_8506684516718099749_n.jpg?stp=dst-jpg_s150x150_tt6&_nc_cat=106&ccb=7-5&_nc_sid=f7ccc5&efg=eyJ2ZW5jb2RlX3RhZyI6InByb2ZpbGVfcGljLnd3dy43MjAuQzMifQ%3D%3D&_nc_ohc=VVEZOCQc0LEQ7kNvwFpNa2P&_nc_oc=Adp_d80rkyFF-MqnRpIp3Nhx3e7N-eKp1ejuS_1zOPV5p6IfGLEWMPA48oNxs0EKs5I&_nc_zt=24&_nc_ht=scontent-cdg6-1.cdninstagram.com&_nc_ss=7b6a8&oh=00_Af5eGYfVkY98Fdp72m9lDiMkWX0jFP5bi0KXkVDnvMLo_g&oe=69FEA95E,barbara_meneghelli,https://www.instagram.com/barbara_meneghelli,Welless confettura albicocca #prodottomisteriosopenny #accettoregolamento #holettoprivacypolicy,0,0,2026-04-27T14:23:14.000Z,18071567342649901,1259883112,2026-05-04T16:16:25.167Z,https://www.instagram.com/p/DXotHFAjcSM
https://scontent-cdg4-2.cdninstagram.com/v/t51.82787-19/661053780_18079742591142368_7844000088639056858_n.jpg?stp=dst-jpg_s150x150_tt6&_nc_cat=100&ccb=7-5&_nc_sid=f7ccc5&efg=eyJ2ZW5jb2RlX3RhZyI6InByb2ZpbGVfcGljLnd3dy4xMDgwLkMzIn0%3D&_nc_ohc=H6R0R8B-GccQ7kNvwH20VnE&_nc_oc=Adq0gtJRmogCpsBZzka5aQZCLBD2HFyAcw826Ug3x6PaMSLgWOvIkLORPNcBo_eAIsg&_nc_zt=24&_nc_ht=scontent-cdg4-2.cdninstagram.com&_nc_gid=Y0GgZt_och7EF39AMx2vfg&_nc_ss=7b6a8&oh=00_Af4qvsPdafoL6QJ0m_9X-qWAVs5BRZci15f-5LCRA_8Baw&oe=69FEB064,pazzaconcorsista,https://www.instagram.com/pazzaconcorsista,La marmellata di albicocche #ilprodottomisteriosiPenny #accettoregolamento #holettoprivacypolicy,0,0,2026-04-27T14:22:53.000Z,17991363353952933,34161926367,2026-05-04T16:16:25.168Z,https://www.instagram.com/p/DXotHFAjcSM
https://scontent-cdg4-2.cdninstagram.com/v/t51.82787-19/552521940_18539965162036302_8809335160671033844_n.jpg?stp=dst-jpg_s150x150_tt6&_nc_cat=101&ccb=7-5&_nc_sid=f7ccc5&efg=eyJ2ZW5jb2RlX3RhZyI6InByb2ZpbGVfcGljLnd3dy45OTIuQzMifQ%3D%3D&_nc_ohc=mkUdEr0uU_IQ7kNvwFL6Nmo&_nc_oc=AdrLGY9zSqzHFKr902IcTarwmb9q42jyRyMdj5jaI4joQP7uQ-0oq5cjFH2LxLfaAe4&_nc_zt=24&_nc_ht=scontent-cdg4-2.cdninstagram.com&_nc_gid=Y0GgZt_och7EF39AMx2vfg&_nc_ss=7b6a8&oh=00_Af6fLFxaCGi0EOnD_BJQifpfJXa3hCApfePz4AcQhMVpZQ&oe=69FE9BA2,enza_licenza_di_sorridere,https://www.instagram.com/enza_licenza_di_sorridere,Confettura extra di albicocche #ilprodottomisteriosoPENNY #accettoregolamento #holettoprivacypolicy,0,0,2026-04-27T14:20:27.000Z,17920131630345590,1819044301,2026-05-04T16:16:25.168Z,https://www.instagram.com/p/DXotHFAjcSM
https://scontent-cdg4-1.cdninstagram.com/v/t51.2885-19/19535225_1959179704301805_7406699921182556160_a.jpg?stp=dst-jpg_s150x150_tt6&_nc_cat=110&ccb=7-5&_nc_sid=f7ccc5&efg=eyJ2ZW5jb2RlX3RhZyI6InByb2ZpbGVfcGljLnd3dy4xMDgwLkMzIn0%3D&_nc_ohc=sAx1ooG5ccEQ7kNvwFpUnXw&_nc_oc=AdoCMyvOJYCC5I7pKje7HKNV3Oy5Qg0deqAdPZUURE0_0gp0-bP-urqj-OIynhUFZWA&_nc_zt=24&_nc_ht=scontent-cdg4-1.cdninstagram.com&_nc_ss=7b6a8&oh=00_Af5FELJz9f74o3-UZw99qQ8fCrM02T9k8x09Lfceb_OgQw&oe=69FEA02F,giovybert,https://www.instagram.com/giovybert,Confettura di albicocche #prodottomisteriosopenny #accettoregolamento #holettoprivacypolicy,0,0,2026-04-27T14:08:51.000Z,18195365065362516,1436962356,2026-05-04T16:16:25.168Z,https://www.instagram.com/p/DXotHFAjcSM
https://scontent-cdg4-2.cdninstagram.com/v/t51.2885-19/235478997_870098120287403_2793280592671998891_n.jpg?stp=dst-jpg_s150x150_tt6&_nc_cat=100&ccb=7-5&_nc_sid=f7ccc5&efg=eyJ2ZW5jb2RlX3RhZyI6InByb2ZpbGVfcGljLnd3dy40NTMuQzMifQ%3D%3D&_nc_ohc=MvC2WICu-zMQ7kNvwGfw2xs&_nc_oc=AdqyellymGMM0nUGPVPYLTop-gNlBw6IEMONRmQJiF7-_ewZB4tuqA6rJq8YHUvxqWY&_nc_zt=24&_nc_ht=scontent-cdg4-2.cdninstagram.com&_nc_ss=7b6a8&oh=00_Af5TI21RrejQlvKgPBcSG4k9e0rBR1nUZfFA3uGUGMbAuQ&oe=69FEA2BF,lunvilla,https://www.instagram.com/lunvilla,#prodottomisteriosopenny #accettoregolamento #holettoprivacypolicy,0,0,2026-04-27T14:03:01.000Z,18318246304260300,366637200,2026-05-04T16:16:25.168Z,https://www.instagram.com/p/DXotHFAjcSM
https://scontent-cdg4-1.cdninstagram.com/v/t51.2885-19/455614706_26276874285260443_4115604805176510251_n.jpg?stp=dst-jpg_s150x150_tt6&_nc_cat=108&ccb=7-5&_nc_sid=f7ccc5&efg=eyJ2ZW5jb2RlX3RhZyI6InByb2ZpbGVfcGljLnd3dy43NTAuQzMifQ%3D%3D&_nc_ohc=V-ASMLbg8rEQ7kNvwG2IxXv&_nc_oc=AdrQ39__ECcTibyGEJZHAUps3e6ApTmwrXAKnHhmOANWKQrA8Lvf45y8uCGNp6MTE-s&_nc_zt=24&_nc_ht=scontent-cdg4-1.cdninstagram.com&_nc_ss=7b6a8&oh=00_Af5CUskcdQpkWdXpK7RMOMlmNLFsDvKsDUkOs94ontqbzA&oe=69FE8302,mariamilizia,https://www.instagram.com/mariamilizia,Crema di arachidi  #il prodottomisteriosopenny #accettoregolamento #holettoprivacypolicy,0,0,2026-04-27T14:02:20.000Z,18018032126674319,2011299737,2026-05-04T16:16:25.168Z,https://www.instagram.com/p/DXotHFAjcSM
https://scontent-cdg4-2.cdninstagram.com/v/t51.2885-19/235478997_870098120287403_2793280592671998891_n.jpg?stp=dst-jpg_s150x150_tt6&_nc_cat=100&ccb=7-5&_nc_sid=f7ccc5&efg=eyJ2ZW5jb2RlX3RhZyI6InByb2ZpbGVfcGljLnd3dy40NTMuQzMifQ%3D%3D&_nc_ohc=MvC2WICu-zMQ7kNvwGfw2xs&_nc_oc=AdqyellymGMM0nUGPVPYLTop-gNlBw6IEMONRmQJiF7-_ewZB4tuqA6rJq8YHUvxqWY&_nc_zt=24&_nc_ht=scontent-cdg4-2.cdninstagram.com&_nc_ss=7b6a8&oh=00_Af5TI21RrejQlvKgPBcSG4k9e0rBR1nUZfFA3uGUGMbAuQ&oe=69FEA2BF,lunvilla,https://www.instagram.com/lunvilla,Confettura di albicocche,0,0,2026-04-27T14:01:40.000Z,18205166722341249,366637200,2026-05-04T16:16:25.168Z,https://www.instagram.com/p/DXotHFAjcSM
https://scontent-cdg4-2.cdninstagram.com/v/t51.82787-19/580549589_18312073138218486_186855131368403824_n.jpg?stp=dst-jpg_s150x150_tt6&_nc_cat=107&ccb=7-5&_nc_sid=f7ccc5&efg=eyJ2ZW5jb2RlX3RhZyI6InByb2ZpbGVfcGljLnd3dy4zMjAuQzMifQ%3D%3D&_nc_ohc=d8LGuKJBm4QQ7kNvwH7Rd0x&_nc_oc=AdoNyy3yNOQvK2D6c-7CtnU90lmoQsKzFu81EyLYXp1MO0u_OLgX0-qVzu7jz-mhxjw&_nc_zt=24&_nc_ht=scontent-cdg4-2.cdninstagram.com&_nc_gid=Y0GgZt_och7EF39AMx2vfg&_nc_ss=7b6a8&oh=00_Af7dzL2OSJ0wU0jlN9p4qRpSv2CxU8lgqzegPbNSz6PHBA&oe=69FEB418,rominapasolini,https://www.instagram.com/rominapasolini,Confettura di albicocche ❤️ #prodottomisteriosopenny#accettoregolamento #holettoprivacypolicy,0,0,2026-04-27T13:58:48.000Z,17951656485127302,6606362485,2026-05-04T16:16:25.168Z,https://www.instagram.com/p/DXotHFAjcSM
https://scontent-cdg4-2.cdninstagram.com/v/t51.75761-19/504473377_18508691242010510_9031074924045487764_n.jpg?stp=dst-jpg_s150x150_tt6&_nc_cat=107&ccb=7-5&_nc_sid=f7ccc5&efg=eyJ2ZW5jb2RlX3RhZyI6InByb2ZpbGVfcGljLnd3dy4xMDgwLkMzIn0%3D&_nc_ohc=xd1YyfiJTP4Q7kNvwHTmQvM&_nc_oc=Adqp2rSeE0a3LdooB8V2hmWmJ2ZRvi4GQcfEwfS42tJPmnRSjt5SbBrSjziMReXTicI&_nc_zt=24&_nc_ht=scontent-cdg4-2.cdninstagram.com&_nc_gid=Y0GgZt_och7EF39AMx2vfg&_nc_ss=7b6a8&oh=00_Af6cGcrxYu-cmknzhhnndHZWzmaKPdzgnYSnPNmnIVgE8g&oe=69FEA18D,mbilla82,https://www.instagram.com/mbilla82,#prodottomisteriosopenny #accettoregolamento #holettoprivacypolicy confettura di albicocca,0,0,2026-04-27T13:57:22.000Z,18095996951165950,374986509,2026-05-04T16:16:25.168Z,https://www.instagram.com/p/DXotHFAjcSM
https://scontent-cdg4-1.cdninstagram.com/v/t51.2885-19/341209979_239117225286465_1806321374887955485_n.jpg?stp=dst-jpg_s150x150_tt6&_nc_cat=110&ccb=7-5&_nc_sid=f7ccc5&efg=eyJ2ZW5jb2RlX3RhZyI6InByb2ZpbGVfcGljLnd3dy4xMDgwLkMzIn0%3D&_nc_ohc=_ydr8-DoKDcQ7kNvwFsQeHY&_nc_oc=AdqSG6v-_pWvZ7_6q4Bn8sv8shCKyZNZ2tvrBZ7osKxUirZdGHB3NRCW5Hjr1m_ycME&_nc_zt=24&_nc_ht=scontent-cdg4-1.cdninstagram.com&_nc_ss=7b6a8&oh=00_Af5ld75zTnIIhQuiV7xj7s-Mmoa3SL75eEHsr9QDL6dLTw&oe=69FE85D3,kele3030,https://www.instagram.com/kele3030,Confettura di albicocca #ilprodottomisteriosoPENNY #accettoregolamento #holettoprivacypolicy,0,0,2026-04-27T13:56:16.000Z,18149453308476286,45471956927,2026-05-04T16:16:25.168Z,https://www.instagram.com/p/DXotHFAjcSM
https://scontent-cdg6-1.cdninstagram.com/v/t51.2885-19/315658144_145375141583927_588328381319631755_n.jpg?stp=dst-jpg_s150x150_tt6&_nc_cat=103&ccb=7-5&_nc_sid=f7ccc5&efg=eyJ2ZW5jb2RlX3RhZyI6InByb2ZpbGVfcGljLnd3dy4xMDgwLkMzIn0%3D&_nc_ohc=JK1YE2HR6XYQ7kNvwGzZ4I1&_nc_oc=AdrkwIt7Dn6PLo_IHMYV69u0SyhxJCOQu8aDZZFGnlo9n8UUnfl00REsVYcP9kJ4Mjs&_nc_zt=24&_nc_ht=scontent-cdg6-1.cdninstagram.com&_nc_ss=7b6a8&oh=00_Af6KS6hxvRZCDBR7AY36W5SLQLSY-gd24h4vbbaSEHASdQ&oe=69FE83AA,el.dorado1410,https://www.instagram.com/el.dorado1410,Confettura di albicocca #ilprodottomisteriosopenny #accettoregolamento #holettoprivacypolicy,0,0,2026-04-27T13:55:54.000Z,18012266303846417,56685446039,2026-05-04T16:16:42.654Z,https://www.instagram.com/p/DXotHFAjcSM
https://scontent-cdg4-1.cdninstagram.com/v/t51.2885-19/292272538_163774879517828_7295240197688472123_n.jpg?stp=dst-jpg_s150x150_tt6&_nc_cat=102&ccb=7-5&_nc_sid=f7ccc5&efg=eyJ2ZW5jb2RlX3RhZyI6InByb2ZpbGVfcGljLnd3dy4xMDgwLkMzIn0%3D&_nc_ohc=gRVU0boLJzkQ7kNvwHBysQZ&_nc_oc=AdrpdQnEP-0UQx5cvMDcB5dyGCBc1u000HotFbsSxItYTO8VSrRj8RQfiFyyNt1mGOE&_nc_zt=24&_nc_ht=scontent-cdg4-1.cdninstagram.com&_nc_ss=7b6a8&oh=00_Af5FCfxSd1VrqG4erinBjXZcBRIOXmRFVXJGVa3I-fSWnQ&oe=69FE9175,bluetherabbit2022,https://www.instagram.com/bluetherabbit2022,Confettura di albicocca #ilprodottomisteriosopenny #accettoregolamento #holettoprivacypolicy,0,0,2026-04-27T13:54:54.000Z,18176578546402213,54278885217,2026-05-04T16:16:42.654Z,https://www.instagram.com/p/DXotHFAjcSM
https://scontent-cdg4-3.cdninstagram.com/v/t51.75761-19/491418120_18060847184321929_149895302087975913_n.jpg?stp=dst-jpg_s150x150_tt6&_nc_cat=111&ccb=7-5&_nc_sid=f7ccc5&efg=eyJ2ZW5jb2RlX3RhZyI6InByb2ZpbGVfcGljLnd3dy4xMDgwLkMzIn0%3D&_nc_ohc=nEpGkTTSNuAQ7kNvwFSn8rs&_nc_oc=Ador7In40Z7qi1APc819O5SZvsdqwtJJ6Pbkq38RDP-RgBjmM4OP7Nl7SotXcPTs9c0&_nc_zt=24&_nc_ht=scontent-cdg4-3.cdninstagram.com&_nc_gid=IxA-5WKFsfWIBNyNtA2Nyw&_nc_ss=7b6a8&oh=00_Af70movbahUmBy588S2phnEG2PrR7s_GDda4r87vQiCsbw&oe=69FEADDF,marimalli72,https://www.instagram.com/marimalli72,Confettura di albicocche #PRODOTTOMISTERIOSOPENNY#ACCETTOREGOLAMENTO#HOLETTOPRIVACYPOLICY,0,0,2026-04-27T13:54:45.000Z,18082047746385872,39617169928,2026-05-04T16:16:42.654Z,https://www.instagram.com/p/DXotHFAjcSM
https://scontent-cdg4-1.cdninstagram.com/v/t51.2885-19/103840135_283169003066997_3591223696980610805_n.jpg?stp=dst-jpg_s150x150_tt6&_nc_cat=102&ccb=7-5&_nc_sid=f7ccc5&efg=eyJ2ZW5jb2RlX3RhZyI6InByb2ZpbGVfcGljLnd3dy4xMDgwLkMzIn0%3D&_nc_ohc=zIzT_R_N9P0Q7kNvwFWZ-Oj&_nc_oc=AdojLXhY-kBGZ5vcR8M512fLiuVdRfsY53ciATY0T9L2B3Nv8CZGypscLv4elGGoLnE&_nc_zt=24&_nc_ht=scontent-cdg4-1.cdninstagram.com&_nc_ss=7b6a8&oh=00_Af5wZplRWl_Ba8Guu2_20tywvozhTPYRatgwPk21UObiXw&oe=69FE9B5B,sandrarossi.penelope,https://www.instagram.com/sandrarossi.penelope,Confettura di albicocca #prodottomisteriosopenny #accettoregolamento #holettoprivacypolicy,0,0,2026-04-27T13:54:37.000Z,17877416694581210,37710321385,2026-05-04T16:16:42.654Z,https://www.instagram.com/p/DXotHFAjcSM
https://scontent-cdg4-2.cdninstagram.com/v/t51.2885-19/119064065_211900500269761_4706098055653243018_n.jpg?stp=dst-jpg_s150x150_tt6&_nc_cat=100&ccb=7-5&_nc_sid=f7ccc5&efg=eyJ2ZW5jb2RlX3RhZyI6InByb2ZpbGVfcGljLnd3dy4xMDgwLkMzIn0%3D&_nc_ohc=jqPf0Qklr4AQ7kNvwEPGCKx&_nc_oc=Adq2KCYJsDnoAYq4V56oB2ON-xx9gqR2OXCbNiNywLoLKYElmUOUVXORGxy5zyi0JS4&_nc_zt=24&_nc_ht=scontent-cdg4-2.cdninstagram.com&_nc_ss=7b6a8&oh=00_Af7M5-R3juMxlEtewWD1oQxWyAeRbB3pXIqyST9_TckYWA&oe=69FE9C2C,laro241,https://www.instagram.com/laro241,Confettura di albicocca #ilprodottomisteriosopenny #accettoregolamento #holettoprivacypolicy,0,0,2026-04-27T13:54:31.000Z,18073522784258165,10821718208,2026-05-04T16:16:42.654Z,https://www.instagram.com/p/DXotHFAjcSM
https://scontent-cdg4-2.cdninstagram.com/v/t51.2885-19/82152913_246675582986179_5480974273717731328_n.jpg?stp=dst-jpg_s150x150_tt6&_nc_cat=107&ccb=7-5&_nc_sid=f7ccc5&efg=eyJ2ZW5jb2RlX3RhZyI6InByb2ZpbGVfcGljLnd3dy4xMDgwLkMzIn0%3D&_nc_ohc=Cj7IO1VJdQoQ7kNvwFbUct6&_nc_oc=AdoOy-A4-02Ke79V1-1L2unVoeXJGBkkAlOB9sbpHQZbUoDpPe9ho64ros8WisBzTSM&_nc_zt=24&_nc_ht=scontent-cdg4-2.cdninstagram.com&_nc_ss=7b6a8&oh=00_Af6OFaVdv4YOoZ98yeIy1oHmypCfAB6zWekks4qGSkpPXA&oe=69FE9711,frenk241,https://www.instagram.com/frenk241,Confettura di albicocca #ilprodottomisteriosopenny #accettoregolamento #holettoprivacypolicy,0,0,2026-04-27T13:53:50.000Z,18100817024007480,3933800912,2026-05-04T16:16:42.654Z,https://www.instagram.com/p/DXotHFAjcSM
https://scontent-cdg6-1.cdninstagram.com/v/t51.2885-19/357367070_1916547832045934_7624563081641031720_n.jpg?stp=dst-jpg_s150x150_tt6&_nc_cat=105&ccb=7-5&_nc_sid=f7ccc5&efg=eyJ2ZW5jb2RlX3RhZyI6InByb2ZpbGVfcGljLnd3dy4xMDgwLkMzIn0%3D&_nc_ohc=VIKi2LyPr0kQ7kNvwE67gYl&_nc_oc=AdqubZe8fxr-95z2b0baZnr0-7kk-SLbrriyYyHINM04ZfJUrd1BY1oQOVS16FZEfYU&_nc_zt=24&_nc_ht=scontent-cdg6-1.cdninstagram.com&_nc_ss=7b6a8&oh=00_Af7-WLA6KV3B_KvZ2fjOLR3cTfhNpK6jCfPRzuPyFRkfxw&oe=69FE95F6,a_unicorn_on_the_beach,https://www.instagram.com/a_unicorn_on_the_beach,Confettura di albicocca #ilprodottomisteriosopenny #accettoregolamento #holettoprivacypolicy,0,0,2026-04-27T13:52:10.000Z,17881848021558274,50420382609,2026-05-04T16:16:42.654Z,https://www.instagram.com/p/DXotHFAjcSM
https://scontent-cdg4-3.cdninstagram.com/v/t51.2885-19/237738079_836296623756279_4885088232079626891_n.jpg?stp=dst-jpg_s150x150_tt6&_nc_cat=111&ccb=7-5&_nc_sid=f7ccc5&efg=eyJ2ZW5jb2RlX3RhZyI6InByb2ZpbGVfcGljLnd3dy43NTIuQzMifQ%3D%3D&_nc_ohc=PMIvEanVEqYQ7kNvwHISRi_&_nc_oc=AdreyVfAwQ86O1lZf6PNi9d4reTyKnkQWbkkynZwKMFWVwfcAv1Sv4c4IkwooxZZI0M&_nc_zt=24&_nc_ht=scontent-cdg4-3.cdninstagram.com&_nc_ss=7b6a8&oh=00_Af6biJkN1zbXME4tL-Sg33jQpmY3xqcC_0zBaejlKQv9xQ&oe=69FE7F00,little_einstein,https://www.instagram.com/little_einstein,Confettura di albicocca #ilprodottomisteriosopenny #accettoregolamento #holettoprivacypolicy,0,0,2026-04-27T13:50:58.000Z,17925857619292399,208882964,2026-05-04T16:16:42.654Z,https://www.instagram.com/p/DXotHFAjcSM
https://scontent-cdg4-3.cdninstagram.com/v/t51.2885-19/448992933_1226094968759620_6486898813033673981_n.jpg?stp=dst-jpg_s150x150_tt6&_nc_cat=111&ccb=7-5&_nc_sid=f7ccc5&efg=eyJ2ZW5jb2RlX3RhZyI6InByb2ZpbGVfcGljLnd3dy43MTkuQzMifQ%3D%3D&_nc_ohc=YlMwIvDOHGYQ7kNvwHSoYXb&_nc_oc=AdqgtPOKZRz1ppT2wdrvkfH2OUv1RJ67TOrPoetavWKcO4oMvemZT0aaVWENiQOBjrs&_nc_zt=24&_nc_ht=scontent-cdg4-3.cdninstagram.com&_nc_ss=7b6a8&oh=00_Af5nGqmRjyEAlsHjjRT4mt7u2M8CGlFs_hL5P4rSs0ePHQ&oe=69FE93C2,_sararovelli,https://www.instagram.com/_sararovelli,Marmellata di albicocca,0,0,2026-04-27T13:50:40.000Z,18125499286717519,40907189167,2026-05-04T16:16:42.654Z,https://www.instagram.com/p/DXotHFAjcSM
https://scontent-cdg4-2.cdninstagram.com/v/t51.82787-19/618618404_18549188548035864_3922855104524772946_n.jpg?stp=dst-jpg_s150x150_tt6&_nc_cat=109&ccb=7-5&_nc_sid=f7ccc5&efg=eyJ2ZW5jb2RlX3RhZyI6InByb2ZpbGVfcGljLnd3dy45NjYuQzMifQ%3D%3D&_nc_ohc=EgoEaJKNoAQQ7kNvwFl0LPE&_nc_oc=AdqXgxjQ8QtwKoQ2U1n1F_fSFWCicyuCRCy4VMh3PcZBQCfBniam_9M5BYx835AqQ1k&_nc_zt=24&_nc_ht=scontent-cdg4-2.cdninstagram.com&_nc_gid=IxA-5WKFsfWIBNyNtA2Nyw&_nc_ss=7b6a8&oh=00_Af40d53jSGsRqpbCHZvOFbe6yBca7Puti_TuzUF1h2luhQ&oe=69FEAC95,simona_tomino,https://www.instagram.com/simona_tomino,Confettura di albicocca #ilprodottomisteriosoPENNY #accettoregolamento #holettoprivacypolicy,0,0,2026-04-27T13:48:58.000Z,18113973502695442,1136483863,2026-05-04T16:16:42.654Z,https://www.instagram.com/p/DXotHFAjcSM
https://scontent-cdg6-1.cdninstagram.com/v/t51.2885-19/102287476_3016221141794058_1784318897802481280_n.jpg?stp=dst-jpg_s150x150_tt6&_nc_cat=105&ccb=7-5&_nc_sid=f7ccc5&efg=eyJ2ZW5jb2RlX3RhZyI6InByb2ZpbGVfcGljLnd3dy4xMDgwLkMzIn0%3D&_nc_ohc=TG-N8IwfvfMQ7kNvwGW5yoQ&_nc_oc=Adr_CSixQ2Mm8DIXDIWSHa8N9U2OLxG3WrMOyxeYlYCgIXW14r0Fs3MvBT5-SBSUA-Q&_nc_zt=24&_nc_ht=scontent-cdg6-1.cdninstagram.com&_nc_ss=7b6a8&oh=00_Af6erNC1g71XVG-Fw0rDbXtk1D3a05qAhgMH8dcOSAsIig&oe=69FE8C83,autumn_rainbow_88,https://www.instagram.com/autumn_rainbow_88,@lorenzo.pirola.7 partecipa,0,0,2026-04-27T13:45:42.000Z,18101485060815180,36815171656,2026-05-04T16:16:42.654Z,https://www.instagram.com/p/DXotHFAjcSM
https://scontent-cdg6-1.cdninstagram.com/v/t51.2885-19/102287476_3016221141794058_1784318897802481280_n.jpg?stp=dst-jpg_s150x150_tt6&_nc_cat=105&ccb=7-5&_nc_sid=f7ccc5&efg=eyJ2ZW5jb2RlX3RhZyI6InByb2ZpbGVfcGljLnd3dy4xMDgwLkMzIn0%3D&_nc_ohc=TG-N8IwfvfMQ7kNvwGW5yoQ&_nc_oc=Adr_CSixQ2Mm8DIXDIWSHa8N9U2OLxG3WrMOyxeYlYCgIXW14r0Fs3MvBT5-SBSUA-Q&_nc_zt=24&_nc_ht=scontent-cdg6-1.cdninstagram.com&_nc_ss=7b6a8&oh=00_Af6erNC1g71XVG-Fw0rDbXtk1D3a05qAhgMH8dcOSAsIig&oe=69FE8C83,autumn_rainbow_88,https://www.instagram.com/autumn_rainbow_88,CREMA DI ARACHIDI #accettoregolamento #ilprodottomisteriosopenny #holettoprivacypolicy,0,0,2026-04-27T13:45:35.000Z,18046916705762418,36815171656,2026-05-04T16:16:42.654Z,https://www.instagram.com/p/DXotHFAjcSM
https://scontent-cdg4-1.cdninstagram.com/v/t51.2885-19/11382539_601508776658049_902057357_a.jpg?_nc_cat=108&ccb=7-5&_nc_sid=f7ccc5&efg=eyJ2ZW5jb2RlX3RhZyI6InByb2ZpbGVfcGljLnd3dy4xNTAuQzMifQ%3D%3D&_nc_ohc=9aK8AgqloDUQ7kNvwH4tW4t&_nc_oc=Adrj5pE7Fwr9TZ0B03e_JUOH92B8FPxNLOecsgaEpxw4v1Ysnu0INkK-_we-cBOhPwI&_nc_zt=24&_nc_ht=scontent-cdg4-1.cdninstagram.com&_nc_ss=7b6a8&oh=00_Af4gTTR_Yjb7E66Mgh21g3IxWs1R8RvqUAm12HWw79CLpw&oe=69FE937F,ilsogno_e_qui,https://www.instagram.com/ilsogno_e_qui,Confettura di albicocca #ilprodottomisteriosoPenny  #accettoregolamento #holettoprivacypolicy,0,0,2026-04-27T13:43:39.000Z,18160785382441357,2081003446,2026-05-04T16:16:42.654Z,https://www.instagram.com/p/DXotHFAjcSM
https://scontent-cdg4-2.cdninstagram.com/v/t51.82787-19/589955524_18544666507007982_4778304776021202038_n.jpg?stp=dst-jpg_s150x150_tt6&_nc_cat=100&ccb=7-5&_nc_sid=f7ccc5&efg=eyJ2ZW5jb2RlX3RhZyI6InByb2ZpbGVfcGljLnd3dy4xMDgwLkMzIn0%3D&_nc_ohc=VIRoQnsDT4QQ7kNvwFjYrNz&_nc_oc=AdrWormxaRHUXkoYtXajCL3OjdBSFRDEkRLzoDLm0EzUJWrR7O7saGhBVvTYg6xMQEk&_nc_zt=24&_nc_ht=scontent-cdg4-2.cdninstagram.com&_nc_gid=IxA-5WKFsfWIBNyNtA2Nyw&_nc_ss=7b6a8&oh=00_Af77T0wln5wjuUAFmrtfJjP9M-A3TG-VkNJxLycZXaTJ-w&oe=69FE7E2B,p3luc,https://www.instagram.com/p3luc,Crema di arachidi #ilprodottomisteriosoPENNY #accettoregolamento #holettoprivacypolicy,0,0,2026-04-27T13:42:04.000Z,17867347278672337,324167981,2026-05-04T16:16:42.654Z,https://www.instagram.com/p/DXotHFAjcSM
https://scontent-cdg4-2.cdninstagram.com/v/t51.2885-19/481436609_670349462320964_1123728759235849154_n.jpg?stp=dst-jpg_s150x150_tt6&_nc_cat=101&ccb=7-5&_nc_sid=f7ccc5&efg=eyJ2ZW5jb2RlX3RhZyI6InByb2ZpbGVfcGljLnd3dy4xMDgwLkMzIn0%3D&_nc_ohc=BKSsCRx5N_wQ7kNvwGnrCDv&_nc_oc=AdrA5c0Qa5I7n61MSGSQ2l8XMPc2mkcJlLi6zMu-p0-NtnBSdK0JjfNGja7BqeUp2Cg&_nc_zt=24&_nc_ht=scontent-cdg4-2.cdninstagram.com&_nc_ss=7b6a8&oh=00_Af7QMPvL5COMnS30cvLYsSkE9CxymoeENg1WDPOyM1PUCA&oe=69FEB427,lebrassignori,https://www.instagram.com/lebrassignori,Crema di arachidi #ilprodottomisteriosoPENNY #accettoregolamento #holettoprivacypolicy,0,0,2026-04-27T13:39:03.000Z,18097474724039391,6406226198,2026-05-04T16:16:42.654Z,https://www.instagram.com/p/DXotHFAjcSM
https://scontent-cdg4-2.cdninstagram.com/v/t51.2885-19/264251751_143694148007325_6100637163132456262_n.jpg?stp=dst-jpg_s150x150_tt6&_nc_cat=101&ccb=7-5&_nc_sid=f7ccc5&efg=eyJ2ZW5jb2RlX3RhZyI6InByb2ZpbGVfcGljLnd3dy45NTcuQzMifQ%3D%3D&_nc_ohc=gS1JO_17lKsQ7kNvwEGUhBX&_nc_oc=Adp6CHyOeBjEOuu-qYQLTn-3dDVsskuBqixeeme5yx_7kxvtOOWffA6sGD7kXrw-ea8&_nc_zt=24&_nc_ht=scontent-cdg4-2.cdninstagram.com&_nc_ss=7b6a8&oh=00_Af6J2twueob4T6c2wmnL9rIjoFWwi8eZdSlpkoZwiJdelQ&oe=69FE94F0,simonecipsca90,https://www.instagram.com/simonecipsca90,Confettura di albicocca #ilprodottomisteriosopenny #holettoprivacypolicy #accettoregolamento,0,0,2026-04-27T13:38:49.000Z,18102875983959977,315998685,2026-05-04T16:16:57.370Z,https://www.instagram.com/p/DXotHFAjcSM
https://scontent-cdg4-2.cdninstagram.com/v/t51.2885-19/74340701_2651036144979705_4025155745363263488_n.jpg?stp=dst-jpg_s150x150_tt6&_nc_cat=107&ccb=7-5&_nc_sid=f7ccc5&efg=eyJ2ZW5jb2RlX3RhZyI6InByb2ZpbGVfcGljLnd3dy40ODAuQzMifQ%3D%3D&_nc_ohc=r6DJ0WGVw64Q7kNvwEacHUB&_nc_oc=Adrq1vcj9Yz3yfmer9iwr_PtpASV-3YWkQhjt8oZmvccmPTtNaLM6uoopIRgDSaz4Iw&_nc_zt=24&_nc_ht=scontent-cdg4-2.cdninstagram.com&_nc_ss=7b6a8&oh=00_Af7NCHosavf-pxVLrI1QPt-vwxDNzE8mHzvyPz8CGvWGGA&oe=69FE8118,annarainoldi70,https://www.instagram.com/annarainoldi70,Crema di arachidi #accettoregolamento #holettoprivacypolicy #ilprodottomisteriosopenny,0,0,2026-04-27T13:34:50.000Z,18215451280321370,6640453026,2026-05-04T16:16:57.370Z,https://www.instagram.com/p/DXotHFAjcSM
https://scontent-cdg6-1.cdninstagram.com/v/t51.82787-19/622697379_18430021222116336_8163789517059332709_n.jpg?stp=dst-jpg_s150x150_tt6&_nc_cat=105&ccb=7-5&_nc_sid=f7ccc5&efg=eyJ2ZW5jb2RlX3RhZyI6InByb2ZpbGVfcGljLnd3dy4xMDgwLkMzIn0%3D&_nc_ohc=FKdu5aZ0cfQQ7kNvwGFjzAi&_nc_oc=AdoQOOUU5G75MzcKAcE9gw9sucIiT0ocrp6Lcw9_3vxPOqUyKjbHM9-SF5HaSZH-ujs&_nc_zt=24&_nc_ht=scontent-cdg6-1.cdninstagram.com&_nc_gid=AsruE50nEzylykc0SktQHg&_nc_ss=7b6a8&oh=00_Af4IZbfdEKP3aYGCOwsdDurVcLAmaEAoRvHm75LsQC9BzA&oe=69FE7FD3,labiancal,https://www.instagram.com/labiancal,Crema di arachidi #accettoregolamento #prodottomisteriosopenny #Holettoprivacypolicy,0,0,2026-04-27T13:34:23.000Z,18049439339774157,3516916335,2026-05-04T16:16:57.370Z,https://www.instagram.com/p/DXotHFAjcSM
https://scontent-cdg4-2.cdninstagram.com/v/t51.2885-19/326229099_132568876346128_8049615463450642456_n.jpg?stp=dst-jpg_s150x150_tt6&_nc_cat=107&ccb=7-5&_nc_sid=f7ccc5&efg=eyJ2ZW5jb2RlX3RhZyI6InByb2ZpbGVfcGljLnd3dy4xMDgwLkMzIn0%3D&_nc_ohc=4levDJBHykQQ7kNvwH3VXW-&_nc_oc=AdqkeXDUcrqk-UBT6m8x5mfz5udsCEAhwq0JktZJsANV2Vfi48R9fRspbItWPNbjbUM&_nc_zt=24&_nc_ht=scontent-cdg4-2.cdninstagram.com&_nc_ss=7b6a8&oh=00_Af4LwofN5PEp36BXHTwTWVxg0ygvMWeVcyUuFmtFFOQvpQ&oe=69FEAE1F,giovanna_colantonio,https://www.instagram.com/giovanna_colantonio,Crema dí arachidi #accettoregolamento #prodottomisteriosopenny #holettoprivacypolicy,0,0,2026-04-27T13:31:49.000Z,17967821060902664,1491183616,2026-05-04T16:16:57.370Z,https://www.instagram.com/p/DXotHFAjcSM
https://scontent-cdg6-1.cdninstagram.com/v/t51.82787-19/681164293_18576185617050381_1391348799302926093_n.jpg?stp=dst-jpg_s150x150_tt6&_nc_cat=106&ccb=7-5&_nc_sid=f7ccc5&efg=eyJ2ZW5jb2RlX3RhZyI6InByb2ZpbGVfcGljLnd3dy4xMDgwLkMzIn0%3D&_nc_ohc=tcHf0AbPThkQ7kNvwF7-BK-&_nc_oc=AdoXgjsCKOJVaI1AwLtgfoktK7T-iLQnHQyB0U3xpHHpoQzloWzG0auSue0JP9tjKwk&_nc_zt=24&_nc_ht=scontent-cdg6-1.cdninstagram.com&_nc_gid=AsruE50nEzylykc0SktQHg&_nc_ss=7b6a8&oh=00_Af7IxnRzVURgYLcYoJbb_LtQOggI_kypqf7vP5aYwrhlWg&oe=69FE7FC6,gechy67,https://www.instagram.com/gechy67,Crema di arachidi  #accettoregolamento #prodottomisteriosopenny #holettoprivacypolicy,0,0,2026-04-27T13:27:40.000Z,17965633842078483,1549874380,2026-05-04T16:16:57.370Z,https://www.instagram.com/p/DXotHFAjcSM
https://scontent-cdg4-2.cdninstagram.com/v/t51.2885-19/428592246_717796333799727_4060452246820919030_n.jpg?stp=dst-jpg_s150x150_tt6&_nc_cat=100&ccb=7-5&_nc_sid=f7ccc5&efg=eyJ2ZW5jb2RlX3RhZyI6InByb2ZpbGVfcGljLnd3dy43NjguQzMifQ%3D%3D&_nc_ohc=w3PsYYV4dasQ7kNvwHt68Ih&_nc_oc=AdrjGe1mVMU9HP0oRwuvyYh4kYtNZhhyqrEN_39X5nAs74G67N8V5IFsi6HIjn7Aus8&_nc_zt=24&_nc_ht=scontent-cdg4-2.cdninstagram.com&_nc_ss=7b6a8&oh=00_Af5ts-mQ_B_JHnkXH77vcHbCaTSp2WUyWOSJe7XCv6ciMg&oe=69FE85AB,__scarlatta_,https://www.instagram.com/__scarlatta_,Crema di arachidi #prodottomisteriosopenny #accettoregolamento #holettoprivacypolicy,0,0,2026-04-27T13:24:54.000Z,18101381947965425,242422947,2026-05-04T16:16:57.370Z,https://www.instagram.com/p/DXotHFAjcSM