profilePictureUrl,username,profileUrl,comment,likeCount,replyCount,commentDate,commentId,ownerId,timestamp,query
https://scontent-ams2-1.cdninstagram.com/v/t51.82787-19/623060908_18555453283005642_2872550579703552125_n.jpg?stp=dst-jpg_s150x150_tt6&_nc_cat=100&ccb=7-5&_nc_sid=f7ccc5&efg=eyJ2ZW5jb2RlX3RhZyI6InByb2ZpbGVfcGljLnd3dy4xMDgwLkMzIn0%3D&_nc_ohc=L-unZkeZwiIQ7kNvwEHScq-&_nc_oc=AdrrszmzSq72FAd5hzHg4irp3pcJf6Pc-rWrxzpXyFsP7_hbMF-pplFk2pEDumJA7Ho&_nc_zt=24&_nc_ht=scontent-ams2-1.cdninstagram.com&_nc_gid=GHzn_a0w5tJrKT8HxYagRQ&_nc_ss=7b6a8&oh=00_Af-Dx1T7NfNALpgrbI71V6qdCfshesKY-8_-VyegW2mTsw&oe=6A2C1A95,elenabignami,https://www.instagram.com/elenabignami,Stracchino ❤️ #prodottomisteriosopenny #accettoregolamento #holettoprivacypolicy,2,1,2026-05-25T13:15:34.000Z,17888570376540855,329541641,2026-06-08T05:00:05.683Z,https://www.instagram.com/p/DYwzWgzjEDa
https://scontent-ams2-1.cdninstagram.com/v/t51.82787-19/627682811_18341540113208503_2730073908639134013_n.jpg?stp=dst-jpg_s150x150_tt6&_nc_cat=107&ccb=7-5&_nc_sid=f7ccc5&efg=eyJ2ZW5jb2RlX3RhZyI6InByb2ZpbGVfcGljLnd3dy4xMDgwLkMzIn0%3D&_nc_ohc=jrV6CUWXZxYQ7kNvwHSTdM5&_nc_oc=AdqUS2ils7Zzu582mPcwoy0uyVfFG_TQ93MZaNiAkq-01WqXnnhMfotdmWPaaif1Ifc&_nc_zt=24&_nc_ht=scontent-ams2-1.cdninstagram.com&_nc_gid=GHzn_a0w5tJrKT8HxYagRQ&_nc_ss=7b6a8&oh=00_Af9lBh8946U_dBGF_ipdUxeG3dPXKRZTxywK3zNqgeGiug&oe=6A2C1C8D,nikberlingieri,https://www.instagram.com/nikberlingieri,Stracchino Valbontà❤️😍 #prodottomisteriosopenny #accettoregolamento #holettoprivacypolicy,0,0,2026-05-25T16:31:35.000Z,18229365922314253,6409848502,2026-06-08T05:00:05.683Z,https://www.instagram.com/p/DYwzWgzjEDa
https://scontent-ams2-1.cdninstagram.com/v/t51.2885-19/369546890_1007443266938585_8142625818646810199_n.jpg?stp=dst-jpg_s150x150_tt6&_nc_cat=103&ccb=7-5&_nc_sid=f7ccc5&efg=eyJ2ZW5jb2RlX3RhZyI6InByb2ZpbGVfcGljLnd3dy4xMDgwLkMzIn0%3D&_nc_ohc=303hOA_tHqMQ7kNvwFUl3S9&_nc_oc=Adrjn3EgH6s8saR7iSEkrnShWjhpQrtby3GLh5W3QPqKDlMOpcOlhgyOhGQmyn0gjCQ&_nc_zt=24&_nc_ht=scontent-ams2-1.cdninstagram.com&_nc_ss=7b6a8&oh=00_Af-p19_779LPyvWz3LCdl_DerS_Zxx4FadwghTMTxRrcHA&oe=6A2C13F7,maionesilvana,https://www.instagram.com/maionesilvana,Burrata  ValBontà,0,1,2026-05-28T11:34:12.000Z,18106891714746561,5005779092,2026-06-08T05:00:05.683Z,https://www.instagram.com/p/DYwzWgzjEDa
https://scontent-ams2-1.cdninstagram.com/v/t51.2885-19/13388649_575037309329440_1410388393_a.jpg?stp=dst-jpg_s150x150_tt6&_nc_cat=104&ccb=7-5&_nc_sid=f7ccc5&efg=eyJ2ZW5jb2RlX3RhZyI6InByb2ZpbGVfcGljLnd3dy43MjAuQzMifQ%3D%3D&_nc_ohc=g3wMKxxk4WUQ7kNvwFPma4r&_nc_oc=AdoZAKUuiRYY80hklLrO_JWQ0dwWU4WFYOgo159VNZpZaPmbjKFmPVr0jDb2ku3qNGE&_nc_zt=24&_nc_ht=scontent-ams2-1.cdninstagram.com&_nc_ss=7b6a8&oh=00_Af_rrn4nwWacTan6UjjRfyyCJXkj3Eag36NQsxQ5D43mxA&oe=6A2C1EF4,mummypgram,https://www.instagram.com/mummypgram,Stracchino ValBontá 😍 #prodottomisteriosopenny #accettoregolamento #holettoprivacypolicy 🍀🤞 @alegreycat,2,1,2026-05-25T22:18:08.000Z,17885162814405482,407369607,2026-06-08T05:00:05.683Z,https://www.instagram.com/p/DYwzWgzjEDa
https://scontent-ams2-1.cdninstagram.com/v/t51.2885-19/469974154_1118679316564142_3594945515002075723_n.jpg?stp=dst-jpg_s150x150_tt6&_nc_cat=103&ccb=7-5&_nc_sid=f7ccc5&efg=eyJ2ZW5jb2RlX3RhZyI6InByb2ZpbGVfcGljLnd3dy4xMDgwLkMzIn0%3D&_nc_ohc=G4NmETNQmEEQ7kNvwHZoSUB&_nc_oc=AdofG5XlsN0WCk8nn3ZszbKz_Q9_1WRGp1brw0EyswFuwJyhOOd4O5jobtVq8Y1Ogkc&_nc_zt=24&_nc_ht=scontent-ams2-1.cdninstagram.com&_nc_ss=7b6a8&oh=00_Af-5MgrGjBMKoYSG6U23mfioxtY482uDJGe549sRjKY8kg&oe=6A2C1B22,adpromozioni,https://www.instagram.com/adpromozioni,"stracchino #prodottomisteriosoPENNY
#accettoregolamento
#holettoprivacypolicy",0,1,2026-05-29T18:12:09.000Z,18119135155709168,70750726640,2026-06-08T05:00:05.683Z,https://www.instagram.com/p/DYwzWgzjEDa
https://scontent-ams2-1.cdninstagram.com/v/t51.82787-19/529654265_18275263030302878_2172059231827237236_n.jpg?stp=dst-jpg_s150x150_tt6&_nc_cat=102&ccb=7-5&_nc_sid=f7ccc5&efg=eyJ2ZW5jb2RlX3RhZyI6InByb2ZpbGVfcGljLnd3dy4xMDgwLkMzIn0%3D&_nc_ohc=v7jLhbtn2LUQ7kNvwEQxyJk&_nc_oc=AdqIIB3MFVQh4Hx61Eay5GwJhPFZBd5NoeX3TKRTjRswqpck4KlbB1L7P4nLB61nz8A&_nc_zt=24&_nc_ht=scontent-ams2-1.cdninstagram.com&_nc_gid=GHzn_a0w5tJrKT8HxYagRQ&_nc_ss=7b6a8&oh=00_Af9enurMXL_d8zXV6MSxFxJfu69OLmEb2S6G2z0KZgxsOA&oe=6A2C24B0,giovanni.lovreglio,https://www.instagram.com/giovanni.lovreglio,Mozzarella campana DOP bocconcini della marca ValBontá 🤞#prodottomisteriosopenny #accettoregolamento #holettoprivacypolicy,1,0,2026-05-28T06:36:07.000Z,18106715414297051,8992774877,2026-06-08T05:00:05.683Z,https://www.instagram.com/p/DYwzWgzjEDa
https://scontent-ams2-1.cdninstagram.com/v/t51.82787-19/658317321_18570478957013498_8117687765502603138_n.jpg?stp=dst-jpg_s150x150_tt6&_nc_cat=108&ccb=7-5&_nc_sid=f7ccc5&efg=eyJ2ZW5jb2RlX3RhZyI6InByb2ZpbGVfcGljLnd3dy4xMDgwLkMzIn0%3D&_nc_ohc=RXyhe7hKq6kQ7kNvwFuoAUP&_nc_oc=AdqiXjgNSVWz5xR5HIM8-ORLQkR0vpFPkl_AzBfZRhpG14yzDdhwpjH24x7kSEbf10k&_nc_zt=24&_nc_ht=scontent-ams2-1.cdninstagram.com&_nc_gid=GHzn_a0w5tJrKT8HxYagRQ&_nc_ss=7b6a8&oh=00_Af_0nzrrVO891oknCehD5k0mBZn2f1qOHPU3otK3E3eiuQ&oe=6A2C288F,alegreycat,https://www.instagram.com/alegreycat,Stracchino ValBontá 😋 #prodottomisteriosopenny #accettoregolamento #holettoprivacypolicy 🍀💙🤞 @myeu1088,1,0,2026-05-25T22:19:22.000Z,18093954866220780,404365497,2026-06-08T05:00:05.683Z,https://www.instagram.com/p/DYwzWgzjEDa
https://scontent-ams2-1.cdninstagram.com/v/t51.2885-19/66046763_694536740996284_7759816026132316160_n.jpg?stp=dst-jpg_s150x150_tt6&_nc_cat=104&ccb=7-5&_nc_sid=f7ccc5&efg=eyJ2ZW5jb2RlX3RhZyI6InByb2ZpbGVfcGljLnd3dy4xMDgwLkMzIn0%3D&_nc_ohc=GSMv-8GlmOoQ7kNvwGdJgHV&_nc_oc=AdoKxsmAzBsqoFqV9PKatiqedunpfg7fviI4yHPQWFoypaXKL_70RvHtd58wEDbae7s&_nc_zt=24&_nc_ht=scontent-ams2-1.cdninstagram.com&_nc_ss=7b6a8&oh=00_Af8fGSdISYqQFTVua7857-LEe0FYCWWEbhcCsr_nUiePQg&oe=6A2C3A47,maryrom66,https://www.instagram.com/maryrom66,Stracchino,1,0,2026-05-30T14:44:33.000Z,18052935800742327,8501817931,2026-06-08T05:00:05.683Z,https://www.instagram.com/p/DYwzWgzjEDa
https://scontent-ams2-1.cdninstagram.com/v/t51.82787-19/659093618_18583563070015043_7846127872096718328_n.jpg?stp=dst-jpg_s150x150_tt6&_nc_cat=103&ccb=7-5&_nc_sid=f7ccc5&efg=eyJ2ZW5jb2RlX3RhZyI6InByb2ZpbGVfcGljLnd3dy4xMDgwLkMzIn0%3D&_nc_ohc=flkxvWVn_H8Q7kNvwGWwPHn&_nc_oc=Adot_4Rk_mXMo5BhrtIye5IcA56k8XgEA0W09HlwKWA7CBKRYbJAaAixamS5EpXRVuU&_nc_zt=24&_nc_ht=scontent-ams2-1.cdninstagram.com&_nc_gid=GHzn_a0w5tJrKT8HxYagRQ&_nc_ss=7b6a8&oh=00_Af8xAIkqCY5XjZvdbMB92EhaaOLx0Gh1HYcte5X8jDZCmw&oe=6A2C2645,88cristy88,https://www.instagram.com/88cristy88,STRACCIATELLA #prodottomisteriosopenny #accettoregolamento #holettoprivacypolicy,1,0,2026-05-28T07:56:00.000Z,18427075465132011,1085775042,2026-06-08T05:00:05.683Z,https://www.instagram.com/p/DYwzWgzjEDa
https://scontent-ams2-1.cdninstagram.com/v/t51.2885-19/236370945_269291031294834_18544659152763273_n.jpg?stp=dst-jpg_s150x150_tt6&_nc_cat=100&ccb=7-5&_nc_sid=f7ccc5&efg=eyJ2ZW5jb2RlX3RhZyI6InByb2ZpbGVfcGljLnd3dy4xMDgwLkMzIn0%3D&_nc_ohc=iNE6_nT7MN4Q7kNvwFjLlyK&_nc_oc=AdpuXtsj5g5yIKTQIf4vg2WB30zDdL1xtvfJljaDYzMkLask6lflXDEyeh-_yX3lHko&_nc_zt=24&_nc_ht=scontent-ams2-1.cdninstagram.com&_nc_ss=7b6a8&oh=00_Af-9ffcFiwbnTgtMzH97i5Ckj1IfCgcLO8cpoJViKQIe-w&oe=6A2C1E70,chicarbpr,https://www.instagram.com/chicarbpr,Stracchino#prodottomisteriopenny#accettoilregolamento#holettoprivacypolicy,0,0,2026-05-26T16:27:55.000Z,17944855632197765,2158736608,2026-06-08T05:00:05.683Z,https://www.instagram.com/p/DYwzWgzjEDa
https://scontent-ams2-1.cdninstagram.com/v/t51.89012-19/573323465_1219825463302212_7278921664109726296_n.jpg?stp=dst-jpg_s150x150_tt6&_nc_cat=1&ccb=7-5&_nc_sid=f7ccc5&efg=eyJ2ZW5jb2RlX3RhZyI6InByb2ZpbGVfcGljLnd3dy5DMyJ9&_nc_ohc=YQQEIw1CjK0Q7kNvwGGNPon&_nc_oc=Adp7JMSj7AOEo1lF5QYw3Jy1M1xQO7rN0cMzWMAfIgmY47pgvLcGGpfiNyLdn_i3N0A&_nc_zt=24&_nc_ht=scontent-ams2-1.cdninstagram.com&_nc_gid=GHzn_a0w5tJrKT8HxYagRQ&_nc_ss=7b6a8&oh=00_Af_YUHNBXXwttOppvOyj4hmMDXUwO_GH-A2gN45lYDlypQ&oe=6A2C03A2,ceciliapollio3,https://www.instagram.com/ceciliapollio3,Stracchino#prodottomisteriosopenny#accettoilregolamento#holettolaprivacypolicy,2,0,2026-05-25T13:24:03.000Z,18061641047487677,68019917982,2026-06-08T05:00:05.683Z,https://www.instagram.com/p/DYwzWgzjEDa
https://scontent-ams2-1.cdninstagram.com/v/t51.2885-19/56968359_353616798595949_6353821411923984384_n.jpg?stp=dst-jpg_s150x150_tt6&_nc_cat=101&ccb=7-5&_nc_sid=f7ccc5&efg=eyJ2ZW5jb2RlX3RhZyI6InByb2ZpbGVfcGljLnd3dy4zMzkuQzMifQ%3D%3D&_nc_ohc=Pz7QldQQR9QQ7kNvwFInFwT&_nc_oc=AdrB5VppI3kc9BM_HTrEmrtXGaSbeuPDplLLahEKjXdqonedoo7PzYKR8pqo9l1ecXs&_nc_zt=24&_nc_ht=scontent-ams2-1.cdninstagram.com&_nc_ss=7b6a8&oh=00_Af_a57rj-q5DH22s_xHpHQk8qFo22Px0JRHa6tSkhp7WGA&oe=6A2C12BB,brockenhill,https://www.instagram.com/brockenhill,#holettoprivacypolicy #accettoilregolamento #prodottomisteriosopenny mozzarella,1,0,2026-05-26T05:45:32.000Z,18042617585585651,5938884210,2026-06-08T05:00:05.683Z,https://www.instagram.com/p/DYwzWgzjEDa
https://scontent-ams2-1.cdninstagram.com/v/t51.2885-19/233431764_3018784815072127_1709232045639164470_n.jpg?stp=dst-jpg_s150x150_tt6&_nc_cat=106&ccb=7-5&_nc_sid=f7ccc5&efg=eyJ2ZW5jb2RlX3RhZyI6InByb2ZpbGVfcGljLnd3dy4xMDc4LkMzIn0%3D&_nc_ohc=DMwQTWjFzL4Q7kNvwGS-nIV&_nc_oc=AdrzWjIUrFIOWXJ2q_mju85BhlRpvYEje_j0G_-JUdyHK5Rab-ZXGPwTxVpn5dIC-8A&_nc_zt=24&_nc_ht=scontent-ams2-1.cdninstagram.com&_nc_ss=7b6a8&oh=00_Af-SOWJG4u9bF2AZujMdW69oS1L4NMeGDPJcicOT65iMLw&oe=6A2C1E93,iolanda_iolandina,https://www.instagram.com/iolanda_iolandina,Mozzarella Valbonta'  #prodottomisteriosoPenny  #accettoregolamento  #holettoprivacypolicy,2,0,2026-05-25T17:21:44.000Z,18004845209921363,6186750891,2026-06-08T05:00:05.683Z,https://www.instagram.com/p/DYwzWgzjEDa
https://scontent-ams2-1.cdninstagram.com/v/t51.2885-19/273393194_993942354545871_1729553939596216730_n.jpg?stp=dst-jpg_s150x150_tt6&_nc_cat=102&ccb=7-5&_nc_sid=f7ccc5&efg=eyJ2ZW5jb2RlX3RhZyI6InByb2ZpbGVfcGljLnd3dy4xMDgwLkMzIn0%3D&_nc_ohc=j7fLPjjkoosQ7kNvwEz2GH0&_nc_oc=AdoosnOPGlRTB0IIXYwiw-mBzgrcagqdmqNfZOTV2QG7gWmw37CRBtx_uzKZr6iF8ck&_nc_zt=24&_nc_ht=scontent-ams2-1.cdninstagram.com&_nc_ss=7b6a8&oh=00_Af9uqKsbx-zY7qmuEHkuPqe7FIYK1Wg1dOr2jsyoKz3bzw&oe=6A2C0CD6,mariamarcassoli,https://www.instagram.com/mariamarcassoli,Stracchino Valbonta' #prodottomisteriosopenny #accettoregolamento #holettoprivacypolicy,1,0,2026-05-25T13:59:51.000Z,18000022955949637,7873024536,2026-06-08T05:00:05.683Z,https://www.instagram.com/p/DYwzWgzjEDa
https://scontent-ams2-1.cdninstagram.com/v/t51.82787-19/589908959_17844605073626297_882672805653747048_n.jpg?stp=dst-jpg_s150x150_tt6&_nc_cat=104&ccb=7-5&_nc_sid=f7ccc5&efg=eyJ2ZW5jb2RlX3RhZyI6InByb2ZpbGVfcGljLnd3dy40NzQuQzMifQ%3D%3D&_nc_ohc=2azX6G7M5ToQ7kNvwGXAeGd&_nc_oc=AdqTkfVvTOkaljyl9V3G_VGx5kgdS70ZIOnnRwv6niay-zBRTuF4qzVIWfgKxi7iOhU&_nc_zt=24&_nc_ht=scontent-ams2-1.cdninstagram.com&_nc_gid=GHzn_a0w5tJrKT8HxYagRQ&_nc_ss=7b6a8&oh=00_Af9rl6PYrfTPUJmsQ-NK8TVswtaVLYyMBYvacWgfT-ebzw&oe=6A2C2F1B,88_pollon_88,https://www.instagram.com/88_pollon_88,Stracchino #prodottomisteriosopenny #accettoregolamento #holettolaprivacypolicy,1,0,2026-05-28T08:04:22.000Z,18110211841924280,78901874296,2026-06-08T05:00:05.683Z,https://www.instagram.com/p/DYwzWgzjEDa
https://scontent-ams2-1.cdninstagram.com/v/t51.2885-19/326394433_128096319921865_409438823048739566_n.jpg?_nc_cat=101&ccb=7-5&_nc_sid=f7ccc5&efg=eyJ2ZW5jb2RlX3RhZyI6InByb2ZpbGVfcGljLnd3dy4xNTAuQzMifQ%3D%3D&_nc_ohc=qjACQpfWo9EQ7kNvwG8JVn3&_nc_oc=Ado_p5YhkMXdpR9JHm7a7_NWZ__gxNoOqEdqtQMZxqtpNYknt0rebKr03IcgFRWHDy0&_nc_zt=24&_nc_ht=scontent-ams2-1.cdninstagram.com&_nc_ss=7b6a8&oh=00_Af_N2nMlqybjSqIP05BdAq9jecJ-CgHQGx0FWEd6r75KmQ&oe=6A2C1138,vdani.00,https://www.instagram.com/vdani.00,Stracchino #prodottomisteriosopenny #accettoregolamemto #holettoprivacypolicy,0,1,2026-05-25T13:53:56.000Z,18111214636746230,3213811635,2026-06-08T05:00:08.517Z,https://www.instagram.com/p/DYwzWgzjEDa
https://scontent-ams2-1.cdninstagram.com/v/t51.2885-19/66046763_694536740996284_7759816026132316160_n.jpg?stp=dst-jpg_s150x150_tt6&_nc_cat=104&ccb=7-5&_nc_sid=f7ccc5&efg=eyJ2ZW5jb2RlX3RhZyI6InByb2ZpbGVfcGljLnd3dy4xMDgwLkMzIn0%3D&_nc_ohc=GSMv-8GlmOoQ7kNvwGdJgHV&_nc_oc=AdoKxsmAzBsqoFqV9PKatiqedunpfg7fviI4yHPQWFoypaXKL_70RvHtd58wEDbae7s&_nc_zt=24&_nc_ht=scontent-ams2-1.cdninstagram.com&_nc_ss=7b6a8&oh=00_Af8fGSdISYqQFTVua7857-LEe0FYCWWEbhcCsr_nUiePQg&oe=6A2C3A47,maryrom66,https://www.instagram.com/maryrom66,Mozzarella per pizza Valbonta’ #Prodottomisteriosopenny#accettoregolamento#holettoprivacypolicy,1,0,2026-05-30T15:06:33.000Z,17921569932145163,8501817931,2026-06-08T05:00:08.517Z,https://www.instagram.com/p/DYwzWgzjEDa
https://scontent-ams2-1.cdninstagram.com/v/t51.75761-19/498575119_17847910209472191_3532811787286369285_n.jpg?stp=dst-jpg_s150x150_tt6&_nc_cat=100&ccb=7-5&_nc_sid=f7ccc5&efg=eyJ2ZW5jb2RlX3RhZyI6InByb2ZpbGVfcGljLnd3dy4xMDgwLkMzIn0%3D&_nc_ohc=M-RkZhN5g0AQ7kNvwFebU78&_nc_oc=Adq7xXMgEoBa7HR_-NIeKsLEvAxHmG9ajBdLhApAP-mpPNOF07goWje97V2CasbyI98&_nc_zt=24&_nc_ht=scontent-ams2-1.cdninstagram.com&_nc_gid=Rpqq-AhI2ecYSn0zBS8XiA&_nc_ss=7b6a8&oh=00_Af8leNfJTtuJmjqWrf0yoa3vfak1irB5D-nmTUrsyeLU1A&oe=6A2C08BC,laurettaandreasogni,https://www.instagram.com/laurettaandreasogni,Stracchino valbonta @sogniaocchiaperti2025 #prodottomisteriosopenny #accettoregolamento #holettoprivacypolicy,0,0,2026-05-28T19:50:27.000Z,18397047904155551,74264608190,2026-06-08T05:00:08.517Z,https://www.instagram.com/p/DYwzWgzjEDa
https://scontent-ams2-1.cdninstagram.com/v/t51.82787-19/705440924_18441885265191445_1366423690679111545_n.jpg?stp=dst-jpg_s150x150_tt6&_nc_cat=111&ccb=7-5&_nc_sid=f7ccc5&efg=eyJ2ZW5jb2RlX3RhZyI6InByb2ZpbGVfcGljLnd3dy4xMDgwLkMzIn0%3D&_nc_ohc=s0cZivLFkq4Q7kNvwEgKI3f&_nc_oc=AdqseXR_Ch2NvcTpG4xpKViVCWFW6Ca7xlzFfzzamIdPO-oi8v3usrABXqTO_djGiYY&_nc_zt=24&_nc_ht=scontent-ams2-1.cdninstagram.com&_nc_gid=Rpqq-AhI2ecYSn0zBS8XiA&_nc_ss=7b6a8&oh=00_Af_aOlEkyFL_0vBvkEvxAr75y2NjtbfjQGnCppRLG6kdPw&oe=6A2C39DF,linarusso64,https://www.instagram.com/linarusso64,Filadelfia ❤️,0,0,2026-05-25T16:55:42.000Z,18424845193130429,5599919444,2026-06-08T05:00:08.517Z,https://www.instagram.com/p/DYwzWgzjEDa
https://scontent-ams2-1.cdninstagram.com/v/t51.2885-19/120926369_345889729995935_1604733007928751508_n.jpg?stp=dst-jpg_s150x150_tt6&_nc_cat=100&ccb=7-5&_nc_sid=f7ccc5&efg=eyJ2ZW5jb2RlX3RhZyI6InByb2ZpbGVfcGljLnd3dy4xMDgwLkMzIn0%3D&_nc_ohc=QXIFqskWOQIQ7kNvwF2n58k&_nc_oc=Adr-Pj-7YlSsPOFTGV4vz6JlJF3HeUuLlDFwKpEHPMvZK-sV5LiHZdOzkqkRuuzHh_Q&_nc_zt=24&_nc_ht=scontent-ams2-1.cdninstagram.com&_nc_ss=7b6a8&oh=00_Af88umlTKDF1_7CT4eZx_fpCTWXTFvC2RQ4i9jnzj6txnQ&oe=6A2C0BE3,paola.radice.1976,https://www.instagram.com/paola.radice.1976,Stracchino😍,0,0,2026-05-25T15:16:47.000Z,18110432104897022,7716816900,2026-06-08T05:00:08.517Z,https://www.instagram.com/p/DYwzWgzjEDa
https://scontent-ams2-1.cdninstagram.com/v/t51.82787-19/688777725_18161472805451465_2022152069579955491_n.jpg?stp=dst-jpg_s150x150_tt6&_nc_cat=110&ccb=7-5&_nc_sid=f7ccc5&efg=eyJ2ZW5jb2RlX3RhZyI6InByb2ZpbGVfcGljLnd3dy4xMDgwLkMzIn0%3D&_nc_ohc=-TwLGkP8ZJ8Q7kNvwHS9Qn1&_nc_oc=Adr3JlfI0EmE_bv4KgLh4Cm0PTRMhGOkj7kqLRl4jcjmAsS2UXIBCM-cUiRGwKAo45Y&_nc_zt=24&_nc_ht=scontent-ams2-1.cdninstagram.com&_nc_gid=Rpqq-AhI2ecYSn0zBS8XiA&_nc_ss=7b6a8&oh=00_Af8YxKbZJfCy8Pgp0sc3MZnR9skg1sV4bt3qRaVOyOnchg&oe=6A2C3264,alinuzza86,https://www.instagram.com/alinuzza86,@_____________lu__________ @myfamilly2026,0,0,2026-05-28T15:26:46.000Z,17929309968297845,13592307464,2026-06-08T05:00:08.517Z,https://www.instagram.com/p/DYwzWgzjEDa
https://scontent-ams2-1.cdninstagram.com/v/t51.2885-19/466852653_915861057156584_234800382069390915_n.jpg?stp=dst-jpg_s150x150_tt6&_nc_cat=102&ccb=7-5&_nc_sid=f7ccc5&efg=eyJ2ZW5jb2RlX3RhZyI6InByb2ZpbGVfcGljLnd3dy4xMDc5LkMzIn0%3D&_nc_ohc=hF23eo5S3cQQ7kNvwHmlLXQ&_nc_oc=AdqCAuJrWiQR4gfRKq0z_zFmJfdQ5huGr8Z5rn1QH5KuObqKdTkZZXlqVIW81wHlRGk&_nc_zt=24&_nc_ht=scontent-ams2-1.cdninstagram.com&_nc_ss=7b6a8&oh=00_Af-w6A7WB7hvmCdjl-BnoTW30_wAbBJlbcsfbPeQJ8CdiQ&oe=6A2C1B19,lecosedituttii,https://www.instagram.com/lecosedituttii,Robiolino Val bontà,0,0,2026-05-25T13:16:58.000Z,17958854205000838,52089741294,2026-06-08T05:00:08.517Z,https://www.instagram.com/p/DYwzWgzjEDa
https://scontent-ams2-1.cdninstagram.com/v/t51.82787-19/544904211_18093417049705867_5605464667338836678_n.jpg?stp=dst-jpg_s150x150_tt6&_nc_cat=103&ccb=7-5&_nc_sid=f7ccc5&efg=eyJ2ZW5jb2RlX3RhZyI6InByb2ZpbGVfcGljLnd3dy4xMDgwLkMzIn0%3D&_nc_ohc=9UGXY2xBI_UQ7kNvwFBXOk_&_nc_oc=Adp3SP9V1yT2ZFPUiaLDdxSQKGC5Sc72oTTR5-ZhY6XSHhDAfCWPoUNeoV6T_-4n2Ig&_nc_zt=24&_nc_ht=scontent-ams2-1.cdninstagram.com&_nc_gid=Rpqq-AhI2ecYSn0zBS8XiA&_nc_ss=7b6a8&oh=00_Af_BIT88qSaDvhE8qAO8CDWV7e7wkdotTixjrMTUtpcjkg&oe=6A2C03A3,rosy.cossu,https://www.instagram.com/rosy.cossu,Stracchino😋😋😋😋❤️,0,0,2026-05-30T20:42:04.000Z,18048039731785273,21132961866,2026-06-08T05:00:08.517Z,https://www.instagram.com/p/DYwzWgzjEDa
https://scontent-ams2-1.cdninstagram.com/v/t51.2885-19/30830051_1659852404051621_4039356294518276096_n.jpg?stp=dst-jpg_s150x150_tt6&_nc_cat=111&ccb=7-5&_nc_sid=f7ccc5&efg=eyJ2ZW5jb2RlX3RhZyI6InByb2ZpbGVfcGljLnd3dy4xMDgwLkMzIn0%3D&_nc_ohc=8N-losUdHaAQ7kNvwEa9SDQ&_nc_oc=Adoka9JxR9oKI_pAwlHaFo-oOD07rrrYCk5ORMw7zfrMpXMOhH88NtSB7qQHS_SIiu8&_nc_zt=24&_nc_ht=scontent-ams2-1.cdninstagram.com&_nc_ss=7b6a8&oh=00_Af_vJmSwIdOymlhAUBcPLRfML0esnEbH-_iW7OqxcJfwUA&oe=6A2C1DD5,franca.giordana18,https://www.instagram.com/franca.giordana18,Stracchino val bontà,0,0,2026-05-25T15:57:09.000Z,18106753540938512,3662859937,2026-06-08T05:00:08.517Z,https://www.instagram.com/p/DYwzWgzjEDa
https://scontent-ams2-1.cdninstagram.com/v/t51.82787-19/540911472_18317693194212014_5876858089357005835_n.jpg?stp=dst-jpg_s150x150_tt6&_nc_cat=107&ccb=7-5&_nc_sid=f7ccc5&efg=eyJ2ZW5jb2RlX3RhZyI6InByb2ZpbGVfcGljLnd3dy4xMDI0LkMzIn0%3D&_nc_ohc=FXRA4nQ_uskQ7kNvwH-kzJY&_nc_oc=AdpQQFK81scbCum3tbAofYmKDHbWjQGYtI__uzUjVgqx7LV7QWb4YWo5gqrGDX1eba4&_nc_zt=24&_nc_ht=scontent-ams2-1.cdninstagram.com&_nc_gid=Rpqq-AhI2ecYSn0zBS8XiA&_nc_ss=7b6a8&oh=00_Af8-EcjTzacy1nRDaRAigdzI_B_AS_5o96P63o7UU74r6g&oe=6A2C3204,aurilia.angela,https://www.instagram.com/aurilia.angela,Stracchino val bontà,0,0,2026-05-26T13:30:12.000Z,17925361161124839,6273388013,2026-06-08T05:00:08.517Z,https://www.instagram.com/p/DYwzWgzjEDa
https://scontent-ams2-1.cdninstagram.com/v/t51.82787-19/534688415_18519184096057799_4190023485888807964_n.jpg?stp=dst-jpg_s150x150_tt6&_nc_cat=106&ccb=7-5&_nc_sid=f7ccc5&efg=eyJ2ZW5jb2RlX3RhZyI6InByb2ZpbGVfcGljLnd3dy4xMDgwLkMzIn0%3D&_nc_ohc=vzzveW0iW1YQ7kNvwF7FT_L&_nc_oc=Adrslied1lqVTPlVV0G2Au-X-OkyxzndNN0OyhJIugcG-ePXG73fNBoKWaH5mXRXbo8&_nc_zt=24&_nc_ht=scontent-ams2-1.cdninstagram.com&_nc_gid=Rpqq-AhI2ecYSn0zBS8XiA&_nc_ss=7b6a8&oh=00_Af8f_LwVXlOMaHkzyH608lbu7s8G0A4Wl-IiaTkpuQ2zpA&oe=6A2C21EB,lbrogi,https://www.instagram.com/lbrogi,Stracchino val bontà,0,0,2026-05-27T20:00:31.000Z,18297530137303508,1562233798,2026-06-08T05:00:08.517Z,https://www.instagram.com/p/DYwzWgzjEDa
https://scontent-ams2-1.cdninstagram.com/v/t51.2885-19/462460932_853949666806303_4341578893636180323_n.jpg?stp=dst-jpg_s150x150_tt6&_nc_cat=109&ccb=7-5&_nc_sid=f7ccc5&efg=eyJ2ZW5jb2RlX3RhZyI6InByb2ZpbGVfcGljLnd3dy43MjAuQzMifQ%3D%3D&_nc_ohc=B6nLZ6g9w8gQ7kNvwEqSoo-&_nc_oc=AdppXlJfKvUQYzW-3fPDfjMRyFJpSoDhiIyGIPTY3z0GOWdb_1I6aFs6iIlvFmQzaVk&_nc_zt=24&_nc_ht=scontent-ams2-1.cdninstagram.com&_nc_ss=7b6a8&oh=00_Af9EEXkcgDOlVUlYuA2IhcnBaleySwlCLBT-UTlmK09MKg&oe=6A2C242E,mila_kela_,https://www.instagram.com/mila_kela_,Ricotta ❤️,1,0,2026-05-28T17:45:53.000Z,18100530755038128,57739740542,2026-06-08T05:00:08.517Z,https://www.instagram.com/p/DYwzWgzjEDa
https://scontent-ams2-1.cdninstagram.com/v/t51.2885-19/369546890_1007443266938585_8142625818646810199_n.jpg?stp=dst-jpg_s150x150_tt6&_nc_cat=103&ccb=7-5&_nc_sid=f7ccc5&efg=eyJ2ZW5jb2RlX3RhZyI6InByb2ZpbGVfcGljLnd3dy4xMDgwLkMzIn0%3D&_nc_ohc=303hOA_tHqMQ7kNvwFUl3S9&_nc_oc=Adrjn3EgH6s8saR7iSEkrnShWjhpQrtby3GLh5W3QPqKDlMOpcOlhgyOhGQmyn0gjCQ&_nc_zt=24&_nc_ht=scontent-ams2-1.cdninstagram.com&_nc_ss=7b6a8&oh=00_Af-p19_779LPyvWz3LCdl_DerS_Zxx4FadwghTMTxRrcHA&oe=6A2C13F7,maionesilvana,https://www.instagram.com/maionesilvana,Burrata ValBontà.,0,0,2026-05-28T11:43:57.000Z,18060832652486458,5005779092,2026-06-08T05:00:08.517Z,https://www.instagram.com/p/DYwzWgzjEDa
https://scontent-ams2-1.cdninstagram.com/v/t51.2885-19/234475880_1199399380523184_1840357525282200050_n.jpg?stp=dst-jpg_s150x150_tt6&_nc_cat=107&ccb=7-5&_nc_sid=f7ccc5&efg=eyJ2ZW5jb2RlX3RhZyI6InByb2ZpbGVfcGljLnd3dy4zMjAuQzMifQ%3D%3D&_nc_ohc=wWEGgpvyqlwQ7kNvwFtGiff&_nc_oc=AdrJgRUPEIPk45AfZ5mo2YBxTWoFcaFC2QdvZT-LUHiHe2zR1vxFd7j5qkAGzCH3jx8&_nc_zt=24&_nc_ht=scontent-ams2-1.cdninstagram.com&_nc_ss=7b6a8&oh=00_Af-xi8Bo1n1ioIyama1iKdrpvEnIjS31wTe4p-xPphN2WA&oe=6A2C132F,__daniela.n_,https://www.instagram.com/__daniela.n_,Formaggio fresco spalmabile Val bontà,0,0,2026-05-27T09:22:14.000Z,17985538586991305,3033977003,2026-06-08T05:00:08.517Z,https://www.instagram.com/p/DYwzWgzjEDa
https://scontent-ams2-1.cdninstagram.com/v/t51.2885-19/187047651_1205257993272236_2891327337067707093_n.jpg?stp=dst-jpg_s150x150_tt6&_nc_cat=100&ccb=7-5&_nc_sid=f7ccc5&efg=eyJ2ZW5jb2RlX3RhZyI6InByb2ZpbGVfcGljLnd3dy45MDAuQzMifQ%3D%3D&_nc_ohc=tWb8SmMwQcMQ7kNvwE3pddk&_nc_oc=AdrXmbgZMEB191fYw87TAkAaYe-ewh1TMbNpOnG6OH-okGRg1xqcKmpuEo-SdlgTx34&_nc_zt=24&_nc_ht=scontent-ams2-1.cdninstagram.com&_nc_ss=7b6a8&oh=00_Af_wzSDFqFlrsSM-Ciy2yYPnTdwAzZMeHZcsB8gQy3LZHw&oe=6A2C0DCF,bonifaciosandra340,https://www.instagram.com/bonifaciosandra340,Ricotta Val Bontà,0,0,2026-05-30T12:30:30.000Z,18555629668066079,47495397177,2026-06-08T05:00:08.517Z,https://www.instagram.com/p/DYwzWgzjEDa
https://scontent-ams2-1.cdninstagram.com/v/t51.89012-19/573323465_1219825463302212_7278921664109726296_n.jpg?stp=dst-jpg_s150x150_tt6&_nc_cat=1&ccb=7-5&_nc_sid=f7ccc5&efg=eyJ2ZW5jb2RlX3RhZyI6InByb2ZpbGVfcGljLnd3dy5DMyJ9&_nc_ohc=YQQEIw1CjK0Q7kNvwGGNPon&_nc_oc=Adp7JMSj7AOEo1lF5QYw3Jy1M1xQO7rN0cMzWMAfIgmY47pgvLcGGpfiNyLdn_i3N0A&_nc_zt=24&_nc_ht=scontent-ams2-1.cdninstagram.com&_nc_gid=p0ExgyZvsN0ENSRY8wzApQ&_nc_ss=7b6a8&oh=00_Af8fH1OBXJQTW6OOSF5nomyHlJvp65GkWkumjBX_LWzKEg&oe=6A2C03A2,fra.4005,https://www.instagram.com/fra.4005,#STRACCHINOPENNY,0,0,2026-05-27T12:49:45.000Z,18099800918014661,27208255593,2026-06-08T05:00:12.016Z,https://www.instagram.com/p/DYwzWgzjEDa
https://scontent-ams2-1.cdninstagram.com/v/t51.75761-19/503024585_18405417994104644_4136053919879808596_n.jpg?stp=dst-jpg_s150x150_tt6&_nc_cat=101&ccb=7-5&_nc_sid=f7ccc5&efg=eyJ2ZW5jb2RlX3RhZyI6InByb2ZpbGVfcGljLnd3dy4xMDgwLkMzIn0%3D&_nc_ohc=AAH3c67xS0YQ7kNvwEXqKeL&_nc_oc=AdpoWK1LiKCqmvJEUQdxZR1UQ7XOKnx_mdKiRbfLrutU48rOdrDA4hYUgBWy26V38gc&_nc_zt=24&_nc_ht=scontent-ams2-1.cdninstagram.com&_nc_gid=p0ExgyZvsN0ENSRY8wzApQ&_nc_ss=7b6a8&oh=00_Af8j-POjx7AhN110Af2ZYX_1rMxIK3XCicVZNtbvdhvevw&oe=6A2C1E9D,katia_oddo_,https://www.instagram.com/katia_oddo_,Gorgonzola,0,0,2026-05-25T13:21:05.000Z,17962972832937749,3262744643,2026-06-08T05:00:12.016Z,https://www.instagram.com/p/DYwzWgzjEDa
https://scontent-ams2-1.cdninstagram.com/v/t51.82787-19/702625455_18360675763234690_5464842849172541406_n.jpg?stp=dst-jpg_s150x150_tt6&_nc_cat=111&ccb=7-5&_nc_sid=f7ccc5&efg=eyJ2ZW5jb2RlX3RhZyI6InByb2ZpbGVfcGljLnd3dy4xMDgwLkMzIn0%3D&_nc_ohc=divAm-x0l8wQ7kNvwF0zQcm&_nc_oc=AdrBgcibOTYU7h-oLwuTFsdHrbw_r2DWUaQB_dU3eWd4403vteFfgZSxs5sCEStovlg&_nc_zt=24&_nc_ht=scontent-ams2-1.cdninstagram.com&_nc_gid=p0ExgyZvsN0ENSRY8wzApQ&_nc_ss=7b6a8&oh=00_Af8xC4ZlYFdfXpWnFn_Jwmep350VOzbL4hApuHaEcxcPQw&oe=6A2C2C90,vittomarzo,https://www.instagram.com/vittomarzo,Stracchino val bontà,0,0,2026-05-30T17:16:29.000Z,18087713513557326,7069002689,2026-06-08T05:00:12.016Z,https://www.instagram.com/p/DYwzWgzjEDa
https://scontent-ams2-1.cdninstagram.com/v/t51.2885-19/491417331_646447798298424_134924898730038332_n.jpg?stp=dst-jpg_s150x150_tt6&_nc_cat=101&ccb=7-5&_nc_sid=f7ccc5&efg=eyJ2ZW5jb2RlX3RhZyI6InByb2ZpbGVfcGljLnd3dy4xMDgwLkMzIn0%3D&_nc_ohc=aFLSQhFwzPkQ7kNvwFy5uz4&_nc_oc=Adqj6oQgLZHgioaAAEkd7rkzgfsOeuyuHaoBTxYIduAGRbKMsBUGpJS5tfu4f-JnknU&_nc_zt=24&_nc_ht=scontent-ams2-1.cdninstagram.com&_nc_ss=7b6a8&oh=00_Af-oUW9yLskAI6uqh6Oa4KDYtILai7IpdFbc-K2mUujIbw&oe=6A2C2F94,laurettasgi,https://www.instagram.com/laurettasgi,Stracchino val bontà,0,0,2026-05-28T05:50:14.000Z,17869662291618763,623044334,2026-06-08T05:00:12.016Z,https://www.instagram.com/p/DYwzWgzjEDa
https://scontent-ams2-1.cdninstagram.com/v/t51.2885-19/301787746_1731137497262711_6825281169013054930_n.jpg?stp=dst-jpg_s150x150_tt6&_nc_cat=102&ccb=7-5&_nc_sid=f7ccc5&efg=eyJ2ZW5jb2RlX3RhZyI6InByb2ZpbGVfcGljLnd3dy42MDYuQzMifQ%3D%3D&_nc_ohc=SOEvpheQlYMQ7kNvwF7CHV3&_nc_oc=AdoeKRKJ8E-ZcOcROmkU0iWW9VJTnBFrCc0JPaA8m9Za2JsRJJT9Isrcn03GwnAtbVs&_nc_zt=24&_nc_ht=scontent-ams2-1.cdninstagram.com&_nc_ss=7b6a8&oh=00_Af8inpD9FGrEQHH22efOwjNpeEUzcqaWwfryltZvEO26cg&oe=6A2C2882,annascalera63,https://www.instagram.com/annascalera63,Stracchino val bontà,0,0,2026-05-27T16:09:49.000Z,17900668497286443,54981702878,2026-06-08T05:00:12.016Z,https://www.instagram.com/p/DYwzWgzjEDa
https://scontent-ams2-1.cdninstagram.com/v/t51.2885-19/67807025_2409663102611369_555148282767081472_n.jpg?stp=dst-jpg_s150x150_tt6&_nc_cat=107&ccb=7-5&_nc_sid=f7ccc5&efg=eyJ2ZW5jb2RlX3RhZyI6InByb2ZpbGVfcGljLnd3dy43MjAuQzMifQ%3D%3D&_nc_ohc=AA0aelPGih4Q7kNvwEMFi1d&_nc_oc=AdrTtaBUq9j1665xxX-6v4nshZvIWsqjWYwWXtjYjimfGG7DE6RhaK_hgtjY0tKWnhk&_nc_zt=24&_nc_ht=scontent-ams2-1.cdninstagram.com&_nc_ss=7b6a8&oh=00_Af-yRaNvAdkaMilGGYiHw1HcnS4UBJAMX-Ww9K6dFoBLkQ&oe=6A2C28C6,delfinettoazzurro,https://www.instagram.com/delfinettoazzurro,Formaggio spalmabile..❤️,0,0,2026-05-27T12:26:44.000Z,17952773756983065,19330868452,2026-06-08T05:00:12.016Z,https://www.instagram.com/p/DYwzWgzjEDa
https://scontent-ams2-1.cdninstagram.com/v/t51.82787-19/530405485_18473235940075927_368598931985813676_n.jpg?stp=dst-jpg_s150x150_tt6&_nc_cat=109&ccb=7-5&_nc_sid=f7ccc5&efg=eyJ2ZW5jb2RlX3RhZyI6InByb2ZpbGVfcGljLnd3dy4xMDgwLkMzIn0%3D&_nc_ohc=BfwsM7zb97AQ7kNvwGt3qKb&_nc_oc=AdqlOlmbwhAXVwtHj1ANxTS04l429mMf3enVjEezRhXIH5_c6Uv9j9Ps1aECt9y-4wA&_nc_zt=24&_nc_ht=scontent-ams2-1.cdninstagram.com&_nc_gid=p0ExgyZvsN0ENSRY8wzApQ&_nc_ss=7b6a8&oh=00_Af8491QxCVNOleuabecsP_u7d0uyGBFNWX2WitxzGwabdg&oe=6A2C38B9,bernardini_simona,https://www.instagram.com/bernardini_simona,Formaggio fresco spalmabile val bontà,0,0,2026-05-27T17:34:12.000Z,18096890597466383,2204979926,2026-06-08T05:00:12.016Z,https://www.instagram.com/p/DYwzWgzjEDa
https://scontent-ams2-1.cdninstagram.com/v/t51.2885-19/15048160_1234111936662685_5365444463818702848_a.jpg?stp=dst-jpg_s150x150_tt6&_nc_cat=111&ccb=7-5&_nc_sid=f7ccc5&efg=eyJ2ZW5jb2RlX3RhZyI6InByb2ZpbGVfcGljLnd3dy4xMDgwLkMzIn0%3D&_nc_ohc=Cudam3fVWp4Q7kNvwGS_ocw&_nc_oc=AdpjB8qdiV2n3T8xNmiaHBZ1qTnegJL9v4FNbnQuV0l73gWiywZw4nIbV3NqCq6yim4&_nc_zt=24&_nc_ht=scontent-ams2-1.cdninstagram.com&_nc_ss=7b6a8&oh=00_Af9Qs-GUj59cfEkkFo-cTIyhCmXiSlv_ZU2NAvnrDqTojw&oe=6A2C11BF,vincimichy,https://www.instagram.com/vincimichy,"Formaggio Spalmabile,val bontà",0,0,2026-05-30T05:23:21.000Z,17890939968509358,4175338996,2026-06-08T05:00:12.016Z,https://www.instagram.com/p/DYwzWgzjEDa
https://scontent-ams2-1.cdninstagram.com/v/t51.2885-19/454416163_3203620266439395_1759366504365063376_n.jpg?stp=dst-jpg_s150x150_tt6&_nc_cat=109&ccb=7-5&_nc_sid=f7ccc5&efg=eyJ2ZW5jb2RlX3RhZyI6InByb2ZpbGVfcGljLnd3dy4xMDgwLkMzIn0%3D&_nc_ohc=HHCjmVyB7pcQ7kNvwFFyQx-&_nc_oc=AdrKfVhKFfXJMBguP0T7Wz93orSth7FF1hRFAr9jqYwp1vs0jrJsxMIQp17K6LuqfS0&_nc_zt=24&_nc_ht=scontent-ams2-1.cdninstagram.com&_nc_ss=7b6a8&oh=00_Af9yuqk-DiN3wyumTiDT3UtWMygg01tX-pWCkMr1sSOMQA&oe=6A2C0C53,lia_palitta,https://www.instagram.com/lia_palitta,Formaggio fresco☺️,0,0,2026-05-27T15:42:05.000Z,18003178400749669,6233642371,2026-06-08T05:00:12.016Z,https://www.instagram.com/p/DYwzWgzjEDa
https://scontent-ams2-1.cdninstagram.com/v/t51.2885-19/460800673_3549491285195905_8992780874284029382_n.jpg?stp=dst-jpg_s150x150_tt6&_nc_cat=103&ccb=7-5&_nc_sid=f7ccc5&efg=eyJ2ZW5jb2RlX3RhZyI6InByb2ZpbGVfcGljLnd3dy4xMDgwLkMzIn0%3D&_nc_ohc=PnPIlD5PTw4Q7kNvwEv-rZY&_nc_oc=Ado6QzUZ8EOMpJn08wS0PqfTypJUWtOwgq3ixu9plxMPwXfh0fcpmzcCBbED3D5PPhs&_nc_zt=24&_nc_ht=scontent-ams2-1.cdninstagram.com&_nc_ss=7b6a8&oh=00_Af8zBQlyDYFNqzeBGqLqSQCuwEr0S1YQfLgG4zv1oiboRg&oe=6A2C2B3C,anna_athena10,https://www.instagram.com/anna_athena10,Stracchino Val Bontà,0,0,2026-05-31T21:35:09.000Z,18072427649677608,4894687997,2026-06-08T05:00:12.016Z,https://www.instagram.com/p/DYwzWgzjEDa
https://scontent-ams2-1.cdninstagram.com/v/t51.2885-19/11821206_697360123697008_1828689184_a.jpg?_nc_cat=101&ccb=7-5&_nc_sid=f7ccc5&efg=eyJ2ZW5jb2RlX3RhZyI6InByb2ZpbGVfcGljLnd3dy4xNTAuQzMifQ%3D%3D&_nc_ohc=mEQOR8bw6KUQ7kNvwEhhONM&_nc_oc=Ado-NGugbiYrXcFdgBX-rbUzcY-rInVe-eWD-2s5bM2Uw4tioX9fbOWTnoCVUQyaNF4&_nc_zt=24&_nc_ht=scontent-ams2-1.cdninstagram.com&_nc_ss=7b6a8&oh=00_Af-KCQtW2tZjm6kirPVIx9hwIRggjle2rJwCceTtCrTTBQ&oe=6A2C1754,stratosfederica,https://www.instagram.com/stratosfederica,Stracchino! 🔥,0,0,2026-05-25T14:22:05.000Z,18064561832417190,605760660,2026-06-08T05:00:12.016Z,https://www.instagram.com/p/DYwzWgzjEDa
https://scontent-ams2-1.cdninstagram.com/v/t51.2885-19/43984710_2052497158304207_1852766256323624960_n.jpg?stp=dst-jpg_s150x150_tt6&_nc_cat=108&ccb=7-5&_nc_sid=f7ccc5&efg=eyJ2ZW5jb2RlX3RhZyI6InByb2ZpbGVfcGljLnd3dy4xMDgwLkMzIn0%3D&_nc_ohc=ykP0Q4u0OBMQ7kNvwE3nStv&_nc_oc=AdqjGH33sSHWAKajW9Bb5jLP0EURY4G6wiLlPJjYoeKj1x_fbWFw7rJoCxS7dTl7L5U&_nc_zt=24&_nc_ht=scontent-ams2-1.cdninstagram.com&_nc_ss=7b6a8&oh=00_Af-PaeJoNFKF0h3Fq5hKFvOOwqJFhStTA5FYD9WiWv9bwg&oe=6A2C2C85,myeu1088,https://www.instagram.com/myeu1088,Stracchino Valbontà 😍🙌 #prodottomisteriosopenny #accettoregolamento #holettoprivacypolicy 🙌😍@ritachiaberto,0,0,2026-05-25T23:03:50.000Z,18097639757518161,9175960747,2026-06-08T05:00:12.016Z,https://www.instagram.com/p/DYwzWgzjEDa
https://scontent-ams2-1.cdninstagram.com/v/t51.82787-19/540911472_18317693194212014_5876858089357005835_n.jpg?stp=dst-jpg_s150x150_tt6&_nc_cat=107&ccb=7-5&_nc_sid=f7ccc5&efg=eyJ2ZW5jb2RlX3RhZyI6InByb2ZpbGVfcGljLnd3dy4xMDI0LkMzIn0%3D&_nc_ohc=FXRA4nQ_uskQ7kNvwH-kzJY&_nc_oc=AdpQQFK81scbCum3tbAofYmKDHbWjQGYtI__uzUjVgqx7LV7QWb4YWo5gqrGDX1eba4&_nc_zt=24&_nc_ht=scontent-ams2-1.cdninstagram.com&_nc_gid=p0ExgyZvsN0ENSRY8wzApQ&_nc_ss=7b6a8&oh=00_Af9PF9zlF51Ydlzpwm05iieiNx5rgVo1qFYX-KK-XRG3jA&oe=6A2C3204,aurilia.angela,https://www.instagram.com/aurilia.angela,Yogurt,0,0,2026-05-26T13:30:25.000Z,17890954026487135,6273388013,2026-06-08T05:00:12.016Z,https://www.instagram.com/p/DYwzWgzjEDa
https://scontent-ams2-1.cdninstagram.com/v/t51.2885-19/271270615_1357332211383273_1474280838736258303_n.jpg?stp=dst-jpg_s150x150_tt6&_nc_cat=106&ccb=7-5&_nc_sid=f7ccc5&efg=eyJ2ZW5jb2RlX3RhZyI6InByb2ZpbGVfcGljLnd3dy41NjguQzMifQ%3D%3D&_nc_ohc=_GGAzyKxu9UQ7kNvwEDowxh&_nc_oc=Ado9OOziI_hQtgzxrQJAVopgn5zSj0brFsP_W9FzCggH6hI8WnSH-T040Ec_ntPAZlk&_nc_zt=24&_nc_ht=scontent-ams2-1.cdninstagram.com&_nc_ss=7b6a8&oh=00_Af9rRxKZHv4hPK0nr-K8q8yfZTY2j1h0rhJHVy6KMVHyMQ&oe=6A2C1D68,trillyviola,https://www.instagram.com/trillyviola,#accettoregolamento,0,0,2026-05-27T22:56:17.000Z,17912835153201667,1824507468,2026-06-08T05:00:12.016Z,https://www.instagram.com/p/DYwzWgzjEDa
https://scontent-ams2-1.cdninstagram.com/v/t51.2885-19/472136807_959349292738868_8216801107113745099_n.jpg?stp=dst-jpg_s150x150_tt6&_nc_cat=102&ccb=7-5&_nc_sid=f7ccc5&efg=eyJ2ZW5jb2RlX3RhZyI6InByb2ZpbGVfcGljLnd3dy42MzAuQzMifQ%3D%3D&_nc_ohc=A2RCGCBdlQwQ7kNvwGORY8b&_nc_oc=AdoqTBjXD-gHK7walmtxDk99EnydvoJUflUs8cp_Y2fXdnSbspRXvyMHKh0uevPJFTw&_nc_zt=24&_nc_ht=scontent-ams2-1.cdninstagram.com&_nc_ss=7b6a8&oh=00_Af8VOOYab3U0KlxGuj1CDV8_JjhBOoFsFBpXoB6SxrO1-Q&oe=6A2C12F8,fortino658,https://www.instagram.com/fortino658,Stacchino vai bontà,0,0,2026-05-28T15:28:32.000Z,18540032764076924,72010336256,2026-06-08T05:00:12.016Z,https://www.instagram.com/p/DYwzWgzjEDa
https://scontent-ams2-1.cdninstagram.com/v/t51.82787-19/601254689_18075927986249376_343883636671323481_n.jpg?stp=dst-jpg_s150x150_tt6&_nc_cat=105&ccb=7-5&_nc_sid=f7ccc5&efg=eyJ2ZW5jb2RlX3RhZyI6InByb2ZpbGVfcGljLnd3dy4xMDgwLkMzIn0%3D&_nc_ohc=F7A4zrin3_oQ7kNvwGGlz4l&_nc_oc=Adp_N_3YdQEazAHetelcNAZWUhFIqRVlaAHcy0Ggk-CkjJKlFf-KlT_pgTcmfdMEXb4&_nc_zt=24&_nc_ht=scontent-ams2-1.cdninstagram.com&_nc_gid=VpSmoU_-cTU-WTsLCZ1jtw&_nc_ss=7b6a8&oh=00_Af8wNsZODnlc2gNACJFZNRq6j8E6tigZI0YhAAQcyN2cug&oe=6A2C1FC7,elvirapalminteri98,https://www.instagram.com/elvirapalminteri98,Stracchino valbontà #prodottomisteriosopenny #accettoregolamento #holettoprivacypolicy ♥️♥️♥️♥️♥️♥️♥️,0,0,2026-05-27T15:31:02.000Z,18096944210241406,37507721375,2026-06-08T05:00:15.368Z,https://www.instagram.com/p/DYwzWgzjEDa
https://scontent-ams2-1.cdninstagram.com/v/t51.2885-19/71183716_701601550355883_4297211111469481984_n.jpg?stp=dst-jpg_s150x150_tt6&_nc_cat=100&ccb=7-5&_nc_sid=f7ccc5&efg=eyJ2ZW5jb2RlX3RhZyI6InByb2ZpbGVfcGljLnd3dy40MjYuQzMifQ%3D%3D&_nc_ohc=fXaCNJgSFe0Q7kNvwFiARSF&_nc_oc=AdrxcbVf3zvedlIKYSvnco16SiCpVGfJHRNr71sZ4jupZ8jH1kU7mRNv1Kj6cWFH6Sw&_nc_zt=24&_nc_ht=scontent-ams2-1.cdninstagram.com&_nc_ss=7b6a8&oh=00_Af_pp0EhOte2qCIQdfEEdLB0jL1s3s5WiaZ7YW4bSZ33dQ&oe=6A2C06EE,emiliomonci,https://www.instagram.com/emiliomonci,Ricotta,0,0,2026-05-26T10:17:11.000Z,18132345040585840,21625085107,2026-06-08T05:00:15.368Z,https://www.instagram.com/p/DYwzWgzjEDa
https://scontent-ams2-1.cdninstagram.com/v/t51.2885-19/474178378_1143777383818486_38923158128105616_n.jpg?stp=dst-jpg_s150x150_tt6&_nc_cat=109&ccb=7-5&_nc_sid=f7ccc5&efg=eyJ2ZW5jb2RlX3RhZyI6InByb2ZpbGVfcGljLnd3dy42MTguQzMifQ%3D%3D&_nc_ohc=2aML7_QKVyMQ7kNvwHlWer7&_nc_oc=AdpdN40-NmSeYuVgdOh6pnmTEp4KsVuIdkC8BTARqJrVTzVtSt2WXtebfmIfwrhD9W4&_nc_zt=24&_nc_ht=scontent-ams2-1.cdninstagram.com&_nc_ss=7b6a8&oh=00_Af_zUlcBbR64alRNJFW8V30iSEh9tdPLTM2YitXQGhyFCw&oe=6A2C34DE,linamalaspina,https://www.instagram.com/linamalaspina,Ricotta,0,0,2026-05-26T22:28:42.000Z,18092467120996622,4955219727,2026-06-08T05:00:15.368Z,https://www.instagram.com/p/DYwzWgzjEDa
https://scontent-ams2-1.cdninstagram.com/v/t51.2885-19/376684030_322392846955612_909473459383773967_n.jpg?stp=dst-jpg_s150x150_tt6&_nc_cat=100&ccb=7-5&_nc_sid=f7ccc5&efg=eyJ2ZW5jb2RlX3RhZyI6InByb2ZpbGVfcGljLnd3dy42MzQuQzMifQ%3D%3D&_nc_ohc=9g77ns978PEQ7kNvwGxj_XW&_nc_oc=AdpkLiztxy478D3PllZWpCG8MvMxAkUBNdKUMFSK9F7IuFMqywu2X3x2svV_4IMNWFo&_nc_zt=24&_nc_ht=scontent-ams2-1.cdninstagram.com&_nc_ss=7b6a8&oh=00_Af_EjiTwbgpRHKtcRBO6HPd2oOYde3FcCNNxOFZOMUvX0Q&oe=6A2C30D6,renzo_giovanna,https://www.instagram.com/renzo_giovanna,Ricotta,0,0,2026-06-01T13:54:42.000Z,17941201380233061,61620824693,2026-06-08T05:00:15.368Z,https://www.instagram.com/p/DYwzWgzjEDa
https://scontent-ams2-1.cdninstagram.com/v/t51.82787-19/657922460_18067915073326195_3895392045400761316_n.jpg?stp=dst-jpg_s150x150_tt6&_nc_cat=110&ccb=7-5&_nc_sid=f7ccc5&efg=eyJ2ZW5jb2RlX3RhZyI6InByb2ZpbGVfcGljLnd3dy44MjkuQzMifQ%3D%3D&_nc_ohc=vpri_bpBMfcQ7kNvwEpWfuF&_nc_oc=AdrWhWxeweiYEQOnsyclNwX8wcAqbnukH0A3385tBgFo7q-30A_UXlCZt_73-op_qCc&_nc_zt=24&_nc_ht=scontent-ams2-1.cdninstagram.com&_nc_gid=VpSmoU_-cTU-WTsLCZ1jtw&_nc_ss=7b6a8&oh=00_Af8wULZFvC7givjPEsqQQde0jO0jiav26ZGIJd0_I1eILw&oe=6A2C35CE,mariarosa_1979,https://www.instagram.com/mariarosa_1979,Stracchino valbontà,0,0,2026-05-26T09:41:24.000Z,17882180580428646,39714774194,2026-06-08T05:00:15.368Z,https://www.instagram.com/p/DYwzWgzjEDa
https://scontent-ams2-1.cdninstagram.com/v/t51.89012-19/573323465_1219825463302212_7278921664109726296_n.jpg?stp=dst-jpg_s150x150_tt6&_nc_cat=1&ccb=7-5&_nc_sid=f7ccc5&efg=eyJ2ZW5jb2RlX3RhZyI6InByb2ZpbGVfcGljLnd3dy5DMyJ9&_nc_ohc=YQQEIw1CjK0Q7kNvwGGNPon&_nc_oc=Adp7JMSj7AOEo1lF5QYw3Jy1M1xQO7rN0cMzWMAfIgmY47pgvLcGGpfiNyLdn_i3N0A&_nc_zt=24&_nc_ht=scontent-ams2-1.cdninstagram.com&_nc_gid=VpSmoU_-cTU-WTsLCZ1jtw&_nc_ss=7b6a8&oh=00_Af_PlTKlhC1I169qWpouU_COKLFLsvUmrBJ6WF73u6OpAQ&oe=6A2C03A2,marcorosypace,https://www.instagram.com/marcorosypace,Stracchino valbontà,0,0,2026-05-26T10:48:20.000Z,17956001375965510,8446438044,2026-06-08T05:00:15.368Z,https://www.instagram.com/p/DYwzWgzjEDa
https://scontent-ams2-1.cdninstagram.com/v/t51.2885-19/448052867_473286725220123_9014583010956400130_n.jpg?stp=dst-jpg_s150x150_tt6&_nc_cat=105&ccb=7-5&_nc_sid=f7ccc5&efg=eyJ2ZW5jb2RlX3RhZyI6InByb2ZpbGVfcGljLnd3dy4xMDU4LkMzIn0%3D&_nc_ohc=9sZZ8RpIQ64Q7kNvwEmFXYk&_nc_oc=AdprHXkNaaAkd6rOzpixJRboZf-UyzZE2Mj2HYtr8LRNAqnaG-US2GJWvZhVgjXvpvw&_nc_zt=24&_nc_ht=scontent-ams2-1.cdninstagram.com&_nc_ss=7b6a8&oh=00_Af9uqCtwXhlWy-19t1j8igzXIIJyA8lL_F2Qw89rEMoUBQ&oe=6A2C0D14,kiara_s1984,https://www.instagram.com/kiara_s1984,Stracchino VAL BONTÀ,0,0,2026-05-25T15:17:27.000Z,18099118520037700,422643613,2026-06-08T05:00:15.368Z,https://www.instagram.com/p/DYwzWgzjEDa
https://scontent-ams2-1.cdninstagram.com/v/t51.75761-19/504168414_18081047188826087_3112671471358623586_n.jpg?stp=dst-jpg_s150x150_tt6&_nc_cat=106&ccb=7-5&_nc_sid=f7ccc5&efg=eyJ2ZW5jb2RlX3RhZyI6InByb2ZpbGVfcGljLnd3dy4xMDgwLkMzIn0%3D&_nc_ohc=Ol1MumJWGWMQ7kNvwEo23Z6&_nc_oc=AdoZT5ppYYjgif807COd6jzte3PZnjt4q4BsXfWRf_gbxIb8hlqrLcoXfOuZYSnnc2E&_nc_zt=24&_nc_ht=scontent-ams2-1.cdninstagram.com&_nc_gid=VpSmoU_-cTU-WTsLCZ1jtw&_nc_ss=7b6a8&oh=00_Af_sJgL2-pO1k-WIoyChgEmWe12nyh0e7F1NCXde4MsuYA&oe=6A2C26C5,homecasa19,https://www.instagram.com/homecasa19,stracchino ValBontá 😍 #prodottomisteriosopenny #accettoregolamento #holettoprivacypolicy,0,0,2026-05-26T06:42:44.000Z,17951110269159681,24875130086,2026-06-08T05:00:15.368Z,https://www.instagram.com/p/DYwzWgzjEDa
https://scontent-ams2-1.cdninstagram.com/v/t51.2885-19/15337115_1033621843434117_8549232282152468480_a.jpg?stp=dst-jpg_s150x150_tt6&_nc_cat=102&ccb=7-5&_nc_sid=f7ccc5&efg=eyJ2ZW5jb2RlX3RhZyI6InByb2ZpbGVfcGljLnd3dy45MDAuQzMifQ%3D%3D&_nc_ohc=UCaxeFKEbm4Q7kNvwE0_Isr&_nc_oc=AdqhQH71UScv84LeMQ7dRObRSmpQWi7Ipr7_sI0yc6p5MVg5s6QjrBG-Ywl1b2-53ws&_nc_zt=24&_nc_ht=scontent-ams2-1.cdninstagram.com&_nc_ss=7b6a8&oh=00_Af-kzglEDp9OYE_rdyV2n0ab_o0MEVMpj0YyHLgjjcVe_Q&oe=6A2C02F8,annunziatafalcicchio,https://www.instagram.com/annunziatafalcicchio,Latte condensato,0,0,2026-05-26T17:45:32.000Z,18052861472740944,4216421053,2026-06-08T05:00:15.368Z,https://www.instagram.com/p/DYwzWgzjEDa
https://scontent-ams2-1.cdninstagram.com/v/t51.2885-19/21435907_1664781960221546_3109349884700917760_a.jpg?stp=dst-jpg_s150x150_tt6&_nc_cat=109&ccb=7-5&_nc_sid=f7ccc5&efg=eyJ2ZW5jb2RlX3RhZyI6InByb2ZpbGVfcGljLnd3dy43MTcuQzMifQ%3D%3D&_nc_ohc=G5qwtMoR-lcQ7kNvwEEEX40&_nc_oc=Adq9mNxqU7BYACeZtzaBuAaCyaP1QD67hqMuAfQMm3amdIPl5km3hNmJKCQV2im2zZk&_nc_zt=24&_nc_ht=scontent-ams2-1.cdninstagram.com&_nc_ss=7b6a8&oh=00_Af8HNHCRafuZ_GG4zLfrRyh7fd0qMCjLdh10WN77BHIO9g&oe=6A2C3069,sabinaborgobello,https://www.instagram.com/sabinaborgobello,STRACCHINO 🤞🏻🍀🤞🏻🍀,0,0,2026-05-25T19:35:50.000Z,18220899082319715,6008639906,2026-06-08T05:00:15.368Z,https://www.instagram.com/p/DYwzWgzjEDa
https://scontent-ams2-1.cdninstagram.com/v/t51.2885-19/18808924_1357602000986873_7835006846057316352_a.jpg?stp=dst-jpg_s150x150_tt6&_nc_cat=103&ccb=7-5&_nc_sid=f7ccc5&efg=eyJ2ZW5jb2RlX3RhZyI6InByb2ZpbGVfcGljLnd3dy4yMDAuQzMifQ%3D%3D&_nc_ohc=y55vhbq8iDAQ7kNvwHCyyHJ&_nc_oc=AdqRbRLsDfpg6QKMflf1yN7FWnR9tCuf7ubbKcTQnYoYVyO8Hw28nh3O1dy9MzGhqas&_nc_zt=24&_nc_ht=scontent-ams2-1.cdninstagram.com&_nc_ss=7b6a8&oh=00_Af8Vbj4HU19dmHgJKfRZFLBLWj6NsjlHmWmXEYhKilpuPw&oe=6A2C17DF,ritaiodice63,https://www.instagram.com/ritaiodice63,La burrata,0,0,2026-05-30T16:45:06.000Z,18085207088108568,5547775869,2026-06-08T05:00:15.368Z,https://www.instagram.com/p/DYwzWgzjEDa
https://scontent-ams2-1.cdninstagram.com/v/t51.2885-19/371748051_245436651793702_6432041669245946825_n.jpg?stp=dst-jpg_s150x150_tt6&_nc_cat=101&ccb=7-5&_nc_sid=f7ccc5&efg=eyJ2ZW5jb2RlX3RhZyI6InByb2ZpbGVfcGljLnd3dy4xMDgwLkMzIn0%3D&_nc_ohc=p8temCP63foQ7kNvwG6QUuH&_nc_oc=AdpiEVDPjHc3PZRZRlEX4gBkzIvjPy_EVXPb-icmPeTuhqO4sdX6kV0Jbx-hZ01X_B8&_nc_zt=24&_nc_ht=scontent-ams2-1.cdninstagram.com&_nc_ss=7b6a8&oh=00_Af_prMtrZNx6YArPi4GN-rjWIoe1Mb4PfXm8XWepOH5ZyQ&oe=6A2C2386,nalosile,https://www.instagram.com/nalosile,Ricotta😉,0,0,2026-05-28T11:02:04.000Z,18379240510165471,2400533099,2026-06-08T05:00:15.368Z,https://www.instagram.com/p/DYwzWgzjEDa
https://scontent-ams2-1.cdninstagram.com/v/t51.2885-19/442429468_7684354774943935_2736560032562692832_n.jpg?stp=dst-jpg_s150x150_tt6&_nc_cat=107&ccb=7-5&_nc_sid=f7ccc5&efg=eyJ2ZW5jb2RlX3RhZyI6InByb2ZpbGVfcGljLnd3dy45NTcuQzMifQ%3D%3D&_nc_ohc=mEcIQ7eVm0MQ7kNvwHIBqBN&_nc_oc=Adrn6kvnBZ0AQN-7LKSlsDOHGfzWNVF4sKNhc8bn3EDpLFTqdRf9_8nwZzKTHtqHajM&_nc_zt=24&_nc_ht=scontent-ams2-1.cdninstagram.com&_nc_ss=7b6a8&oh=00_Af8Onb7nTp5rfN-RKzIevmJKioXJZo7sZxE5FJdWJCpNgg&oe=6A2C3949,patriziaserenellii,https://www.instagram.com/patriziaserenellii,stracchino Val bontà. ❤️❤️❤️ #prodottomisteriosopenny  #accettoregolamento  #holettoprivacypolicy,0,0,2026-05-27T09:40:16.000Z,18066997073399542,52511590031,2026-06-08T05:00:15.368Z,https://www.instagram.com/p/DYwzWgzjEDa
https://scontent-ams2-1.cdninstagram.com/v/t51.2885-19/372662240_845545803574513_360564865773924167_n.jpg?stp=dst-jpg_s150x150_tt6&_nc_cat=107&ccb=7-5&_nc_sid=f7ccc5&efg=eyJ2ZW5jb2RlX3RhZyI6InByb2ZpbGVfcGljLnd3dy4xMDgwLkMzIn0%3D&_nc_ohc=SSUa--Y4KhgQ7kNvwEiha_X&_nc_oc=AdqxfVuKvxaL2x62M1yxEZBWPE7RtZraLMskJtBYv0OysY7R9znd8su_ynPVzNAp1nU&_nc_zt=24&_nc_ht=scontent-ams2-1.cdninstagram.com&_nc_ss=7b6a8&oh=00_Af8hZmQs5MpDaLdwyYWVpHK2kjOYabXCGjRIo1WFJiJOiA&oe=6A2C0E94,antonia.ialo,https://www.instagram.com/antonia.ialo,Stracchino valbontà #prodottomisteriosopenny #accettoregolamento #holettoprivacypolicy❤️,0,0,2026-05-27T07:11:19.000Z,17889764235522092,48007884289,2026-06-08T05:00:15.368Z,https://www.instagram.com/p/DYwzWgzjEDa
https://scontent-ams2-1.cdninstagram.com/v/t51.2885-19/350382457_1297249487868268_5515809304424774518_n.jpg?stp=dst-jpg_s150x150_tt6&_nc_cat=105&ccb=7-5&_nc_sid=f7ccc5&efg=eyJ2ZW5jb2RlX3RhZyI6InByb2ZpbGVfcGljLnd3dy45NDguQzMifQ%3D%3D&_nc_ohc=MGzWbJETPwkQ7kNvwFM-7av&_nc_oc=AdrJbco_B8XHLfUO9C9Z_ZAbsC5ALREVUkxGwz7Og-0cLeLegNUz48fkeBs-JlkW9QU&_nc_zt=24&_nc_ht=scontent-ams2-1.cdninstagram.com&_nc_ss=7b6a8&oh=00_Af95K6EVV40MSLJDprA7z5hRX1h_MXBBrkY5oBMChIv5Bg&oe=6A2C206F,italogatti,https://www.instagram.com/italogatti,Stracchino Valbontà,0,0,2026-05-25T16:54:46.000Z,18067107515401534,2304159376,2026-06-08T05:00:15.368Z,https://www.instagram.com/p/DYwzWgzjEDa
https://scontent-ams2-1.cdninstagram.com/v/t51.2885-19/122429746_126661498932000_5187736185759492503_n.jpg?stp=dst-jpg_s150x150_tt6&_nc_cat=102&ccb=7-5&_nc_sid=f7ccc5&efg=eyJ2ZW5jb2RlX3RhZyI6InByb2ZpbGVfcGljLnd3dy43NDguQzMifQ%3D%3D&_nc_ohc=L3jZTnC51a4Q7kNvwH1NQXJ&_nc_oc=Ado266qr-ItbFuWjU_YOdcXPv1bsShZcNQNRbwo1fp530Q6SO50jASBQrSW28nGAD6U&_nc_zt=24&_nc_ht=scontent-ams2-1.cdninstagram.com&_nc_ss=7b6a8&oh=00_Af_nON5RlUX8NvEz_xPuZq80RMK-IYYD3LfB6bMILsMFag&oe=6A2C0783,angyjuventus,https://www.instagram.com/angyjuventus,stracchino #PRODOTTOMISTERIOSOPENNY #ACCETTOREGOLAMENTO #HOLETTOPRIVACYPOLICY,0,0,2026-05-25T16:45:26.000Z,17989375175798957,6905211426,2026-06-08T05:00:19.485Z,https://www.instagram.com/p/DYwzWgzjEDa
https://scontent-ams2-1.cdninstagram.com/v/t51.82787-19/548846656_18534804898021267_8166694060610436838_n.jpg?stp=dst-jpg_s150x150_tt6&_nc_cat=103&ccb=7-5&_nc_sid=f7ccc5&efg=eyJ2ZW5jb2RlX3RhZyI6InByb2ZpbGVfcGljLnd3dy4xMDgwLkMzIn0%3D&_nc_ohc=9imDK2g9AcIQ7kNvwG1KlA7&_nc_oc=Ados48de2TSDu9kRqNkh9ESzeOQtvGGO35480nE_MTbk7FH_iSXMiIZB8pMaRnTdhXk&_nc_zt=24&_nc_ht=scontent-ams2-1.cdninstagram.com&_nc_gid=1l05QQo6K7KOSW4tcD7u0Q&_nc_ss=7b6a8&oh=00_Af9vg_wqP8kpT2ekdNsBH4Jd12IqBKR50Uwdf9yRzkOjnA&oe=6A2C0AEA,nunziafiore728,https://www.instagram.com/nunziafiore728,Stracchino #prodottomisteriosopenny  #accettoregolamento  #holettoprivacypolicy🤞😍 @lagmary,0,0,2026-05-26T06:15:02.000Z,18153872536463425,414293266,2026-06-08T05:00:19.485Z,https://www.instagram.com/p/DYwzWgzjEDa
https://scontent-ams2-1.cdninstagram.com/v/t51.2885-19/67674368_1628762087259226_2909809896016838656_n.jpg?stp=dst-jpg_s150x150_tt6&_nc_cat=102&ccb=7-5&_nc_sid=f7ccc5&efg=eyJ2ZW5jb2RlX3RhZyI6InByb2ZpbGVfcGljLnd3dy4xMDgwLkMzIn0%3D&_nc_ohc=o2Z-OrIBndgQ7kNvwFbvwEW&_nc_oc=AdoGOslGW3CMsTctniXqBtDen_o5jp7DnevCkuk600HWX8oGZ9-LmEOl_sObGcn9cKc&_nc_zt=24&_nc_ht=scontent-ams2-1.cdninstagram.com&_nc_ss=7b6a8&oh=00_Af-KoZPn9_sM3aFcaytmZ9X3kys7PxsZLoPPuDJGCZWBNA&oe=6A2C0F7A,silva.manci,https://www.instagram.com/silva.manci,Stacchino Valbontà 🔥#PRODOTTOMISTERIOSOPENNY #ACCETTOREGOLAMENTO #HOLETTOPRIVACYPOLICY,0,0,2026-05-28T18:42:24.000Z,18313639510274615,18985600800,2026-06-08T05:00:19.485Z,https://www.instagram.com/p/DYwzWgzjEDa
https://scontent-ams2-1.cdninstagram.com/v/t51.2885-19/25015406_142076069834820_3980377481487056896_n.jpg?stp=dst-jpg_s150x150_tt6&_nc_cat=105&ccb=7-5&_nc_sid=f7ccc5&efg=eyJ2ZW5jb2RlX3RhZyI6InByb2ZpbGVfcGljLnd3dy4yMDAuQzMifQ%3D%3D&_nc_ohc=W9jnDN4mBK4Q7kNvwHNM1f8&_nc_oc=Adr0Z04VgxaoK6XoeWMuqcjsrKtJK5jloK6SJ-cRQU3VSGe7qXLYTchNCK8J0GaTdlo&_nc_zt=24&_nc_ht=scontent-ams2-1.cdninstagram.com&_nc_ss=7b6a8&oh=00_Af_Si9BY4xKmXjIAaRGMELcCfqzogY7o3IGVPyVgdux-ng&oe=6A2C0F42,clamarida,https://www.instagram.com/clamarida,Stracchino val bontà  #prodottomisteriosopenny  #accettoregolamento  #holettoprivacypolicy ❤️ @stescala2019,0,0,2026-05-26T05:46:26.000Z,18374126107167129,6812789543,2026-06-08T05:00:19.485Z,https://www.instagram.com/p/DYwzWgzjEDa
https://scontent-ams2-1.cdninstagram.com/v/t51.2885-19/332882317_6778185582196533_9046574165946218576_n.jpg?stp=dst-jpg_s150x150_tt6&_nc_cat=102&ccb=7-5&_nc_sid=f7ccc5&efg=eyJ2ZW5jb2RlX3RhZyI6InByb2ZpbGVfcGljLnd3dy4xMDgwLkMzIn0%3D&_nc_ohc=KDz4sLFqeiEQ7kNvwG2pO4q&_nc_oc=AdqdbVaNDWgJV0mTAYxFGHhN8-l0kFazK1JgfAZ0sUL2VYP2gAiL_o2sAXb-FY4KkZs&_nc_zt=24&_nc_ht=scontent-ams2-1.cdninstagram.com&_nc_ss=7b6a8&oh=00_Af8GJQBX4-FfZPHdBEi8agwGAf83fYmKSWBjPu0mgzbuAA&oe=6A2C1AB6,martucci.maria,https://www.instagram.com/martucci.maria,Formaggio fresco,0,0,2026-05-29T08:15:47.000Z,18089246618614063,2251330127,2026-06-08T05:00:19.485Z,https://www.instagram.com/p/DYwzWgzjEDa
https://scontent-ams2-1.cdninstagram.com/v/t51.89012-19/573323465_1219825463302212_7278921664109726296_n.jpg?stp=dst-jpg_s150x150_tt6&_nc_cat=1&ccb=7-5&_nc_sid=f7ccc5&efg=eyJ2ZW5jb2RlX3RhZyI6InByb2ZpbGVfcGljLnd3dy5DMyJ9&_nc_ohc=YQQEIw1CjK0Q7kNvwGGNPon&_nc_oc=Adp7JMSj7AOEo1lF5QYw3Jy1M1xQO7rN0cMzWMAfIgmY47pgvLcGGpfiNyLdn_i3N0A&_nc_zt=24&_nc_ht=scontent-ams2-1.cdninstagram.com&_nc_gid=1l05QQo6K7KOSW4tcD7u0Q&_nc_ss=7b6a8&oh=00_Af9s6P7DSA6o_XQZz-5k7a697pDznsKQTHDNfDn51joyRw&oe=6A2C03A2,fontcarla69,https://www.instagram.com/fontcarla69,Stracchino 😍 #prodottomisteriosopenny #accettoregolamento #holettoprivacypolicy,0,0,2026-05-26T14:07:54.000Z,18470622559098840,56232394169,2026-06-08T05:00:19.485Z,https://www.instagram.com/p/DYwzWgzjEDa
https://scontent-ams2-1.cdninstagram.com/v/t51.82787-19/542765209_18526219078005853_5829896150046655660_n.jpg?stp=dst-jpg_s150x150_tt6&_nc_cat=108&ccb=7-5&_nc_sid=f7ccc5&efg=eyJ2ZW5jb2RlX3RhZyI6InByb2ZpbGVfcGljLnd3dy4xMDAwLkMzIn0%3D&_nc_ohc=2Yl4D0GVpxAQ7kNvwEWo_ik&_nc_oc=AdoOXsN0ufN9UvUcq5lZx5X30ktyl68ZdH2UZwU3VtAGj8L5z1jldAwb7z68yO4XyWU&_nc_zt=24&_nc_ht=scontent-ams2-1.cdninstagram.com&_nc_gid=1l05QQo6K7KOSW4tcD7u0Q&_nc_ss=7b6a8&oh=00_Af_rPEI8S1tpiKT1FHbIxiO1yTFguvwYJ6r82KlMijG4fg&oe=6A2C2B9F,tlubax60,https://www.instagram.com/tlubax60,Stracchino 😍 #prodottomisteriosopenny #accettoregolamento #holettoprivacypolicy,0,0,2026-05-27T06:12:32.000Z,18077193272247894,185285852,2026-06-08T05:00:19.485Z,https://www.instagram.com/p/DYwzWgzjEDa
https://scontent-ams2-1.cdninstagram.com/v/t51.2885-19/42502902_249883385658260_6738154318433615872_n.jpg?stp=dst-jpg_s150x150_tt6&_nc_cat=105&ccb=7-5&_nc_sid=f7ccc5&efg=eyJ2ZW5jb2RlX3RhZyI6InByb2ZpbGVfcGljLnd3dy4xMDgwLkMzIn0%3D&_nc_ohc=86LNK9kRlM0Q7kNvwGqud_d&_nc_oc=AdqVAXwn7qL9EfEvbI0RVbf7-_uiyxMOlmi59BdzOO2mGjI9SioPa9Eq5sOIABfSyiU&_nc_zt=24&_nc_ht=scontent-ams2-1.cdninstagram.com&_nc_ss=7b6a8&oh=00_Af-vunkMX_zBgJCTG36oYeFcLSvPGrEtwauV8n7NFE5VrQ&oe=6A2C0643,qbessa_9,https://www.instagram.com/qbessa_9,Stracchino #PRODOTTOMISTERIOSOPENNY #ACCETTOREGOLAMENTO #HOLETTOPRIVACYPOLICY,0,0,2026-05-25T14:15:30.000Z,18377998549162830,5941249963,2026-06-08T05:00:19.485Z,https://www.instagram.com/p/DYwzWgzjEDa
https://scontent-ams2-1.cdninstagram.com/v/t51.2885-19/34152860_380571762454886_6683763325043474432_n.jpg?stp=dst-jpg_s150x150_tt6&_nc_cat=106&ccb=7-5&_nc_sid=f7ccc5&efg=eyJ2ZW5jb2RlX3RhZyI6InByb2ZpbGVfcGljLnd3dy4zNjQuQzMifQ%3D%3D&_nc_ohc=XBe8sxsW1P8Q7kNvwFHMcoj&_nc_oc=AdozpM2zHAU0fu5c9BayB26HaC4gTxXMGXkdDFamu1uSqx1XemR9BQb66wgMv6hB9pk&_nc_zt=24&_nc_ht=scontent-ams2-1.cdninstagram.com&_nc_ss=7b6a8&oh=00_Af__ojtLatYW02dZNrEiKVIgY20shd9ajC7PxT-Vje8vVA&oe=6A2C3658,64annamaria09,https://www.instagram.com/64annamaria09,Stracchino #PRODOTTOMISTERIOSOPENNY  #ACCETTOREGOLAMENTO  #HOLETTOPRIVACYPOLICY,0,0,2026-05-25T18:31:45.000Z,17918528178162742,7939168004,2026-06-08T05:00:19.485Z,https://www.instagram.com/p/DYwzWgzjEDa
https://scontent-ams2-1.cdninstagram.com/v/t51.2885-19/271270615_1357332211383273_1474280838736258303_n.jpg?stp=dst-jpg_s150x150_tt6&_nc_cat=106&ccb=7-5&_nc_sid=f7ccc5&efg=eyJ2ZW5jb2RlX3RhZyI6InByb2ZpbGVfcGljLnd3dy41NjguQzMifQ%3D%3D&_nc_ohc=_GGAzyKxu9UQ7kNvwEDowxh&_nc_oc=Ado9OOziI_hQtgzxrQJAVopgn5zSj0brFsP_W9FzCggH6hI8WnSH-T040Ec_ntPAZlk&_nc_zt=24&_nc_ht=scontent-ams2-1.cdninstagram.com&_nc_ss=7b6a8&oh=00_Af9rRxKZHv4hPK0nr-K8q8yfZTY2j1h0rhJHVy6KMVHyMQ&oe=6A2C1D68,trillyviola,https://www.instagram.com/trillyviola,Stracchino valbonta',0,0,2026-05-27T22:55:37.000Z,18082843532146914,1824507468,2026-06-08T05:00:19.485Z,https://www.instagram.com/p/DYwzWgzjEDa
https://scontent-ams2-1.cdninstagram.com/v/t51.82787-19/540911472_18317693194212014_5876858089357005835_n.jpg?stp=dst-jpg_s150x150_tt6&_nc_cat=107&ccb=7-5&_nc_sid=f7ccc5&efg=eyJ2ZW5jb2RlX3RhZyI6InByb2ZpbGVfcGljLnd3dy4xMDI0LkMzIn0%3D&_nc_ohc=FXRA4nQ_uskQ7kNvwH-kzJY&_nc_oc=AdpQQFK81scbCum3tbAofYmKDHbWjQGYtI__uzUjVgqx7LV7QWb4YWo5gqrGDX1eba4&_nc_zt=24&_nc_ht=scontent-ams2-1.cdninstagram.com&_nc_gid=1l05QQo6K7KOSW4tcD7u0Q&_nc_ss=7b6a8&oh=00_Af_U_RVj6kY0zeYwKWtXWPLvRI3DFS_E6LHUs737mXr0cQ&oe=6A2C3204,aurilia.angela,https://www.instagram.com/aurilia.angela,Formaggio morbido,0,0,2026-05-26T13:30:50.000Z,18394374913094279,6273388013,2026-06-08T05:00:19.485Z,https://www.instagram.com/p/DYwzWgzjEDa
https://scontent-ams2-1.cdninstagram.com/v/t51.89012-19/573323465_1219825463302212_7278921664109726296_n.jpg?stp=dst-jpg_s150x150_tt6&_nc_cat=1&ccb=7-5&_nc_sid=f7ccc5&efg=eyJ2ZW5jb2RlX3RhZyI6InByb2ZpbGVfcGljLnd3dy5DMyJ9&_nc_ohc=YQQEIw1CjK0Q7kNvwGGNPon&_nc_oc=Adp7JMSj7AOEo1lF5QYw3Jy1M1xQO7rN0cMzWMAfIgmY47pgvLcGGpfiNyLdn_i3N0A&_nc_zt=24&_nc_ht=scontent-ams2-1.cdninstagram.com&_nc_gid=1l05QQo6K7KOSW4tcD7u0Q&_nc_ss=7b6a8&oh=00_Af9s6P7DSA6o_XQZz-5k7a697pDznsKQTHDNfDn51joyRw&oe=6A2C03A2,rachele.poli,https://www.instagram.com/rachele.poli,Formaggio fresco spalmabile,0,0,2026-05-27T14:33:57.000Z,18113431213860558,34113503654,2026-06-08T05:00:19.485Z,https://www.instagram.com/p/DYwzWgzjEDa
https://scontent-ams2-1.cdninstagram.com/v/t51.82787-19/703275443_18590953636030113_8460827188099237348_n.jpg?stp=dst-jpg_s150x150_tt6&_nc_cat=109&ccb=7-5&_nc_sid=f7ccc5&efg=eyJ2ZW5jb2RlX3RhZyI6InByb2ZpbGVfcGljLnd3dy4xMDgwLkMzIn0%3D&_nc_ohc=YGE_mU0CH8AQ7kNvwElb2tl&_nc_oc=Adqoi8ZnmyRrxQR2Uu4Ww5iRtKakuRNw2kG08YXBbDbwvQnstq1UgaQ36L9tqFOULEk&_nc_zt=24&_nc_ht=scontent-ams2-1.cdninstagram.com&_nc_gid=1l05QQo6K7KOSW4tcD7u0Q&_nc_ss=7b6a8&oh=00_Af9b3My0_ue7p8sdL2UZbXwxr-e9hA1sjEHOQ34qnQ-mpQ&oe=6A2C14FF,martina_kitchen_impossible,https://www.instagram.com/martina_kitchen_impossible,Lo stracchino 😍 #prodottomisteriosopenny #accettoregolamento #holettoprivacypolicy,0,0,2026-05-26T06:56:57.000Z,18181279582393038,1794078112,2026-06-08T05:00:19.485Z,https://www.instagram.com/p/DYwzWgzjEDa
https://scontent-ams2-1.cdninstagram.com/v/t51.2885-19/360701254_1143921466997295_6464965399537528660_n.jpg?stp=dst-jpg_s150x150_tt6&_nc_cat=105&ccb=7-5&_nc_sid=f7ccc5&efg=eyJ2ZW5jb2RlX3RhZyI6InByb2ZpbGVfcGljLnd3dy43MjAuQzMifQ%3D%3D&_nc_ohc=-fEKj4tXRwUQ7kNvwEWhYFL&_nc_oc=AdpgyvlkIEb8LszjgqJtcZ6Pj2AX1vMnBRz6GzAZORxoUwhsX04t9xLcucSw6QO2xK4&_nc_zt=24&_nc_ht=scontent-ams2-1.cdninstagram.com&_nc_ss=7b6a8&oh=00_Af_sTm-vt1JVXudGS9U-QGsh57aupl9Jp0GSreAWnbipgw&oe=6A2C2FCD,mandorlinim,https://www.instagram.com/mandorlinim,Yogurt greco,0,0,2026-05-26T06:39:34.000Z,18343072957170630,8371745059,2026-06-08T05:00:19.485Z,https://www.instagram.com/p/DYwzWgzjEDa
https://scontent-ams2-1.cdninstagram.com/v/t51.89012-19/573323465_1219825463302212_7278921664109726296_n.jpg?stp=dst-jpg_s150x150_tt6&_nc_cat=1&ccb=7-5&_nc_sid=f7ccc5&efg=eyJ2ZW5jb2RlX3RhZyI6InByb2ZpbGVfcGljLnd3dy5DMyJ9&_nc_ohc=YQQEIw1CjK0Q7kNvwGGNPon&_nc_oc=Adp7JMSj7AOEo1lF5QYw3Jy1M1xQO7rN0cMzWMAfIgmY47pgvLcGGpfiNyLdn_i3N0A&_nc_zt=24&_nc_ht=scontent-ams2-1.cdninstagram.com&_nc_gid=1l05QQo6K7KOSW4tcD7u0Q&_nc_ss=7b6a8&oh=00_Af9s6P7DSA6o_XQZz-5k7a697pDznsKQTHDNfDn51joyRw&oe=6A2C03A2,mariacarmelariello,https://www.instagram.com/mariacarmelariello,Stracchino ValBonta,0,0,2026-06-02T10:13:28.000Z,17893614213468196,49235667497,2026-06-08T05:00:19.485Z,https://www.instagram.com/p/DYwzWgzjEDa
https://scontent-ams2-1.cdninstagram.com/v/t51.2885-19/475848743_1151357955853065_9028588231169266239_n.jpg?stp=dst-jpg_s150x150_tt6&_nc_cat=101&ccb=7-5&_nc_sid=f7ccc5&efg=eyJ2ZW5jb2RlX3RhZyI6InByb2ZpbGVfcGljLnd3dy4xMDI0LkMzIn0%3D&_nc_ohc=HF0EmOaYfDUQ7kNvwGKl6H9&_nc_oc=AdoYdez-Kyv_SW98ehDaeNAk5QJ-_LD9xe_SZFnaV35R1AXoaQ_VxSLTvW6K8XCMRQY&_nc_zt=24&_nc_ht=scontent-ams2-1.cdninstagram.com&_nc_ss=7b6a8&oh=00_Af9oraFwXHHgtpLEXlVQGXAAb0voxUvBiVTATsbRG239YQ&oe=6A2C2F18,lastangelinhell,https://www.instagram.com/lastangelinhell,"Stracchino #PRODOTTOMISTERIOSOPENNY
#ACCETTOREGOLAMENTO
#HOLETTOPRIVACYPOLICY",0,0,2026-05-25T13:24:08.000Z,17881443447578598,233961751,2026-06-08T05:00:23.812Z,https://www.instagram.com/p/DYwzWgzjEDa
https://scontent-ams2-1.cdninstagram.com/v/t51.2885-19/435024642_1601639057251961_2377241584507890003_n.jpg?stp=dst-jpg_s150x150_tt6&_nc_cat=100&ccb=7-5&_nc_sid=f7ccc5&efg=eyJ2ZW5jb2RlX3RhZyI6InByb2ZpbGVfcGljLnd3dy43MTQuQzMifQ%3D%3D&_nc_ohc=R8N9yRRgA5wQ7kNvwGKn2x2&_nc_oc=AdrZOzTRWnpWPVytf4Mb7kELTd7EBcdMn-TkcZ0zWJsbNqDvqVTyT_x3G4ZWiIVlEf0&_nc_zt=24&_nc_ht=scontent-ams2-1.cdninstagram.com&_nc_ss=7b6a8&oh=00_Af-8MJpVs7rGvTOnXtvJvVTcNRwuvQVG2EoGLl-rINfHsQ&oe=6A2C0A9D,vitiello_gelsomina,https://www.instagram.com/vitiello_gelsomina,Mascarpone,0,0,2026-05-30T13:32:03.000Z,18098036852155918,65836467232,2026-06-08T05:00:23.812Z,https://www.instagram.com/p/DYwzWgzjEDa
https://scontent-ams2-1.cdninstagram.com/v/t51.2885-19/445517502_1564044197662530_5833636557590994428_n.jpg?stp=dst-jpg_s150x150_tt6&_nc_cat=106&ccb=7-5&_nc_sid=f7ccc5&efg=eyJ2ZW5jb2RlX3RhZyI6InByb2ZpbGVfcGljLnd3dy43MjAuQzMifQ%3D%3D&_nc_ohc=V5_8_EtsBmUQ7kNvwGByrlx&_nc_oc=Adqpajmit0lL8pQ4GmzdLS2CneO1zFhjqsfyPU174AwO7rG9397Qbvo_8XcdAieg5sk&_nc_zt=24&_nc_ht=scontent-ams2-1.cdninstagram.com&_nc_ss=7b6a8&oh=00_Af-pkSBTZmKcpITqWLTXUlQ-dWM1a9Gcm7-zjaF6JEs_vg&oe=6A2C06E8,carmelazappia.02,https://www.instagram.com/carmelazappia.02,Mascarpone,1,0,2026-05-26T13:46:11.000Z,17934528459266768,1807314759,2026-06-08T05:00:23.812Z,https://www.instagram.com/p/DYwzWgzjEDa
https://scontent-ams2-1.cdninstagram.com/v/t51.2885-19/474921138_1057901429439991_5561364793158731728_n.jpg?stp=dst-jpg_s150x150_tt6&_nc_cat=105&ccb=7-5&_nc_sid=f7ccc5&efg=eyJ2ZW5jb2RlX3RhZyI6InByb2ZpbGVfcGljLnd3dy4xMDgwLkMzIn0%3D&_nc_ohc=OOz3umiD-1UQ7kNvwFKVEdB&_nc_oc=AdqQOoPw84R7I-ta4-O7A-cavpx6_MgmohTozw_Fv9XMKlxBYN5LA16RyhTqI12BvGA&_nc_zt=24&_nc_ht=scontent-ams2-1.cdninstagram.com&_nc_ss=7b6a8&oh=00_Af8bs8mjqW3ObFjxa0gtZpggQrjueO8LHNoU85LZtBpIUA&oe=6A2C0E35,giuseppinafatone,https://www.instagram.com/giuseppinafatone,Stracchino #PRODOTTOMISTERIOSOPENNY #ACCETTOREGOLAMENTO #HOLETTOPRIVACYPOLICY,0,0,2026-06-01T06:56:06.000Z,18136881229550822,3264109135,2026-06-08T05:00:23.812Z,https://www.instagram.com/p/DYwzWgzjEDa
https://scontent-ams2-1.cdninstagram.com/v/t51.2885-19/332882317_6778185582196533_9046574165946218576_n.jpg?stp=dst-jpg_s150x150_tt6&_nc_cat=102&ccb=7-5&_nc_sid=f7ccc5&efg=eyJ2ZW5jb2RlX3RhZyI6InByb2ZpbGVfcGljLnd3dy4xMDgwLkMzIn0%3D&_nc_ohc=KDz4sLFqeiEQ7kNvwG2pO4q&_nc_oc=AdqdbVaNDWgJV0mTAYxFGHhN8-l0kFazK1JgfAZ0sUL2VYP2gAiL_o2sAXb-FY4KkZs&_nc_zt=24&_nc_ht=scontent-ams2-1.cdninstagram.com&_nc_ss=7b6a8&oh=00_Af8GJQBX4-FfZPHdBEi8agwGAf83fYmKSWBjPu0mgzbuAA&oe=6A2C1AB6,martucci.maria,https://www.instagram.com/martucci.maria,Panna,0,0,2026-05-29T08:15:09.000Z,18091535906459902,2251330127,2026-06-08T05:00:23.812Z,https://www.instagram.com/p/DYwzWgzjEDa
https://scontent-ams2-1.cdninstagram.com/v/t51.82787-19/718597364_18132528163605087_6155638329647779596_n.jpg?stp=dst-jpg_s150x150_tt6&_nc_cat=104&ccb=7-5&_nc_sid=f7ccc5&efg=eyJ2ZW5jb2RlX3RhZyI6InByb2ZpbGVfcGljLnd3dy4xMDgwLkMzIn0%3D&_nc_ohc=1SXC54zT1p0Q7kNvwH_qTiz&_nc_oc=Ado1W8LBVoRMuS-RrUIfQtnv1NIgz_S-KhgZFMFZhk0xae6SA_yHLNbEOH7vt74GIB0&_nc_zt=24&_nc_ht=scontent-ams2-1.cdninstagram.com&_nc_gid=DowVsepEvV-52TNv5T4tYA&_nc_ss=7b6a8&oh=00_Af8H58sQTs3-WBwFg-JqTBKQKtg7MjghG8u_eWtycQRyqQ&oe=6A2C054F,ivana_mapelli,https://www.instagram.com/ivana_mapelli,Squaccuerone Val Bontà,0,0,2026-05-29T21:37:16.000Z,17950546413160856,18018941086,2026-06-08T05:00:23.812Z,https://www.instagram.com/p/DYwzWgzjEDa
https://scontent-ams2-1.cdninstagram.com/v/t51.82787-19/518316796_18492078571069760_1726757244204497932_n.jpg?stp=dst-jpg_s150x150_tt6&_nc_cat=108&ccb=7-5&_nc_sid=f7ccc5&efg=eyJ2ZW5jb2RlX3RhZyI6InByb2ZpbGVfcGljLnd3dy4xMDgwLkMzIn0%3D&_nc_ohc=7MXy0DwjQOEQ7kNvwGjnqei&_nc_oc=Adox4geG1OjR2q6K4IFx-UyFO-Vmh-L1oQoPta-cCxSLgElbR10xmD104E6w4apTLZw&_nc_zt=24&_nc_ht=scontent-ams2-1.cdninstagram.com&_nc_gid=DowVsepEvV-52TNv5T4tYA&_nc_ss=7b6a8&oh=00_Af9grnOprCfaoG87ljqVf-ZrxJPsoWsZ9UdmiXyhniYCjA&oe=6A2C18D3,sergio_de_luca_63,https://www.instagram.com/sergio_de_luca_63,Mozzarella,0,0,2026-05-29T09:51:48.000Z,18068834810356794,2110485759,2026-06-08T05:00:23.812Z,https://www.instagram.com/p/DYwzWgzjEDa
https://scontent-ams2-1.cdninstagram.com/v/t51.89012-19/573323465_1219825463302212_7278921664109726296_n.jpg?stp=dst-jpg_s150x150_tt6&_nc_cat=1&ccb=7-5&_nc_sid=f7ccc5&efg=eyJ2ZW5jb2RlX3RhZyI6InByb2ZpbGVfcGljLnd3dy5DMyJ9&_nc_ohc=YQQEIw1CjK0Q7kNvwGGNPon&_nc_oc=Adp7JMSj7AOEo1lF5QYw3Jy1M1xQO7rN0cMzWMAfIgmY47pgvLcGGpfiNyLdn_i3N0A&_nc_zt=24&_nc_ht=scontent-ams2-1.cdninstagram.com&_nc_gid=DowVsepEvV-52TNv5T4tYA&_nc_ss=7b6a8&oh=00_Af-ehrgMh03bxPF4ybsdmYA75xY7O3204reYxTKuSUxzFA&oe=6A2C03A2,nippi2021,https://www.instagram.com/nippi2021,Mozzarella,0,0,2026-05-26T15:56:31.000Z,18183078664383612,45222965520,2026-06-08T05:00:23.812Z,https://www.instagram.com/p/DYwzWgzjEDa
https://scontent-ams2-1.cdninstagram.com/v/t51.2885-19/46057566_559567141172720_7464250421364654080_n.jpg?stp=dst-jpg_s150x150_tt6&_nc_cat=101&ccb=7-5&_nc_sid=f7ccc5&efg=eyJ2ZW5jb2RlX3RhZyI6InByb2ZpbGVfcGljLnd3dy4xMDgwLkMzIn0%3D&_nc_ohc=RRyRoVywCS4Q7kNvwFNo_v8&_nc_oc=AdrUBbRYFxlJDUwBPbt7OPl7c4PbAwJycXhCg5_F12YDSayONkesLuh1Bv639NOztOQ&_nc_zt=24&_nc_ht=scontent-ams2-1.cdninstagram.com&_nc_ss=7b6a8&oh=00_Af8BzWmETokl0eia_OhA7EqR7Sn9Ysiv2aigHC7FS_yemg&oe=6A2C190D,graziellarota63,https://www.instagram.com/graziellarota63,Stacchino valbonta`,0,0,2026-05-27T19:25:56.000Z,18062492309472646,1659804822,2026-06-08T05:00:23.812Z,https://www.instagram.com/p/DYwzWgzjEDa
https://scontent-ams2-1.cdninstagram.com/v/t51.2885-19/141683034_746692606254908_7215408145335998910_n.jpg?stp=dst-jpg_s150x150_tt6&_nc_cat=103&ccb=7-5&_nc_sid=f7ccc5&efg=eyJ2ZW5jb2RlX3RhZyI6InByb2ZpbGVfcGljLnd3dy4xMDgwLkMzIn0%3D&_nc_ohc=K3YlGFN-MVkQ7kNvwFXTo98&_nc_oc=AdrlL3k-nt1s82G_-J__Fpx800FVirguq_BVxnlRDqq93pa9MCC2VDVBtiigQAI00ss&_nc_zt=24&_nc_ht=scontent-ams2-1.cdninstagram.com&_nc_ss=7b6a8&oh=00_Af8ybZGeP1hVnI4QYn6YK9dJQUKqf49dkc03vr5plGpzxw&oe=6A2C2022,maria.saitto,https://www.instagram.com/maria.saitto,Formaggino,0,0,2026-05-29T05:19:08.000Z,18221382721318450,39392367697,2026-06-08T05:00:23.812Z,https://www.instagram.com/p/DYwzWgzjEDa
https://scontent-ams2-1.cdninstagram.com/v/t51.2885-19/271270615_1357332211383273_1474280838736258303_n.jpg?stp=dst-jpg_s150x150_tt6&_nc_cat=106&ccb=7-5&_nc_sid=f7ccc5&efg=eyJ2ZW5jb2RlX3RhZyI6InByb2ZpbGVfcGljLnd3dy41NjguQzMifQ%3D%3D&_nc_ohc=_GGAzyKxu9UQ7kNvwEDowxh&_nc_oc=Ado9OOziI_hQtgzxrQJAVopgn5zSj0brFsP_W9FzCggH6hI8WnSH-T040Ec_ntPAZlk&_nc_zt=24&_nc_ht=scontent-ams2-1.cdninstagram.com&_nc_ss=7b6a8&oh=00_Af9rRxKZHv4hPK0nr-K8q8yfZTY2j1h0rhJHVy6KMVHyMQ&oe=6A2C1D68,trillyviola,https://www.instagram.com/trillyviola,#prodottomisteriosopenny,0,0,2026-05-27T22:56:04.000Z,18136844092550383,1824507468,2026-06-08T05:00:23.812Z,https://www.instagram.com/p/DYwzWgzjEDa
https://scontent-ams2-1.cdninstagram.com/v/t51.82787-19/688777725_18161472805451465_2022152069579955491_n.jpg?stp=dst-jpg_s150x150_tt6&_nc_cat=110&ccb=7-5&_nc_sid=f7ccc5&efg=eyJ2ZW5jb2RlX3RhZyI6InByb2ZpbGVfcGljLnd3dy4xMDgwLkMzIn0%3D&_nc_ohc=-TwLGkP8ZJ8Q7kNvwHS9Qn1&_nc_oc=Adr3JlfI0EmE_bv4KgLh4Cm0PTRMhGOkj7kqLRl4jcjmAsS2UXIBCM-cUiRGwKAo45Y&_nc_zt=24&_nc_ht=scontent-ams2-1.cdninstagram.com&_nc_gid=DowVsepEvV-52TNv5T4tYA&_nc_ss=7b6a8&oh=00_Af8MfNP8bVskPU_IjLS4fMOf4pJy8fotzNJ_oHm1YWkV2g&oe=6A2C3264,alinuzza86,https://www.instagram.com/alinuzza86,Stracchino 😍#prodottomisteriosopenny #accettoregolamentoprivacy #holettoprivacypolicy,0,0,2026-05-28T15:26:36.000Z,17900827941282646,13592307464,2026-06-08T05:00:23.812Z,https://www.instagram.com/p/DYwzWgzjEDa
https://scontent-ams2-1.cdninstagram.com/v/t51.89012-19/573323465_1219825463302212_7278921664109726296_n.jpg?stp=dst-jpg_s150x150_tt6&_nc_cat=1&ccb=7-5&_nc_sid=f7ccc5&efg=eyJ2ZW5jb2RlX3RhZyI6InByb2ZpbGVfcGljLnd3dy5DMyJ9&_nc_ohc=YQQEIw1CjK0Q7kNvwGGNPon&_nc_oc=Adp7JMSj7AOEo1lF5QYw3Jy1M1xQO7rN0cMzWMAfIgmY47pgvLcGGpfiNyLdn_i3N0A&_nc_zt=24&_nc_ht=scontent-ams2-1.cdninstagram.com&_nc_gid=DowVsepEvV-52TNv5T4tYA&_nc_ss=7b6a8&oh=00_Af-ehrgMh03bxPF4ybsdmYA75xY7O3204reYxTKuSUxzFA&oe=6A2C03A2,rosaria_carmando,https://www.instagram.com/rosaria_carmando,Latte condensato 😂,0,0,2026-05-28T17:48:32.000Z,18116569324794907,5132262146,2026-06-08T05:00:23.812Z,https://www.instagram.com/p/DYwzWgzjEDa
https://scontent-ams2-1.cdninstagram.com/v/t51.2885-19/366167125_1017018796384366_4836881792277285000_n.jpg?stp=dst-jpg_s150x150_tt6&_nc_cat=103&ccb=7-5&_nc_sid=f7ccc5&efg=eyJ2ZW5jb2RlX3RhZyI6InByb2ZpbGVfcGljLnd3dy4xMDgwLkMzIn0%3D&_nc_ohc=MAwv7Ry94o4Q7kNvwEdlbjb&_nc_oc=AdogGm3UL60bAJj5jpCGlTz74ihJUfENn_GYeRp8jFGlNvTmyBgEFROWsa2-IYLpOqs&_nc_zt=24&_nc_ht=scontent-ams2-1.cdninstagram.com&_nc_ss=7b6a8&oh=00_Af8ZatN7r-XffVWVkSXNzZ_LxJraviFfxto8I2d3aehjzg&oe=6A2C27C8,bassani.betty,https://www.instagram.com/bassani.betty,Yogurt,0,0,2026-05-26T09:54:00.000Z,18083341787423164,61267915683,2026-06-08T05:00:23.812Z,https://www.instagram.com/p/DYwzWgzjEDa
https://scontent-ams2-1.cdninstagram.com/v/t51.82787-19/540663642_17983319237889818_4604067632609133380_n.jpg?stp=dst-jpg_s150x150_tt6&_nc_cat=105&ccb=7-5&_nc_sid=f7ccc5&efg=eyJ2ZW5jb2RlX3RhZyI6InByb2ZpbGVfcGljLnd3dy4xMDgwLkMzIn0%3D&_nc_ohc=1V5ENhkqsQYQ7kNvwHbb1b-&_nc_oc=AdqJkROoqE93HrSmu-MYcYlAf54JHQ-UcbCoW3pmJamSuELXn97OGgQqnPjq3GoOBsA&_nc_zt=24&_nc_ht=scontent-ams2-1.cdninstagram.com&_nc_gid=DowVsepEvV-52TNv5T4tYA&_nc_ss=7b6a8&oh=00_Af_lCxJjY13TFphxwV84fuZ9KM8aH6-D0qdjKh6yRBdxMw&oe=6A2C19EC,danilo_fotografie,https://www.instagram.com/danilo_fotografie,Stracchino ❤️ #prodottomisteriosopenny #accettoregolamento #holettoprivacypolicy,0,0,2026-05-25T14:39:31.000Z,18358836766232979,56796257817,2026-06-08T05:00:23.812Z,https://www.instagram.com/p/DYwzWgzjEDa
https://scontent-ams2-1.cdninstagram.com/v/t51.2885-19/429715538_797196645071022_2591964184509672612_n.jpg?stp=dst-jpg_s150x150_tt6&_nc_cat=104&ccb=7-5&_nc_sid=f7ccc5&efg=eyJ2ZW5jb2RlX3RhZyI6InByb2ZpbGVfcGljLnd3dy44ODEuQzMifQ%3D%3D&_nc_ohc=-erbSsXMsUgQ7kNvwGG6QHU&_nc_oc=Adp9lNatSuLw2dUjqTnoj7_rsSe1qEcihYEjUaY_WOixdE3boEPEXxOsA3ADP6r2FWI&_nc_zt=24&_nc_ht=scontent-ams2-1.cdninstagram.com&_nc_ss=7b6a8&oh=00_Af8nuXWrT-eS1AjR_PfOrFsinILQdmCe2JuPbJfyZlxvPg&oe=6A2C37B6,angela_ali_,https://www.instagram.com/angela_ali_,"Mozzarella,",0,0,2026-05-28T21:22:01.000Z,18353838112214011,8049142216,2026-06-08T05:00:28.250Z,https://www.instagram.com/p/DYwzWgzjEDa
https://scontent-ams2-1.cdninstagram.com/v/t51.2885-19/132536979_149610089974767_5838929535453592442_n.jpg?stp=dst-jpg_s150x150_tt6&_nc_cat=107&ccb=7-5&_nc_sid=f7ccc5&efg=eyJ2ZW5jb2RlX3RhZyI6InByb2ZpbGVfcGljLnd3dy43ODUuQzMifQ%3D%3D&_nc_ohc=UGJrBbirO74Q7kNvwFFVweK&_nc_oc=AdpRBMU4aXQaw46_PIhf2ek1FnYU0cPG1xJaD6yAgUWs7rtb6HIpHijh-LwjXA2fvX0&_nc_zt=24&_nc_ht=scontent-ams2-1.cdninstagram.com&_nc_ss=7b6a8&oh=00_Af_x4yF6DLRRCWnjXNVI6XFUtYtqnmSVjLIoJp-FHEJEjg&oe=6A2C078B,piccolaroberts,https://www.instagram.com/piccolaroberts,Stracchino valbontà,0,0,2026-05-26T12:11:01.000Z,18076666694278927,229382908,2026-06-08T05:00:28.250Z,https://www.instagram.com/p/DYwzWgzjEDa
https://scontent-ams2-1.cdninstagram.com/v/t51.89012-19/573323465_1219825463302212_7278921664109726296_n.jpg?stp=dst-jpg_s150x150_tt6&_nc_cat=1&ccb=7-5&_nc_sid=f7ccc5&efg=eyJ2ZW5jb2RlX3RhZyI6InByb2ZpbGVfcGljLnd3dy5DMyJ9&_nc_ohc=YQQEIw1CjK0Q7kNvwGGNPon&_nc_oc=Adp7JMSj7AOEo1lF5QYw3Jy1M1xQO7rN0cMzWMAfIgmY47pgvLcGGpfiNyLdn_i3N0A&_nc_zt=24&_nc_ht=scontent-ams2-1.cdninstagram.com&_nc_gid=w0KNZc1mFEUS_LYIsJKUvQ&_nc_ss=7b6a8&oh=00_Af97qt2h5P4oRvcdMNcbMpkTPXIZToaUFJykHKur-UHwBQ&oe=6A2C03A2,100sibilla,https://www.instagram.com/100sibilla,Stracchino ❤️ #prodottomisteriosopenny #accettoregolamento #holettoprivacypolicy,0,0,2026-05-29T06:37:02.000Z,18117394858811976,50676351342,2026-06-08T05:00:28.250Z,https://www.instagram.com/p/DYwzWgzjEDa
https://scontent-ams2-1.cdninstagram.com/v/t51.2885-19/404349275_320277040773007_4876892741828384399_n.jpg?stp=dst-jpg_s150x150_tt6&_nc_cat=105&ccb=7-5&_nc_sid=f7ccc5&efg=eyJ2ZW5jb2RlX3RhZyI6InByb2ZpbGVfcGljLnd3dy44MDUuQzMifQ%3D%3D&_nc_ohc=Rdi8JjXWAHEQ7kNvwFLJebe&_nc_oc=AdoWuYpZvJg3tzs9p8CjzSc93TVT1VXKli81I-WTIJE9zff537o529soaBj-EEh7HnM&_nc_zt=24&_nc_ht=scontent-ams2-1.cdninstagram.com&_nc_ss=7b6a8&oh=00_Af8RvMF4pDPadz2J9pfveN8s41hem_lyRi7Lkmnrk2MqsA&oe=6A2C1694,ro_by9163,https://www.instagram.com/ro_by9163,mozzarella,0,0,2026-05-25T18:46:55.000Z,18118574227796158,62293897067,2026-06-08T05:00:28.250Z,https://www.instagram.com/p/DYwzWgzjEDa
https://scontent-ams2-1.cdninstagram.com/v/t51.82787-19/550674346_18524330755014982_6070677833601914321_n.jpg?stp=dst-jpg_s150x150_tt6&_nc_cat=110&ccb=7-5&_nc_sid=f7ccc5&efg=eyJ2ZW5jb2RlX3RhZyI6InByb2ZpbGVfcGljLnd3dy4xMDgwLkMzIn0%3D&_nc_ohc=TvvL564-4IMQ7kNvwGCRMb4&_nc_oc=AdpXwze43_zypykgcDD0J7GGsG6SdSvL3Bwwi9mynYpXYpxfJJaXxWoMMyzxglFKCG8&_nc_zt=24&_nc_ht=scontent-ams2-1.cdninstagram.com&_nc_gid=w0KNZc1mFEUS_LYIsJKUvQ&_nc_ss=7b6a8&oh=00_Af97JrTTxoip9dOpmwAa4cNasYnf3FnF2_KwNFl8io7Qkg&oe=6A2C0C15,cinziamilazzo,https://www.instagram.com/cinziamilazzo,STRACCHINO❤️#prodottomisteriosopenny#accettoregolamento#holettoprivacypolicy,0,0,2026-05-25T13:35:14.000Z,18075070244284296,1199566981,2026-06-08T05:00:28.250Z,https://www.instagram.com/p/DYwzWgzjEDa
https://scontent-ams2-1.cdninstagram.com/v/t51.82787-19/650101594_17988484622956393_2021694679166500596_n.jpg?stp=dst-jpg_s150x150_tt6&_nc_cat=107&ccb=7-5&_nc_sid=f7ccc5&efg=eyJ2ZW5jb2RlX3RhZyI6InByb2ZpbGVfcGljLnd3dy4xMDgwLkMzIn0%3D&_nc_ohc=IiR0VFhdtmUQ7kNvwFZ6TrE&_nc_oc=Adqivv44VrFSVskA5_9vSCsvk3VKX6RyyV9jw7jSe_elTd_1b9vBZMRiAQuLBTYnApQ&_nc_zt=24&_nc_ht=scontent-ams2-1.cdninstagram.com&_nc_gid=w0KNZc1mFEUS_LYIsJKUvQ&_nc_ss=7b6a8&oh=00_Af-31cC-0gKmnmw4FHPUSNfTNDEDdnvwq9vVu_ZXyM3EQQ&oe=6A2C37D4,gabriellalegnani,https://www.instagram.com/gabriellalegnani,Stracchino VAL BONTÀ,0,0,2026-05-28T16:29:20.000Z,18092306792206428,58688948392,2026-06-08T05:00:28.250Z,https://www.instagram.com/p/DYwzWgzjEDa
https://scontent-ams2-1.cdninstagram.com/v/t51.2885-19/15876754_1640822626213797_6974757212002451456_n.jpg?stp=dst-jpg_s150x150_tt6&_nc_cat=108&ccb=7-5&_nc_sid=f7ccc5&efg=eyJ2ZW5jb2RlX3RhZyI6InByb2ZpbGVfcGljLnd3dy4xOTMuQzMifQ%3D%3D&_nc_ohc=8fLfgbmpbwIQ7kNvwHy9L5Z&_nc_oc=AdqZVUzDmiI_MKF6Aw1L023xVNWGc37tsSbD93MP4Ct6JnIDJzh1Q7aHgP_EA2jvruw&_nc_zt=24&_nc_ht=scontent-ams2-1.cdninstagram.com&_nc_ss=7b6a8&oh=00_Af_NXhJiIwq9bz712xS1GW75y3PcJfaIuk4rNGo348mWfw&oe=6A2C0B3B,costanzo1969,https://www.instagram.com/costanzo1969,Ricotta,0,0,2026-05-27T06:48:29.000Z,18076066949397471,4385826074,2026-06-08T05:00:28.250Z,https://www.instagram.com/p/DYwzWgzjEDa
https://scontent-ams2-1.cdninstagram.com/v/t51.2885-19/455698204_872445930884153_952783799355308740_n.jpg?stp=dst-jpg_s150x150_tt6&_nc_cat=102&ccb=7-5&_nc_sid=f7ccc5&efg=eyJ2ZW5jb2RlX3RhZyI6InByb2ZpbGVfcGljLnd3dy4xMDgwLkMzIn0%3D&_nc_ohc=kTbmcjro17YQ7kNvwE8G_h-&_nc_oc=Adorf8ZMeCyQk26Z3VSm9KjaQ-qKjYhOotQMy77ZKFAVTdi_kfMhHckCzq7z8x1AXzg&_nc_zt=24&_nc_ht=scontent-ams2-1.cdninstagram.com&_nc_ss=7b6a8&oh=00_Af_ccu1ziy1qsR0SYSplhWtzUDQz9KgEvC1U5lw5EzM7Jw&oe=6A2C0C53,_moira_68,https://www.instagram.com/_moira_68,Ricotta,0,0,2026-05-26T15:46:49.000Z,18117615619682736,6327906153,2026-06-08T05:00:28.250Z,https://www.instagram.com/p/DYwzWgzjEDa
https://scontent-ams2-1.cdninstagram.com/v/t51.82787-19/660167787_18524763610078129_3069239844232751763_n.jpg?stp=dst-jpg_s150x150_tt6&_nc_cat=107&ccb=7-5&_nc_sid=f7ccc5&efg=eyJ2ZW5jb2RlX3RhZyI6InByb2ZpbGVfcGljLnd3dy4xMDgwLkMzIn0%3D&_nc_ohc=JgBvmW8fPxMQ7kNvwEuBdnW&_nc_oc=AdpMnW4IWEfw-xtL90G7-e8kMLe-eKIflqDc5PA3CLwagUP72tpefFC05MtnYC-WClg&_nc_zt=24&_nc_ht=scontent-ams2-1.cdninstagram.com&_nc_gid=w0KNZc1mFEUS_LYIsJKUvQ&_nc_ss=7b6a8&oh=00_Af95-zKpjCGHViqe4j-ZFgLu_SXU1XjSu1-22imunCbAdQ&oe=6A2C1AF3,little_assu,https://www.instagram.com/little_assu,Ricotta,0,0,2026-05-26T08:33:38.000Z,18085213688419712,2268158128,2026-06-08T05:00:28.250Z,https://www.instagram.com/p/DYwzWgzjEDa
https://scontent-ams2-1.cdninstagram.com/v/t51.2885-19/447278138_360879407011740_288428966296035181_n.jpg?stp=dst-jpg_s150x150_tt6&_nc_cat=101&ccb=7-5&_nc_sid=f7ccc5&efg=eyJ2ZW5jb2RlX3RhZyI6InByb2ZpbGVfcGljLnd3dy45NDkuQzMifQ%3D%3D&_nc_ohc=fKSyFGy3dYoQ7kNvwGx3JrT&_nc_oc=Adp39gTAEEIS4YH7mgOBNclpN56WFkKd3lRxxa9A9N0bu5Bx_ZS3u2EFxfEHGVpI314&_nc_zt=24&_nc_ht=scontent-ams2-1.cdninstagram.com&_nc_ss=7b6a8&oh=00_Af-88TpshyrvZ35PYlxpMgUtXM-WUGGsZJNRPmGeEv8HYA&oe=6A2C03BF,domenico1835,https://www.instagram.com/domenico1835,Ricotta o stracchino  #PRODOTTOMISTERIOSOPENNY  #ACCETTOREGOLAMENTO  #HOLETTOPRIVACYPOLICY,0,0,2026-05-28T08:49:16.000Z,18140259361469538,11539782091,2026-06-08T05:00:28.250Z,https://www.instagram.com/p/DYwzWgzjEDa
https://scontent-ams2-1.cdninstagram.com/v/t51.2885-19/101454720_2639248652991202_5227180352639860736_n.jpg?stp=dst-jpg_s150x150_tt6&_nc_cat=109&ccb=7-5&_nc_sid=f7ccc5&efg=eyJ2ZW5jb2RlX3RhZyI6InByb2ZpbGVfcGljLnd3dy4xMDgwLkMzIn0%3D&_nc_ohc=wDACv1nhBH0Q7kNvwHeYHp_&_nc_oc=AdrzU5vJ25MFYPoF0cHl_dKxcw75w3t1NDF8GgaRDkisYFmggO_DZ509FoEP_cbAgOg&_nc_zt=24&_nc_ht=scontent-ams2-1.cdninstagram.com&_nc_ss=7b6a8&oh=00_Af8VpIxNgZxzkWaULf2Y91nf6NX0Rc6jKEAyAcuPVOJYow&oe=6A2C055B,vanessa14574,https://www.instagram.com/vanessa14574,Ricotta! #prodottomidteriosopenny #accettoregolamento #holettoprivacypolicy,0,0,2026-05-25T15:15:45.000Z,18136683022535786,9252689533,2026-06-08T05:00:28.250Z,https://www.instagram.com/p/DYwzWgzjEDa
https://scontent-ams2-1.cdninstagram.com/v/t51.2885-19/25017374_1663801070307420_6735864237576421376_n.jpg?stp=dst-jpg_s150x150_tt6&_nc_cat=101&ccb=7-5&_nc_sid=f7ccc5&efg=eyJ2ZW5jb2RlX3RhZyI6InByb2ZpbGVfcGljLnd3dy4xMDgwLkMzIn0%3D&_nc_ohc=lSXRYTPW24oQ7kNvwHlx8Cv&_nc_oc=AdpCIrVgx7bXb5clTZ4HP89Q9weX6fL8f9cGIb1_WvWSOuIsB98YPGoDTowfaa5XJ7s&_nc_zt=24&_nc_ht=scontent-ams2-1.cdninstagram.com&_nc_ss=7b6a8&oh=00_Af-AiOn5kV0lS-laj8BWD5bKbzrl22yn0sXtjFxjKxRe4A&oe=6A2C165F,milenamo57,https://www.instagram.com/milenamo57,Stracchino val bontà..#PRODOTTOMISTERIOSOPENNY.#ACCETTOREGOLAMENTO.#HOLETTOPRIVACYPOLICY,0,0,2026-05-27T11:39:30.000Z,17887653276550093,6812024602,2026-06-08T05:00:28.250Z,https://www.instagram.com/p/DYwzWgzjEDa
https://scontent-ams2-1.cdninstagram.com/v/t51.2885-19/59447163_2288469181215203_723050889513795584_n.jpg?stp=dst-jpg_s150x150_tt6&_nc_cat=110&ccb=7-5&_nc_sid=f7ccc5&efg=eyJ2ZW5jb2RlX3RhZyI6InByb2ZpbGVfcGljLnd3dy4xMDgwLkMzIn0%3D&_nc_ohc=z-2I6GyHOn4Q7kNvwHhbXKV&_nc_oc=AdrJBGYlWtkktBaJqs4iPVVEJG0QMsjO_YGKozoH0AD3hEdLCmXBBjEb-1dVnEtYRlA&_nc_zt=24&_nc_ht=scontent-ams2-1.cdninstagram.com&_nc_ss=7b6a8&oh=00_Af8BUPFL9_IqFUTC6TcFtKPb9tKve_oTSsOfaDP1SYSN4g&oe=6A2C2E7C,nocerinoimmacolata,https://www.instagram.com/nocerinoimmacolata,Penso che sia Filadelfia 🩵,0,0,2026-05-26T11:23:51.000Z,17892398634498327,5740302563,2026-06-08T05:00:28.250Z,https://www.instagram.com/p/DYwzWgzjEDa
https://scontent-ams2-1.cdninstagram.com/v/t51.2885-19/369976337_1293699574602185_5917992597848423506_n.jpg?stp=dst-jpg_s150x150_tt6&_nc_cat=108&ccb=7-5&_nc_sid=f7ccc5&efg=eyJ2ZW5jb2RlX3RhZyI6InByb2ZpbGVfcGljLnd3dy43NjguQzMifQ%3D%3D&_nc_ohc=3ogQFbhtJO0Q7kNvwHVONVQ&_nc_oc=AdpL1Np9g75pVHz9gbReqU806z8BPUIxsEh3cXvk71S1fV8O19z26ZQKONY9p4uB0gU&_nc_zt=24&_nc_ht=scontent-ams2-1.cdninstagram.com&_nc_ss=7b6a8&oh=00_Af91yOfW9Bj3St8SNwr0MVwwYlRXSwHuDHNJ3Td6PHqw6g&oe=6A2C15C5,carmelaielmi,https://www.instagram.com/carmelaielmi,Stracchino. #prodottomisteriosoPENNY #accettoregolamento #holettoprivacypolicy . Partecipo e spero 🤞,0,0,2026-05-27T22:18:46.000Z,18015250697887028,526741898,2026-06-08T05:00:28.250Z,https://www.instagram.com/p/DYwzWgzjEDa
https://scontent-ams2-1.cdninstagram.com/v/t51.82787-19/683750684_18575489770040845_2186868184584167013_n.jpg?stp=dst-jpg_s150x150_tt6&_nc_cat=111&ccb=7-5&_nc_sid=f7ccc5&efg=eyJ2ZW5jb2RlX3RhZyI6InByb2ZpbGVfcGljLnd3dy4xMDgwLkMzIn0%3D&_nc_ohc=7pT11LUvLFYQ7kNvwGivHKI&_nc_oc=AdpmqI5arsYJ7h_tYMrqCoP5q_84MnVqPRWmdrkpr0pJGaGMLzhJ0HsomEaFfVZXY5s&_nc_zt=24&_nc_ht=scontent-ams2-1.cdninstagram.com&_nc_gid=w0KNZc1mFEUS_LYIsJKUvQ&_nc_ss=7b6a8&oh=00_Af-i7aPUnKcPZaz49IIcV7r07OecTcq9ZIVrTCaUVYdvFA&oe=6A2C1C4B,saramozzato90,https://www.instagram.com/saramozzato90,Fresco spalmabile Val bontà #prodottomisteriosopenny #accettoregolamento #holettoprivacypolicy  @mariangela_matera,0,0,2026-05-30T07:04:05.000Z,18103005509009878,246824844,2026-06-08T05:00:28.250Z,https://www.instagram.com/p/DYwzWgzjEDa
https://scontent-ams2-1.cdninstagram.com/v/t51.2885-19/66462815_655206061659938_1989164728198365184_n.jpg?stp=dst-jpg_s150x150_tt6&_nc_cat=102&ccb=7-5&_nc_sid=f7ccc5&efg=eyJ2ZW5jb2RlX3RhZyI6InByb2ZpbGVfcGljLnd3dy4xMDgwLkMzIn0%3D&_nc_ohc=vE-o92_x6N4Q7kNvwFJ_7LO&_nc_oc=AdrB3vsgUqN33NxK82hJhtQaGgF9B5Q3jX-bNsjP8iKn5NjBgJpuCHdECeCmi0lNw_g&_nc_zt=24&_nc_ht=scontent-ams2-1.cdninstagram.com&_nc_ss=7b6a8&oh=00_Af_Kc4mDLzCNKasg6QlUYHcBB9IaVqMo8MvFTHoHmaUTGQ&oe=6A2C2B6F,pippa_fas,https://www.instagram.com/pippa_fas,Stracchino val bontà 🤞#prodottomisteriosopenny #accettoregolamento #holettoprivacypolicy,0,0,2026-05-27T09:47:48.000Z,18080646200541545,8371157062,2026-06-08T05:00:33.093Z,https://www.instagram.com/p/DYwzWgzjEDa
https://scontent-ams2-1.cdninstagram.com/v/t51.2885-19/449139146_439397638861655_7202023708486534234_n.jpg?stp=dst-jpg_s150x150_tt6&_nc_cat=103&ccb=7-5&_nc_sid=f7ccc5&efg=eyJ2ZW5jb2RlX3RhZyI6InByb2ZpbGVfcGljLnd3dy43MzYuQzMifQ%3D%3D&_nc_ohc=WCh11mHtvBEQ7kNvwHdfpZZ&_nc_oc=Adpza621tXf28RQI5tbYiNAPFDtHnwmpNg5HID2fxuvgU9yV8pqhcXNOcO8kcdEoAnU&_nc_zt=24&_nc_ht=scontent-ams2-1.cdninstagram.com&_nc_ss=7b6a8&oh=00_Af_qwQuWvx3isyWJpbKEmjXut2185Rw3Z30M2T2Chm8m4Q&oe=6A2C1C87,ritadincecco,https://www.instagram.com/ritadincecco,Stracchino,0,0,2026-05-25T15:53:53.000Z,18322551085283947,6295191551,2026-06-08T05:00:33.093Z,https://www.instagram.com/p/DYwzWgzjEDa
https://scontent-ams2-1.cdninstagram.com/v/t51.2885-19/29403809_1992663004382544_1795506297794199552_n.jpg?stp=dst-jpg_s150x150_tt6&_nc_cat=101&ccb=7-5&_nc_sid=f7ccc5&efg=eyJ2ZW5jb2RlX3RhZyI6InByb2ZpbGVfcGljLnd3dy4xNzguQzMifQ%3D%3D&_nc_ohc=kM46E8Bc4jwQ7kNvwE_bkjP&_nc_oc=AdpdTy-hgxvDK8EhnSfW0Txz3na2OKc-8q1rKCdVPuO3omzBv60sUablTO7G5kAm3f0&_nc_zt=24&_nc_ht=scontent-ams2-1.cdninstagram.com&_nc_ss=7b6a8&oh=00_Af99KJgFg1WPOsQLZZZ_b15RdWglXefdUADdcuwdExxAHw&oe=6A2C10F0,mariangela_matera,https://www.instagram.com/mariangela_matera,Fresco spalmabile val bontà #prodottomisteriosopenny #accettoregolamento #holettoprivacypolicy @saramozzato90,0,0,2026-05-30T06:10:03.000Z,17890566087476951,7424443887,2026-06-08T05:00:33.093Z,https://www.instagram.com/p/DYwzWgzjEDa
https://scontent-ams2-1.cdninstagram.com/v/t51.2885-19/321156178_211416717960375_1390463953050768361_n.jpg?stp=dst-jpg_s150x150_tt6&_nc_cat=104&ccb=7-5&_nc_sid=f7ccc5&efg=eyJ2ZW5jb2RlX3RhZyI6InByb2ZpbGVfcGljLnd3dy4xMDgwLkMzIn0%3D&_nc_ohc=GHu9K7hDe0kQ7kNvwEZnA9W&_nc_oc=AdopGhgqj0sdMzi5Oj4q09FTaNxxQa29IUP2a51E15uXel1AVIVZxksVsN1c08tYI3s&_nc_zt=24&_nc_ht=scontent-ams2-1.cdninstagram.com&_nc_ss=7b6a8&oh=00_Af8dshKrTmyywoL8mqxwozEb6nJkht-OBsNZWGFG91hzsg&oe=6A2C388E,deliziedigina,https://www.instagram.com/deliziedigina,Stracchino,0,0,2026-05-25T14:36:48.000Z,18118157947707649,57278135619,2026-06-08T05:00:33.093Z,https://www.instagram.com/p/DYwzWgzjEDa
https://scontent-ams2-1.cdninstagram.com/v/t51.2885-19/62072574_695409334212626_746192383758041088_n.jpg?stp=dst-jpg_s150x150_tt6&_nc_cat=103&ccb=7-5&_nc_sid=f7ccc5&efg=eyJ2ZW5jb2RlX3RhZyI6InByb2ZpbGVfcGljLnd3dy4xMDgwLkMzIn0%3D&_nc_ohc=PvyHaqv__GMQ7kNvwG0tLFf&_nc_oc=AdqgjRcanWLXKw6n6b_5_-CxLiOPhnFhEqakCy1iRRRHlROYnBzHEKHrTWFbKYKdeoQ&_nc_zt=24&_nc_ht=scontent-ams2-1.cdninstagram.com&_nc_ss=7b6a8&oh=00_Af_xfFmbFC1wbqn1ruyIujGlXJ3k4Q3z1drWhxr5StUPZg&oe=6A2C2D97,simonagallori,https://www.instagram.com/simonagallori,Stracchino,0,0,2026-05-25T13:50:00.000Z,17968911683908490,9258967646,2026-06-08T05:00:33.093Z,https://www.instagram.com/p/DYwzWgzjEDa
https://scontent-ams2-1.cdninstagram.com/v/t51.75761-19/498695903_17842921716493472_7418571979718166929_n.jpg?stp=dst-jpg_s150x150_tt6&_nc_cat=103&ccb=7-5&_nc_sid=f7ccc5&efg=eyJ2ZW5jb2RlX3RhZyI6InByb2ZpbGVfcGljLnd3dy4xMDc4LkMzIn0%3D&_nc_ohc=1W4hzGZYQwcQ7kNvwGYs4Aa&_nc_oc=AdowqRLeVwYqQWQtZ_kLBnvVZzlELeqvvtx1fPhiuYKWIa0X5h5-Oe9nFwpQN1OWNhU&_nc_zt=24&_nc_ht=scontent-ams2-1.cdninstagram.com&_nc_gid=4RSBXqe24lI1nayldCrGrg&_nc_ss=7b6a8&oh=00_Af9rD6kBSSiI5amjajQY3uM17k1_7dh5llkvtwUT_XLTHw&oe=6A2C1648,ritaunadilettanteincucina,https://www.instagram.com/ritaunadilettanteincucina,Burrata,0,0,2026-05-27T10:20:14.000Z,18081319103175114,74714309471,2026-06-08T05:00:33.093Z,https://www.instagram.com/p/DYwzWgzjEDa
https://scontent-ams2-1.cdninstagram.com/v/t51.2885-19/475986581_952799956984892_6434865015249279399_n.jpg?stp=dst-jpg_s150x150_tt6&_nc_cat=107&ccb=7-5&_nc_sid=f7ccc5&efg=eyJ2ZW5jb2RlX3RhZyI6InByb2ZpbGVfcGljLnd3dy41NjguQzMifQ%3D%3D&_nc_ohc=0ml6Nmubw84Q7kNvwG_D_qL&_nc_oc=AdrnldY3YNem5UKMHOh0MZ1WgSSThU_KQfCs63SZwv_vij-ykZKLcdaMj78UKiEYU84&_nc_zt=24&_nc_ht=scontent-ams2-1.cdninstagram.com&_nc_ss=7b6a8&oh=00_Af9FMdhedYmMNC3aMro_TCaTzb7YhOnJW7JohfDHtxIPsA&oe=6A2C2653,dellorussodonatella,https://www.instagram.com/dellorussodonatella,Stracchino,0,0,2026-05-25T13:38:20.000Z,17925464106342168,5463174258,2026-06-08T05:00:33.093Z,https://www.instagram.com/p/DYwzWgzjEDa
https://scontent-ams2-1.cdninstagram.com/v/t51.2885-19/434219896_816871150481346_6349136204744577379_n.jpg?stp=dst-jpg_s150x150_tt6&_nc_cat=106&ccb=7-5&_nc_sid=f7ccc5&efg=eyJ2ZW5jb2RlX3RhZyI6InByb2ZpbGVfcGljLnd3dy43MjAuQzMifQ%3D%3D&_nc_ohc=pZYeVt7tgHgQ7kNvwFbWVTn&_nc_oc=AdpQuKeecikeLVtr5NZQz6p99YscKzKMlMAP_xF0uv-BmaiY-AsrbzMNxvC33PrE_-E&_nc_zt=24&_nc_ht=scontent-ams2-1.cdninstagram.com&_nc_ss=7b6a8&oh=00_Af9WCEIacQFLKCJufl8jM4zfvV5uTaHa7tzRX-A0BZ2bAA&oe=6A2C0832,cin_fab,https://www.instagram.com/cin_fab,Stracchino,0,0,2026-05-25T19:30:53.000Z,18008293925911845,1436270291,2026-06-08T05:00:33.093Z,https://www.instagram.com/p/DYwzWgzjEDa
https://scontent-ams2-1.cdninstagram.com/v/t51.82787-19/528599285_18496433881071723_7732754675782395363_n.jpg?stp=dst-jpg_s150x150_tt6&_nc_cat=107&ccb=7-5&_nc_sid=f7ccc5&efg=eyJ2ZW5jb2RlX3RhZyI6InByb2ZpbGVfcGljLnd3dy4xMDgwLkMzIn0%3D&_nc_ohc=ntitgGTciBkQ7kNvwEx_dmX&_nc_oc=AdowoGbBvVVSxPD-ry1Un7jN9XVW8ShcPIRTPXUBtFvFy5MXNfnz_BwBcm42-TMDkTk&_nc_zt=24&_nc_ht=scontent-ams2-1.cdninstagram.com&_nc_gid=4RSBXqe24lI1nayldCrGrg&_nc_ss=7b6a8&oh=00_Af-wfgcIunfAU-cvl00BMB6iRU_RSULW4jgKlRgGZ0C90w&oe=6A2C2FD3,clarissaalbarelli,https://www.instagram.com/clarissaalbarelli,Stracchino,0,0,2026-05-25T20:28:12.000Z,18091547054355240,2097807722,2026-06-08T05:00:33.093Z,https://www.instagram.com/p/DYwzWgzjEDa
https://scontent-ams2-1.cdninstagram.com/v/t51.82787-19/539803721_18278971120272119_9070742608651946813_n.jpg?stp=dst-jpg_s150x150_tt6&_nc_cat=101&ccb=7-5&_nc_sid=f7ccc5&efg=eyJ2ZW5jb2RlX3RhZyI6InByb2ZpbGVfcGljLnd3dy4xMDgwLkMzIn0%3D&_nc_ohc=zmSTAfU3EokQ7kNvwEzFjvM&_nc_oc=AdqvvbY4wK-7oQKw-gB7vgAOr1Lw3iNMpfspt_KHvXmnZqj5CwiIvhKU4zgBxgVqIBI&_nc_zt=24&_nc_ht=scontent-ams2-1.cdninstagram.com&_nc_gid=4RSBXqe24lI1nayldCrGrg&_nc_ss=7b6a8&oh=00_Af_qbH7Jgl6kCu-y6zt2jEoK6UnzPiMlJameg1fC68jXZA&oe=6A2C3015,sabrinatommasin,https://www.instagram.com/sabrinatommasin,Stracchino Valbonta # prodotto misteriosopenniy #ACCETTOREGOLAMeNTO#hollettprivacypolicy,0,0,2026-05-26T12:08:33.000Z,17883938160416827,8259528118,2026-06-08T05:00:33.093Z,https://www.instagram.com/p/DYwzWgzjEDa
https://scontent-ams2-1.cdninstagram.com/v/t51.2885-19/403986243_1728799684284280_5428792306828059326_n.jpg?stp=dst-jpg_s150x150_tt6&_nc_cat=104&ccb=7-5&_nc_sid=f7ccc5&efg=eyJ2ZW5jb2RlX3RhZyI6InByb2ZpbGVfcGljLnd3dy4xMDgwLkMzIn0%3D&_nc_ohc=jKBuEorx03kQ7kNvwHkD6TZ&_nc_oc=Adpf5JuJxeUuAXg07Y7XokBihA_iENoj7mep6Qqoqc8RCA7ip7wOV-7c1WH-AeMFisc&_nc_zt=24&_nc_ht=scontent-ams2-1.cdninstagram.com&_nc_ss=7b6a8&oh=00_Af_xoTSfKqRikJrrkszZ3vJXYAbXILZHTddZMHIU3Makuw&oe=6A2C120F,sabrista98,https://www.instagram.com/sabrista98,Stracchino #PRODOTTOMISTERIOSOPENNY #accettoregolamento #holettoprivacypolicy,0,0,2026-05-26T18:57:35.000Z,17941447698218818,63391107379,2026-06-08T05:00:33.093Z,https://www.instagram.com/p/DYwzWgzjEDa
https://scontent-ams2-1.cdninstagram.com/v/t51.2885-19/14279040_1102476969820212_379265810_a.jpg?_nc_cat=108&ccb=7-5&_nc_sid=f7ccc5&efg=eyJ2ZW5jb2RlX3RhZyI6InByb2ZpbGVfcGljLnd3dy4xNTAuQzMifQ%3D%3D&_nc_ohc=NlO09EyN8IsQ7kNvwHZq3Wg&_nc_oc=AdqgnNdMgUperm2czHZGDkdLB-0ZCJ6ynwGis-y6rMPFo29XFtq2Y7XN26fDGqmFgrE&_nc_zt=24&_nc_ht=scontent-ams2-1.cdninstagram.com&_nc_ss=7b6a8&oh=00_Af9VePPAK-tzCBRbA__rw4rOxKuq5GvrvcHotqQyMNrLuQ&oe=6A2C243D,mony72d,https://www.instagram.com/mony72d,Formaggio spalmabile,0,0,2026-05-25T13:09:40.000Z,18124673143713019,3913070336,2026-06-08T05:00:33.093Z,https://www.instagram.com/p/DYwzWgzjEDa
https://scontent-ams2-1.cdninstagram.com/v/t51.2885-19/292957642_1196790381170996_555085724480939069_n.jpg?stp=dst-jpg_s150x150_tt6&_nc_cat=102&ccb=7-5&_nc_sid=f7ccc5&efg=eyJ2ZW5jb2RlX3RhZyI6InByb2ZpbGVfcGljLnd3dy4zMjAuQzMifQ%3D%3D&_nc_ohc=5_J3oM3xOPoQ7kNvwFQVh_i&_nc_oc=AdqHf7IPw0vIeD0G_Bn0UrUoJzKK9PTaXuHcMwjEaQvQD32rQphZDShY2htVVoRjRYk&_nc_zt=24&_nc_ht=scontent-ams2-1.cdninstagram.com&_nc_ss=7b6a8&oh=00_Af9FfxSHattvnWAjgTNUAVqZNjgGqR2LXAjDU-GykN2Wjw&oe=6A2C2564,ales.sandravolpe,https://www.instagram.com/ales.sandravolpe,Formaggio fresco spalmabile,0,0,2026-05-27T19:01:56.000Z,18103283452996859,6088239560,2026-06-08T05:00:33.093Z,https://www.instagram.com/p/DYwzWgzjEDa
https://scontent-ams2-1.cdninstagram.com/v/t51.82787-19/543392288_18283221238257326_718302377243017541_n.jpg?stp=dst-jpg_s150x150_tt6&_nc_cat=103&ccb=7-5&_nc_sid=f7ccc5&efg=eyJ2ZW5jb2RlX3RhZyI6InByb2ZpbGVfcGljLnd3dy44MDAuQzMifQ%3D%3D&_nc_ohc=6Q3RUXUMyGkQ7kNvwEd7gjU&_nc_oc=Adr-GOInYaqDu3gUHs1Y_wyFlmpdNS3_-TzQKnQT2VC4iZklYLXgjdK6kHdNJ3EfY3Y&_nc_zt=24&_nc_ht=scontent-ams2-1.cdninstagram.com&_nc_gid=4RSBXqe24lI1nayldCrGrg&_nc_ss=7b6a8&oh=00_Af92yiUSLqFlU-xVloj2LjJQt9wkLEoA75BJoxiAopHIiw&oe=6A2C2CA7,persicoluciana8,https://www.instagram.com/persicoluciana8,Formaggio molle morbido,0,0,2026-05-26T11:31:24.000Z,18103376272818920,7842825325,2026-06-08T05:00:33.093Z,https://www.instagram.com/p/DYwzWgzjEDa
https://scontent-ams2-1.cdninstagram.com/v/t51.89012-19/573323465_1219825463302212_7278921664109726296_n.jpg?stp=dst-jpg_s150x150_tt6&_nc_cat=1&ccb=7-5&_nc_sid=f7ccc5&efg=eyJ2ZW5jb2RlX3RhZyI6InByb2ZpbGVfcGljLnd3dy5DMyJ9&_nc_ohc=YQQEIw1CjK0Q7kNvwGGNPon&_nc_oc=Adp7JMSj7AOEo1lF5QYw3Jy1M1xQO7rN0cMzWMAfIgmY47pgvLcGGpfiNyLdn_i3N0A&_nc_zt=24&_nc_ht=scontent-ams2-1.cdninstagram.com&_nc_gid=4RSBXqe24lI1nayldCrGrg&_nc_ss=7b6a8&oh=00_Af9IdiBPfKsMK8NGhPHVq1oqVTbdKKelJ-a5ow_P1qeoOg&oe=6A2C03A2,simo.puzzovio,https://www.instagram.com/simo.puzzovio,Stracciatella,0,0,2026-05-26T17:36:16.000Z,18113071201847245,2069544141,2026-06-08T05:00:33.093Z,https://www.instagram.com/p/DYwzWgzjEDa
https://scontent-ams2-1.cdninstagram.com/v/t51.2885-19/52969796_405257990285050_3846051855318646784_n.jpg?stp=dst-jpg_s150x150_tt6&_nc_cat=110&ccb=7-5&_nc_sid=f7ccc5&efg=eyJ2ZW5jb2RlX3RhZyI6InByb2ZpbGVfcGljLnd3dy40NzMuQzMifQ%3D%3D&_nc_ohc=SUnA3uFqYNUQ7kNvwEfhlLm&_nc_oc=AdpCK_-QQdaA8Vm6E3m5DTGgeOd6oVbGgNsJw0YmySmv6Aj3T6FuJ9IiZ21S-jhrIbk&_nc_zt=24&_nc_ht=scontent-ams2-1.cdninstagram.com&_nc_ss=7b6a8&oh=00_Af9DJYKkKWH91rJ-LSeeKDHXOj-t-GZWRz8035H89FdG9w&oe=6A2C1A20,tella7178,https://www.instagram.com/tella7178,Stracchino,0,0,2026-05-26T09:44:05.000Z,17928774141292664,12293624721,2026-06-08T05:00:38.043Z,https://www.instagram.com/p/DYwzWgzjEDa
https://scontent-ams2-1.cdninstagram.com/v/t51.82787-19/540911472_18317693194212014_5876858089357005835_n.jpg?stp=dst-jpg_s150x150_tt6&_nc_cat=107&ccb=7-5&_nc_sid=f7ccc5&efg=eyJ2ZW5jb2RlX3RhZyI6InByb2ZpbGVfcGljLnd3dy4xMDI0LkMzIn0%3D&_nc_ohc=FXRA4nQ_uskQ7kNvwH-kzJY&_nc_oc=AdpQQFK81scbCum3tbAofYmKDHbWjQGYtI__uzUjVgqx7LV7QWb4YWo5gqrGDX1eba4&_nc_zt=24&_nc_ht=scontent-ams2-1.cdninstagram.com&_nc_gid=TlG58ZMRXHSGf_89yzn92A&_nc_ss=7b6a8&oh=00_Af95hCNvrq84AGxy4qZfwTNzJrBq2h-936-G2UportZaXw&oe=6A2C3204,aurilia.angela,https://www.instagram.com/aurilia.angela,Stracchino,0,0,2026-05-26T13:29:48.000Z,18065150765416327,6273388013,2026-06-08T05:00:38.043Z,https://www.instagram.com/p/DYwzWgzjEDa
https://scontent-ams2-1.cdninstagram.com/v/t51.2885-19/455027275_1517354782245944_375442720507223310_n.jpg?stp=dst-jpg_s150x150_tt6&_nc_cat=104&ccb=7-5&_nc_sid=f7ccc5&efg=eyJ2ZW5jb2RlX3RhZyI6InByb2ZpbGVfcGljLnd3dy41MTIuQzMifQ%3D%3D&_nc_ohc=7j9RosgEEgsQ7kNvwF_6Ka1&_nc_oc=AdqtQk_j7bKAlSy5YMwO_QIajkkd95QVVR6VOVXDwWm7TpkDBRy3yO0vNRsnR9g8WOI&_nc_zt=24&_nc_ht=scontent-ams2-1.cdninstagram.com&_nc_ss=7b6a8&oh=00_Af8neFbG5IdUSMecuQZaCLpSSddZ4nNTmiv2z35c18-yIA&oe=6A2C136C,santangelorosetta,https://www.instagram.com/santangelorosetta,Stracchino,0,0,2026-05-26T12:52:56.000Z,17929802619297011,3249210777,2026-06-08T05:00:38.043Z,https://www.instagram.com/p/DYwzWgzjEDa
https://scontent-ams2-1.cdninstagram.com/v/t51.89012-19/573323465_1219825463302212_7278921664109726296_n.jpg?stp=dst-jpg_s150x150_tt6&_nc_cat=1&ccb=7-5&_nc_sid=f7ccc5&efg=eyJ2ZW5jb2RlX3RhZyI6InByb2ZpbGVfcGljLnd3dy5DMyJ9&_nc_ohc=YQQEIw1CjK0Q7kNvwGGNPon&_nc_oc=Adp7JMSj7AOEo1lF5QYw3Jy1M1xQO7rN0cMzWMAfIgmY47pgvLcGGpfiNyLdn_i3N0A&_nc_zt=24&_nc_ht=scontent-ams2-1.cdninstagram.com&_nc_gid=TlG58ZMRXHSGf_89yzn92A&_nc_ss=7b6a8&oh=00_Af8KJ6ApGvCxYAwXkwZ7ser2iWIM5WzkMTfrXwHKEyXnvw&oe=6A2C03A2,fontcarla69,https://www.instagram.com/fontcarla69,Stracchino,0,0,2026-05-26T14:06:33.000Z,18393224122080151,56232394169,2026-06-08T05:00:38.043Z,https://www.instagram.com/p/DYwzWgzjEDa
https://scontent-ams2-1.cdninstagram.com/v/t51.2885-19/365422345_1337117093681992_7261711534464362632_n.jpg?stp=dst-jpg_s150x150_tt6&_nc_cat=111&ccb=7-5&_nc_sid=f7ccc5&efg=eyJ2ZW5jb2RlX3RhZyI6InByb2ZpbGVfcGljLnd3dy43NjguQzMifQ%3D%3D&_nc_ohc=oIyO02Z9qNgQ7kNvwFkmwTI&_nc_oc=Adq0MFKB5hrucGDNrwtLq6bl5u_UMVqV5BRy85cDWbstAW5wpdnM_lvDRO9GD7DIm9U&_nc_zt=24&_nc_ht=scontent-ams2-1.cdninstagram.com&_nc_ss=7b6a8&oh=00_Af-TbYw4lKP76HlrWmEn_7Sh_B8475mdxHRM67Uc3k35ng&oe=6A2C152F,anna.romano.35380,https://www.instagram.com/anna.romano.35380,Yogurt greco,0,0,2026-05-26T12:36:32.000Z,18152115622470802,5755598296,2026-06-08T05:00:38.043Z,https://www.instagram.com/p/DYwzWgzjEDa
https://scontent-ams2-1.cdninstagram.com/v/t51.89012-19/573323465_1219825463302212_7278921664109726296_n.jpg?stp=dst-jpg_s150x150_tt6&_nc_cat=1&ccb=7-5&_nc_sid=f7ccc5&efg=eyJ2ZW5jb2RlX3RhZyI6InByb2ZpbGVfcGljLnd3dy5DMyJ9&_nc_ohc=YQQEIw1CjK0Q7kNvwGGNPon&_nc_oc=Adp7JMSj7AOEo1lF5QYw3Jy1M1xQO7rN0cMzWMAfIgmY47pgvLcGGpfiNyLdn_i3N0A&_nc_zt=24&_nc_ht=scontent-ams2-1.cdninstagram.com&_nc_gid=TlG58ZMRXHSGf_89yzn92A&_nc_ss=7b6a8&oh=00_Af8KJ6ApGvCxYAwXkwZ7ser2iWIM5WzkMTfrXwHKEyXnvw&oe=6A2C03A2,parraccu,https://www.instagram.com/parraccu,Stracchino,0,0,2026-05-27T13:43:36.000Z,18561224047067143,78757358386,2026-06-08T05:00:38.043Z,https://www.instagram.com/p/DYwzWgzjEDa
https://scontent-ams2-1.cdninstagram.com/v/t51.89012-19/573323465_1219825463302212_7278921664109726296_n.jpg?stp=dst-jpg_s150x150_tt6&_nc_cat=1&ccb=7-5&_nc_sid=f7ccc5&efg=eyJ2ZW5jb2RlX3RhZyI6InByb2ZpbGVfcGljLnd3dy5DMyJ9&_nc_ohc=YQQEIw1CjK0Q7kNvwGGNPon&_nc_oc=Adp7JMSj7AOEo1lF5QYw3Jy1M1xQO7rN0cMzWMAfIgmY47pgvLcGGpfiNyLdn_i3N0A&_nc_zt=24&_nc_ht=scontent-ams2-1.cdninstagram.com&_nc_gid=TlG58ZMRXHSGf_89yzn92A&_nc_ss=7b6a8&oh=00_Af8KJ6ApGvCxYAwXkwZ7ser2iWIM5WzkMTfrXwHKEyXnvw&oe=6A2C03A2,antoniomasi18,https://www.instagram.com/antoniomasi18,Stracchino,0,0,2026-05-27T12:54:39.000Z,18460171666128844,66355905909,2026-06-08T05:00:38.043Z,https://www.instagram.com/p/DYwzWgzjEDa
https://scontent-ams2-1.cdninstagram.com/v/t51.82787-19/528332204_17862933129446625_51343815351626857_n.jpg?stp=dst-jpg_s150x150_tt6&_nc_cat=103&ccb=7-5&_nc_sid=f7ccc5&efg=eyJ2ZW5jb2RlX3RhZyI6InByb2ZpbGVfcGljLnd3dy45NjAuQzMifQ%3D%3D&_nc_ohc=xSvL06LDtHYQ7kNvwHaEgRw&_nc_oc=AdopQTvY45xdhv7NG4eSIM6avEqBXy2MEN-7f9IgpEeq2ThmET1jX_MCwolHMEFNoNs&_nc_zt=24&_nc_ht=scontent-ams2-1.cdninstagram.com&_nc_gid=TlG58ZMRXHSGf_89yzn92A&_nc_ss=7b6a8&oh=00_Af-6FiywUnxnjjI2pbIpVBUD3oH_tk9qoMGEYmlrj9vEyw&oe=6A2C3872,stefano.bellini.3572,https://www.instagram.com/stefano.bellini.3572,Stracchino,0,0,2026-05-27T15:42:27.000Z,18077514383674066,73398334624,2026-06-08T05:00:38.043Z,https://www.instagram.com/p/DYwzWgzjEDa
https://scontent-ams2-1.cdninstagram.com/v/t51.82787-19/704366819_18360518527231246_2199893396887363396_n.jpg?stp=dst-jpg_s150x150_tt6&_nc_cat=108&ccb=7-5&_nc_sid=f7ccc5&efg=eyJ2ZW5jb2RlX3RhZyI6InByb2ZpbGVfcGljLnd3dy4xMDgwLkMzIn0%3D&_nc_ohc=JQU7wfYVEV4Q7kNvwFrjuTT&_nc_oc=AdoSA7XpH5grcHDwsaDEsyRp65mcTdx2NacsLNZxO_llnq7tym2eYjD6YAyf4ar4ICU&_nc_zt=24&_nc_ht=scontent-ams2-1.cdninstagram.com&_nc_gid=TlG58ZMRXHSGf_89yzn92A&_nc_ss=7b6a8&oh=00_Af9Hg897KQNeSObe360A_0CdIqQSJaNhyT3Ej8a2zYsiZQ&oe=6A2C30B4,margheritaligato,https://www.instagram.com/margheritaligato,@margheritaligato stracchino,0,0,2026-05-26T21:22:40.000Z,18126048313528031,6942159245,2026-06-08T05:00:38.043Z,https://www.instagram.com/p/DYwzWgzjEDa
https://scontent-ams2-1.cdninstagram.com/v/t51.2885-19/19121117_1801374630177984_1980835201768488960_a.jpg?stp=dst-jpg_s150x150_tt6&_nc_cat=110&ccb=7-5&_nc_sid=f7ccc5&efg=eyJ2ZW5jb2RlX3RhZyI6InByb2ZpbGVfcGljLnd3dy4xMDgwLkMzIn0%3D&_nc_ohc=7IVjx_4Jho8Q7kNvwGt-NZm&_nc_oc=Adoc1BvrydRYQJNbi8iwpO3L-dAgGEVDyd451BoD1jHYgwK7pNY7XZN7z0sIv9-dtVE&_nc_zt=24&_nc_ht=scontent-ams2-1.cdninstagram.com&_nc_ss=7b6a8&oh=00_Af-7XAHPwAVNb81qzw4aiJv0i6R_OtlBKQXGf3Nb60rsKQ&oe=6A2C2388,patrizia_mancinetti,https://www.instagram.com/patrizia_mancinetti,Stracchino,0,0,2026-05-30T12:27:18.000Z,17964180257934355,5616132844,2026-06-08T05:00:38.043Z,https://www.instagram.com/p/DYwzWgzjEDa
https://scontent-ams2-1.cdninstagram.com/v/t51.82787-19/705046385_18407135077145877_3771477491636701808_n.jpg?stp=dst-jpg_s150x150_tt6&_nc_cat=100&ccb=7-5&_nc_sid=f7ccc5&efg=eyJ2ZW5jb2RlX3RhZyI6InByb2ZpbGVfcGljLnd3dy4xMDgwLkMzIn0%3D&_nc_ohc=Brs6K2pLvjQQ7kNvwHzUk3S&_nc_oc=AdplhYXm-542kvjy0N_h_oj-Qu8Af_FJdAa2Z3vRiFehDAJqQHkBCtZG-C4A0OoQsrA&_nc_zt=24&_nc_ht=scontent-ams2-1.cdninstagram.com&_nc_gid=TlG58ZMRXHSGf_89yzn92A&_nc_ss=7b6a8&oh=00_Af_Qg85ud35k2JKn2CsgsXls3b_J3Ttz3LDNqkff-FaYyQ&oe=6A2C2834,pasquinapugliese,https://www.instagram.com/pasquinapugliese,Stracchino val bontà #prodotto misteriosoPenny#accettoregolamento#holettoprivacypolicy,0,0,2026-05-26T04:52:35.000Z,18138600640531158,4397537876,2026-06-08T05:00:38.043Z,https://www.instagram.com/p/DYwzWgzjEDa
https://scontent-ams2-1.cdninstagram.com/v/t51.2885-19/463803106_852890480342366_3589393468086855475_n.jpg?stp=dst-jpg_s150x150_tt6&_nc_cat=105&ccb=7-5&_nc_sid=f7ccc5&efg=eyJ2ZW5jb2RlX3RhZyI6InByb2ZpbGVfcGljLnd3dy4xMDI0LkMzIn0%3D&_nc_ohc=p4RyP3DsSfQQ7kNvwFsVwgQ&_nc_oc=AdoP-NdtFAwQw-vqwi31fjVvJ8BhUCZkPCx_uLUsdWWxaz-uXyTMXvugx3XtcXzm5nM&_nc_zt=24&_nc_ht=scontent-ams2-1.cdninstagram.com&_nc_ss=7b6a8&oh=00_Af-IoY4vveUMqzn8_0zcKACAFdTr9JJwtaf_LwzmoHMZTA&oe=6A2C12C5,deborina86_,https://www.instagram.com/deborina86_,"Stracchino!! #prodottomisteriosoPENNY
#accettoregolamento
#holettoprivacypolicy",0,0,2026-05-27T02:12:22.000Z,17899553706452657,69725558166,2026-06-08T05:00:38.043Z,https://www.instagram.com/p/DYwzWgzjEDa
https://scontent-ams2-1.cdninstagram.com/v/t51.82787-19/670215210_17945079045156033_1844228158142274770_n.jpg?stp=dst-jpg_s150x150_tt6&_nc_cat=109&ccb=7-5&_nc_sid=f7ccc5&efg=eyJ2ZW5jb2RlX3RhZyI6InByb2ZpbGVfcGljLnd3dy42MDAuQzMifQ%3D%3D&_nc_ohc=uKeXhyc65MoQ7kNvwFJcUAd&_nc_oc=AdpxiGgZCkUER7qfm2ecnGM7Oblmck1CuqK8DHtWo-x2mwWiVPJvQGS7FODAGImv8x0&_nc_zt=24&_nc_ht=scontent-ams2-1.cdninstagram.com&_nc_gid=TlG58ZMRXHSGf_89yzn92A&_nc_ss=7b6a8&oh=00_Af84pmoyL22vzDkOk0sQ2dl2NnJiWXcSxcnNAcwE3_-U1A&oe=6A2C383D,narenthanil,https://www.instagram.com/narenthanil,Stracchino ValBontà 🔥 #prodottomisteriosoPENNY #accettoregolamento #holettoprivacypolicy,0,0,2026-05-26T16:07:45.000Z,18271099753295284,64668076032,2026-06-08T05:00:38.043Z,https://www.instagram.com/p/DYwzWgzjEDa
https://scontent-ams2-1.cdninstagram.com/v/t51.82787-19/640732969_18097167290489392_2279289341084214643_n.jpg?stp=dst-jpg_s150x150_tt6&_nc_cat=103&ccb=7-5&_nc_sid=f7ccc5&efg=eyJ2ZW5jb2RlX3RhZyI6InByb2ZpbGVfcGljLnd3dy4xMDgwLkMzIn0%3D&_nc_ohc=tR-l6It1DwMQ7kNvwGj7Lw7&_nc_oc=AdrlsFcFW_Fn_jpsh3ohXp-PE_hwznZNAhfm5aRk5mjBrTXwWXxGIRovpcJWuOgVNJE&_nc_zt=24&_nc_ht=scontent-ams2-1.cdninstagram.com&_nc_gid=TlG58ZMRXHSGf_89yzn92A&_nc_ss=7b6a8&oh=00_Af-neQrBBvV0gDy8umZDWa6O_oCxaxh7-UW_GKXAykhkag&oe=6A2C269C,daniela.asta.04,https://www.instagram.com/daniela.asta.04,#prodottomisteriosopenny #holettolaprivacy #ACCETTOREGOLAMENTO  lo stracchino,0,0,2026-05-25T15:23:58.000Z,18081453725179348,44726257391,2026-06-08T05:00:38.043Z,https://www.instagram.com/p/DYwzWgzjEDa
https://scontent-ams2-1.cdninstagram.com/v/t51.2885-19/26867345_145534856138264_4776052982326231040_n.jpg?stp=dst-jpg_s150x150_tt6&_nc_cat=103&ccb=7-5&_nc_sid=f7ccc5&efg=eyJ2ZW5jb2RlX3RhZyI6InByb2ZpbGVfcGljLnd3dy4xMDc5LkMzIn0%3D&_nc_ohc=JRNpzbuBAa0Q7kNvwHBrSm8&_nc_oc=Adpu377CXE8cTDl4GbOaGNMjd9de8QCE0of4ETltUKfYOrAHEvOQrTjhvzbxKYiZl1s&_nc_zt=24&_nc_ht=scontent-ams2-1.cdninstagram.com&_nc_ss=7b6a8&oh=00_Af8Qgs7gfAaPCD45EwvXUPXC69ZbkFgpirPA3HzhZiApkw&oe=6A2C1BC4,criiii_69,https://www.instagram.com/criiii_69,Stracchino Valbontá buonissimo #prodottomisteriosopenny #accettoregolamento #holettoprivacypolicy,0,0,2026-05-26T05:11:09.000Z,17984638619829950,4366692429,2026-06-08T05:00:38.043Z,https://www.instagram.com/p/DYwzWgzjEDa
https://scontent-ams2-1.cdninstagram.com/v/t51.2885-19/37539219_2234079336827365_2007217721283969024_n.jpg?stp=dst-jpg_s150x150_tt6&_nc_cat=106&ccb=7-5&_nc_sid=f7ccc5&efg=eyJ2ZW5jb2RlX3RhZyI6InByb2ZpbGVfcGljLnd3dy43NTYuQzMifQ%3D%3D&_nc_ohc=HADT_UX2KkkQ7kNvwHY2mrK&_nc_oc=AdpKRQP8tBzPiNpSgCGfZBT3t8rCJyufMkz6gtSz6A8bEb2WxkkzFTOjN554DYIn7sU&_nc_zt=24&_nc_ht=scontent-ams2-1.cdninstagram.com&_nc_ss=7b6a8&oh=00_Af_cgmwjCNFzSGEEx6a0D21Ft58xCdzoSSRjcHjSVH4iZg&oe=6A2C2DEA,cpasquero,https://www.instagram.com/cpasquero,Kefir,0,0,2026-05-26T15:40:17.000Z,17858638752639852,8494381477,2026-06-08T05:00:43.187Z,https://www.instagram.com/p/DYwzWgzjEDa
https://scontent-ams2-1.cdninstagram.com/v/t51.2885-19/240580233_868626647091406_9114875350036912872_n.jpg?stp=dst-jpg_s150x150_tt6&_nc_cat=103&ccb=7-5&_nc_sid=f7ccc5&efg=eyJ2ZW5jb2RlX3RhZyI6InByb2ZpbGVfcGljLnd3dy4xMDgwLkMzIn0%3D&_nc_ohc=TIpe6D8-vW4Q7kNvwE5QiAk&_nc_oc=AdqtEw3ZrR-uvt2zqkzeaQJgj-cbMtHUmejUudnxk5RDWzR6kYmCALEQJFEY8HCsQmU&_nc_zt=24&_nc_ht=scontent-ams2-1.cdninstagram.com&_nc_ss=7b6a8&oh=00_Af-rzMOzJKkBxKjzhRgp0N7QZEJB2vv5TRMLsk420QariQ&oe=6A2C27A5,francesca.gallo9782017,https://www.instagram.com/francesca.gallo9782017,Spalmabile,0,0,2026-05-25T14:05:12.000Z,17882545920569932,5756196169,2026-06-08T05:00:43.187Z,https://www.instagram.com/p/DYwzWgzjEDa
https://scontent-ams2-1.cdninstagram.com/v/t51.2885-19/122081140_850851018992421_2098848356529432540_n.jpg?stp=dst-jpg_s150x150_tt6&_nc_cat=110&ccb=7-5&_nc_sid=f7ccc5&efg=eyJ2ZW5jb2RlX3RhZyI6InByb2ZpbGVfcGljLnd3dy4xMDU2LkMzIn0%3D&_nc_ohc=cNChw08jEBwQ7kNvwE-1v0-&_nc_oc=AdrFcRaP1W1-weNkvD62731zovgHFSJ753kXO1mz3Dnv5eqSWlAo7ivpPdh8hRbH_WA&_nc_zt=24&_nc_ht=scontent-ams2-1.cdninstagram.com&_nc_ss=7b6a8&oh=00_Af87KMjhHXa8tvDjdjzyyct8i8lQOUu2r5SEO4n1MIP3kA&oe=6A2C0EFF,minou_sfamily,https://www.instagram.com/minou_sfamily,Stracchino #prodottomosteriosopenny #accettoregolamento #holettoprivacypolicy,0,0,2026-05-25T14:07:25.000Z,18112096937482793,44208761648,2026-06-08T05:00:43.187Z,https://www.instagram.com/p/DYwzWgzjEDa
https://scontent-ams2-1.cdninstagram.com/v/t51.89012-19/573323465_1219825463302212_7278921664109726296_n.jpg?stp=dst-jpg_s150x150_tt6&_nc_cat=1&ccb=7-5&_nc_sid=f7ccc5&efg=eyJ2ZW5jb2RlX3RhZyI6InByb2ZpbGVfcGljLnd3dy5DMyJ9&_nc_ohc=YQQEIw1CjK0Q7kNvwGGNPon&_nc_oc=Adp7JMSj7AOEo1lF5QYw3Jy1M1xQO7rN0cMzWMAfIgmY47pgvLcGGpfiNyLdn_i3N0A&_nc_zt=24&_nc_ht=scontent-ams2-1.cdninstagram.com&_nc_gid=DakGc86DsyvHEJtEvmlizA&_nc_ss=7b6a8&oh=00_Af919WfZgdgyKCoFlNIZeLU2OQGGDq4V_2YXTnjXSq7AnQ&oe=6A2C03A2,fra.4005,https://www.instagram.com/fra.4005,#stracchinoPENNY.  #accettoregolamento.  #holettoprivacypolicy,0,0,2026-05-27T12:52:54.000Z,18122914924726736,27208255593,2026-06-08T05:00:43.187Z,https://www.instagram.com/p/DYwzWgzjEDa
https://scontent-ams2-1.cdninstagram.com/v/t51.82787-19/539938424_18523999507034821_3869067413037618084_n.jpg?stp=dst-jpg_s150x150_tt6&_nc_cat=108&ccb=7-5&_nc_sid=f7ccc5&efg=eyJ2ZW5jb2RlX3RhZyI6InByb2ZpbGVfcGljLnd3dy45NjAuQzMifQ%3D%3D&_nc_ohc=DouHxhF8zr8Q7kNvwHAVLUx&_nc_oc=Adr5YY0IORPsi0SaDousNhmqVOTkpURcsr29LJp-VpKK2OHt3ABLNB2IP3io0piZ76s&_nc_zt=24&_nc_ht=scontent-ams2-1.cdninstagram.com&_nc_gid=DakGc86DsyvHEJtEvmlizA&_nc_ss=7b6a8&oh=00_Af_igsPyafUwcRcJXX1tBByeKVz5XMPmUEfjNnbhFkGsNQ&oe=6A2C0FB3,nancyz14,https://www.instagram.com/nancyz14,Stracchino! #prodottomisteriosopenny #accettoregolamento #holettoprivacypolicy,0,0,2026-05-25T14:49:47.000Z,17926563630300056,1723938820,2026-06-08T05:00:43.187Z,https://www.instagram.com/p/DYwzWgzjEDa
https://scontent-ams2-1.cdninstagram.com/v/t51.2885-19/82152913_246675582986179_5480974273717731328_n.jpg?stp=dst-jpg_s150x150_tt6&_nc_cat=107&ccb=7-5&_nc_sid=f7ccc5&efg=eyJ2ZW5jb2RlX3RhZyI6InByb2ZpbGVfcGljLnd3dy4xMDgwLkMzIn0%3D&_nc_ohc=WF4W9z5HfUQQ7kNvwEwlefn&_nc_oc=Adqv4uBRGWLWaCelzd655aXPofFnkQcUp1jWYQTbThJEj3ANlVK8HQPksV8XfqCilpw&_nc_zt=24&_nc_ht=scontent-ams2-1.cdninstagram.com&_nc_ss=7b6a8&oh=00_Af_cMn5SrB54K56o_5v8cC7bo2UfLvYhQ9Y-tJYPwZ3rkg&oe=6A2C12D1,frenk241,https://www.instagram.com/frenk241,Stracchino #prodottomistwriosopenny #accettoregolamento #holettoprivacypolicy,0,0,2026-05-26T06:41:01.000Z,18376364677204110,3933800912,2026-06-08T05:00:43.187Z,https://www.instagram.com/p/DYwzWgzjEDa
https://scontent-ams2-1.cdninstagram.com/v/t51.2885-19/102287476_3016221141794058_1784318897802481280_n.jpg?stp=dst-jpg_s150x150_tt6&_nc_cat=105&ccb=7-5&_nc_sid=f7ccc5&efg=eyJ2ZW5jb2RlX3RhZyI6InByb2ZpbGVfcGljLnd3dy4xMDgwLkMzIn0%3D&_nc_ohc=ETZUfL1i32wQ7kNvwF6tbnJ&_nc_oc=AdoELAJVc0hD8YSHb_HpSTh3tYhD_MvfSFMujAYkf--zKjWEeCEiDeo6dSKSJ9GUsx8&_nc_zt=24&_nc_ht=scontent-ams2-1.cdninstagram.com&_nc_ss=7b6a8&oh=00_Af_nDRSsALppmR8payszyJFWaM2GtkBsKhbqd0Wu6JypkQ&oe=6A2C0843,autumn_rainbow_88,https://www.instagram.com/autumn_rainbow_88,#prodottomisteriosopenny #accettoregolamento #holettoprivacypolicy Robiolino Val Bontà,0,0,2026-05-25T14:14:29.000Z,18082443089403375,36815171656,2026-06-08T05:00:43.187Z,https://www.instagram.com/p/DYwzWgzjEDa
https://scontent-ams2-1.cdninstagram.com/v/t51.2885-19/11349355_875066515914182_1197087638_a.jpg?_nc_cat=100&ccb=7-5&_nc_sid=f7ccc5&efg=eyJ2ZW5jb2RlX3RhZyI6InByb2ZpbGVfcGljLnd3dy4xNTAuQzMifQ%3D%3D&_nc_ohc=-oaC0aDitr8Q7kNvwFfqYlL&_nc_oc=Adp0avMQn_rUPTeE1FCpEOg03ZS8zmZlVvctmpnId_t1w1wKlpahwHmE046UPQVbkGM&_nc_zt=24&_nc_ht=scontent-ams2-1.cdninstagram.com&_nc_ss=7b6a8&oh=00_Af9sgWNUWY4jq8XqoyKhU_iYzFwBN6uwfO_T9rQnD7Wr4w&oe=6A2C2BBE,marina.capuano,https://www.instagram.com/marina.capuano,Stracchino ValBontá 😋 #prodottomisteriosopenny #accettoregolamento #holettoprivacypolicy 🍀💙🤞 @clamarida,0,0,2026-05-26T04:27:00.000Z,17973563481024840,2111332166,2026-06-08T05:00:43.187Z,https://www.instagram.com/p/DYwzWgzjEDa
https://scontent-ams2-1.cdninstagram.com/v/t51.2885-19/74898967_2472148486245088_8163858799556296704_n.jpg?stp=dst-jpg_s150x150_tt6&_nc_cat=110&ccb=7-5&_nc_sid=f7ccc5&efg=eyJ2ZW5jb2RlX3RhZyI6InByb2ZpbGVfcGljLnd3dy40MDAuQzMifQ%3D%3D&_nc_ohc=j1WhBWobN48Q7kNvwFyEsE4&_nc_oc=Adr_kykpMu9mrkXnmZ9cmosJyHzBB6Zr6ULuFH5V8Vnkn4nDbty1MEFQpL1MiT1rwX4&_nc_zt=24&_nc_ht=scontent-ams2-1.cdninstagram.com&_nc_ss=7b6a8&oh=00_Af_R8zGIFCUgey-9vrH3EmSR5YijygkuPWcvRiJoz-lyaQ&oe=6A2C35DC,essee.ei,https://www.instagram.com/essee.ei,Stracchino valbontà #prodottomisteriosopenny #accettoregolamento #holettoprivacypolicy @patriziavalentini601,0,0,2026-05-25T22:26:31.000Z,18097395629518977,26317426575,2026-06-08T05:00:43.187Z,https://www.instagram.com/p/DYwzWgzjEDa
https://scontent-ams2-1.cdninstagram.com/v/t51.2885-19/179905844_1375004612879292_7399643493756510845_n.jpg?stp=dst-jpg_s150x150_tt6&_nc_cat=103&ccb=7-5&_nc_sid=f7ccc5&efg=eyJ2ZW5jb2RlX3RhZyI6InByb2ZpbGVfcGljLnd3dy41NDIuQzMifQ%3D%3D&_nc_ohc=rjQHt1sOkLIQ7kNvwFkwV03&_nc_oc=AdqNoeOY1iJMIg_IRkF4LHIEcbwu_RgyTjtr48VyXCScB92vPCbRyAIyUQZTdaJQsi4&_nc_zt=24&_nc_ht=scontent-ams2-1.cdninstagram.com&_nc_ss=7b6a8&oh=00_Af_kPQvZUr-XVXDHriKiYp07frI6xmF7ciiZ-BKWV8Kl0w&oe=6A2C1768,a123katiascala,https://www.instagram.com/a123katiascala,"crescenza #prodottomisteriosoPENNY
#accettoregolamento
#holettoprivacypolicy",0,0,2026-05-27T15:39:27.000Z,17857901037647739,47457642233,2026-06-08T05:00:43.187Z,https://www.instagram.com/p/DYwzWgzjEDa
https://scontent-ams2-1.cdninstagram.com/v/t51.2885-19/453575640_938643507944191_8685627174471424531_n.jpg?stp=dst-jpg_s150x150_tt6&_nc_cat=104&ccb=7-5&_nc_sid=f7ccc5&efg=eyJ2ZW5jb2RlX3RhZyI6InByb2ZpbGVfcGljLnd3dy4xMDgwLkMzIn0%3D&_nc_ohc=7f7vwTQnhlsQ7kNvwEIoWlM&_nc_oc=Adr-L4IhGAOp9im56iPCu0fkpOA7s_PTw5JFBLOHH5WSCBXP-TD-KIC8s-hk1fCUPUc&_nc_zt=24&_nc_ht=scontent-ams2-1.cdninstagram.com&_nc_ss=7b6a8&oh=00_Af_lGW4CYrO_hc42aNA4Niub42SfRJr8YXzlaik_z_UgwA&oe=6A2C2A50,ambrasole10,https://www.instagram.com/ambrasole10,#prodottomisteriosopenny #holettoprivasypolicy #accettoilregolamento kefir,0,0,2026-05-26T11:55:00.000Z,18127323241540004,10455398413,2026-06-08T05:00:43.187Z,https://www.instagram.com/p/DYwzWgzjEDa
https://scontent-ams2-1.cdninstagram.com/v/t51.2885-19/27575953_1023607671111962_6506268918158458880_n.jpg?stp=dst-jpg_s150x150_tt6&_nc_cat=101&ccb=7-5&_nc_sid=f7ccc5&efg=eyJ2ZW5jb2RlX3RhZyI6InByb2ZpbGVfcGljLnd3dy45MDAuQzMifQ%3D%3D&_nc_ohc=pvwGFGSeDPEQ7kNvwEwwCeE&_nc_oc=Ado0HS6H_-CHTOLbrq3MNPf1NfX7SikjkwLNXsw9DYi0yWZ5bPYQIkxOkR4tV559oe4&_nc_zt=24&_nc_ht=scontent-ams2-1.cdninstagram.com&_nc_ss=7b6a8&oh=00_Af_bX9iNCOCh3caOhWKhvG9GvjgKlmmt2ZADWLbG_kX-qw&oe=6A2C2573,olghispaltri,https://www.instagram.com/olghispaltri,Stracchino ValBontà #prodottomisteriosopenny #accettoregolamento #holettoprivacypolicy @atleticoleonzio,0,0,2026-05-29T08:56:36.000Z,18113833561862654,1239951744,2026-06-08T05:00:43.187Z,https://www.instagram.com/p/DYwzWgzjEDa
https://scontent-ams2-1.cdninstagram.com/v/t51.89012-19/573323465_1219825463302212_7278921664109726296_n.jpg?stp=dst-jpg_s150x150_tt6&_nc_cat=1&ccb=7-5&_nc_sid=f7ccc5&efg=eyJ2ZW5jb2RlX3RhZyI6InByb2ZpbGVfcGljLnd3dy5DMyJ9&_nc_ohc=YQQEIw1CjK0Q7kNvwGGNPon&_nc_oc=Adp7JMSj7AOEo1lF5QYw3Jy1M1xQO7rN0cMzWMAfIgmY47pgvLcGGpfiNyLdn_i3N0A&_nc_zt=24&_nc_ht=scontent-ams2-1.cdninstagram.com&_nc_gid=DakGc86DsyvHEJtEvmlizA&_nc_ss=7b6a8&oh=00_Af919WfZgdgyKCoFlNIZeLU2OQGGDq4V_2YXTnjXSq7AnQ&oe=6A2C03A2,rachele.poli,https://www.instagram.com/rachele.poli,Spalmabile,0,0,2026-05-27T14:33:01.000Z,18109775548916118,34113503654,2026-06-08T05:00:43.187Z,https://www.instagram.com/p/DYwzWgzjEDa
https://scontent-ams2-1.cdninstagram.com/v/t51.2885-19/61255614_413909739457448_2540061714896912384_n.jpg?stp=dst-jpg_s150x150_tt6&_nc_cat=105&ccb=7-5&_nc_sid=f7ccc5&efg=eyJ2ZW5jb2RlX3RhZyI6InByb2ZpbGVfcGljLnd3dy41OTkuQzMifQ%3D%3D&_nc_ohc=_DXtO07uE9gQ7kNvwHb4eUt&_nc_oc=Adr96fmgPE2jY1iFSgjX_X1DcnPYY-yQCEqmvsy9KV3r6y8dwd2l7YmBnL6bIHJjCcU&_nc_zt=24&_nc_ht=scontent-ams2-1.cdninstagram.com&_nc_ss=7b6a8&oh=00_Af9nzun9VaXiYFX6lH8WYpHTrbXAEQDXu5Aypok2iAmLyw&oe=6A2C2761,popcorn45646,https://www.instagram.com/popcorn45646,Stracchino val bontà #holettoprivacypolicy #accettoregolamento #prodottomisteriosopenny,0,0,2026-05-25T18:45:14.000Z,18093139652081290,14093877129,2026-06-08T05:00:43.187Z,https://www.instagram.com/p/DYwzWgzjEDa
https://scontent-ams2-1.cdninstagram.com/v/t51.2885-19/11356387_913274052044599_595878067_a.jpg?_nc_cat=102&ccb=7-5&_nc_sid=f7ccc5&efg=eyJ2ZW5jb2RlX3RhZyI6InByb2ZpbGVfcGljLnd3dy4xNTAuQzMifQ%3D%3D&_nc_ohc=hPWaoIB7m04Q7kNvwFuCceS&_nc_oc=AdpmD5W-FyVSEp-uZ4qluqlxEV_QoGE1e1SsHk30DiFpMvuBg_NGvr-xj2Ih1QsGmgQ&_nc_zt=24&_nc_ht=scontent-ams2-1.cdninstagram.com&_nc_ss=7b6a8&oh=00_Af8oEyf2GvseDIn7qjI8t5QYlJoY709RBC26YLHz3pIKxQ&oe=6A2C116D,poiu801,https://www.instagram.com/poiu801,Stracchino val bontà #prodottomisteriosopenny #accettoregolamento #holettoprivacypolicy,0,0,2026-05-25T18:17:54.000Z,17987640455810240,514926046,2026-06-08T05:00:43.187Z,https://www.instagram.com/p/DYwzWgzjEDa
https://scontent-ams2-1.cdninstagram.com/v/t51.2885-19/310059905_153429420658592_2044877384809178595_n.jpg?stp=dst-jpg_s150x150_tt6&_nc_cat=106&ccb=7-5&_nc_sid=f7ccc5&efg=eyJ2ZW5jb2RlX3RhZyI6InByb2ZpbGVfcGljLnd3dy4xMDQyLkMzIn0%3D&_nc_ohc=bXidKOpT9vIQ7kNvwE1WAaX&_nc_oc=AdpbMJgJbdCZvhjnaGy_HRD9YPey9nHMzLsZH5GvLsNICCucZd27fJYH9Vdhd8Kicos&_nc_zt=24&_nc_ht=scontent-ams2-1.cdninstagram.com&_nc_ss=7b6a8&oh=00_Af8fhZ4z5WNEj5PiymRhehviXeAAgoZ63W8BiGEfvVC2vg&oe=6A2C22A3,cucciolapaoletta,https://www.instagram.com/cucciolapaoletta,"Stracchino🥰 #prodottomisteriosopenny
#accettoregolamento #holettoprivacypolicy",0,0,2026-05-25T19:49:15.000Z,17889946263532320,35552441236,2026-06-08T05:00:48.272Z,https://www.instagram.com/p/DYwzWgzjEDa
https://scontent-ams2-1.cdninstagram.com/v/t51.82787-19/655938210_18087485063236698_4060057574434379972_n.jpg?stp=dst-jpg_s150x150_tt6&_nc_cat=104&ccb=7-5&_nc_sid=f7ccc5&efg=eyJ2ZW5jb2RlX3RhZyI6InByb2ZpbGVfcGljLnd3dy42NDAuQzMifQ%3D%3D&_nc_ohc=-_YYd6YYcD8Q7kNvwEP-xsg&_nc_oc=AdocRTzyKegNBshtRDx-Tu7gQxt0aVcPOz7bZrMeLcLgaFWJ33nDGGxsag__Ic6TGNQ&_nc_zt=24&_nc_ht=scontent-ams2-1.cdninstagram.com&_nc_gid=dPNNEXJRZbmnVJWDbA6mRQ&_nc_ss=7b6a8&oh=00_Af8y0mrIskpXbbZWlGPBaiVv1X-9FgEHAeOfJXkQ3jp-BQ&oe=6A2C071B,giuseppe1964puddu,https://www.instagram.com/giuseppe1964puddu,"#prodottomisteriosoPENNY
#accettoregolamento
#holettoprivacypolicy@flavianaorru",0,0,2026-05-27T15:20:48.000Z,17868310572620044,37045100697,2026-06-08T05:00:48.272Z,https://www.instagram.com/p/DYwzWgzjEDa
https://scontent-ams2-1.cdninstagram.com/v/t51.89012-19/573323465_1219825463302212_7278921664109726296_n.jpg?stp=dst-jpg_s150x150_tt6&_nc_cat=1&ccb=7-5&_nc_sid=f7ccc5&efg=eyJ2ZW5jb2RlX3RhZyI6InByb2ZpbGVfcGljLnd3dy5DMyJ9&_nc_ohc=YQQEIw1CjK0Q7kNvwGGNPon&_nc_oc=Adp7JMSj7AOEo1lF5QYw3Jy1M1xQO7rN0cMzWMAfIgmY47pgvLcGGpfiNyLdn_i3N0A&_nc_zt=24&_nc_ht=scontent-ams2-1.cdninstagram.com&_nc_gid=dPNNEXJRZbmnVJWDbA6mRQ&_nc_ss=7b6a8&oh=00_Af_hD2ERg43pHdEY-enBZNF_wWL0tVlb3ZGLwBL9WHXY1A&oe=6A2C03A2,lalelelelena,https://www.instagram.com/lalelelelena,"#prodottomisteriosoPENNY
#accettoregolamento
#holettoprivacypolicy
vstracchino",0,0,2026-05-26T13:21:21.000Z,18042285950592128,40872805239,2026-06-08T05:00:48.272Z,https://www.instagram.com/p/DYwzWgzjEDa
https://scontent-ams2-1.cdninstagram.com/v/t51.2885-19/277437605_1092877387938539_6112440634838940610_n.jpg?stp=dst-jpg_s150x150_tt6&_nc_cat=109&ccb=7-5&_nc_sid=f7ccc5&efg=eyJ2ZW5jb2RlX3RhZyI6InByb2ZpbGVfcGljLnd3dy42MjMuQzMifQ%3D%3D&_nc_ohc=bjN7iU82f4sQ7kNvwHwDqbF&_nc_oc=Adph9RVTHH1PAuunwrIWfXDtB8CTJctSzgd9Oij0bLwiLLegZf1JDvaCJjMT-f1L46M&_nc_zt=24&_nc_ht=scontent-ams2-1.cdninstagram.com&_nc_ss=7b6a8&oh=00_Af9OyvSOhZk39O9WykNIuaqjnieOVBNrNcf-JEx4yjrMew&oe=6A2C2D76,masalamorena,https://www.instagram.com/masalamorena,Robiola,0,0,2026-05-28T06:24:28.000Z,18154532542469490,13705456494,2026-06-08T05:00:48.272Z,https://www.instagram.com/p/DYwzWgzjEDa
https://scontent-ams2-1.cdninstagram.com/v/t51.89012-19/573323465_1219825463302212_7278921664109726296_n.jpg?stp=dst-jpg_s150x150_tt6&_nc_cat=1&ccb=7-5&_nc_sid=f7ccc5&efg=eyJ2ZW5jb2RlX3RhZyI6InByb2ZpbGVfcGljLnd3dy5DMyJ9&_nc_ohc=YQQEIw1CjK0Q7kNvwGGNPon&_nc_oc=Adp7JMSj7AOEo1lF5QYw3Jy1M1xQO7rN0cMzWMAfIgmY47pgvLcGGpfiNyLdn_i3N0A&_nc_zt=24&_nc_ht=scontent-ams2-1.cdninstagram.com&_nc_gid=dPNNEXJRZbmnVJWDbA6mRQ&_nc_ss=7b6a8&oh=00_Af_hD2ERg43pHdEY-enBZNF_wWL0tVlb3ZGLwBL9WHXY1A&oe=6A2C03A2,sabina.raggi,https://www.instagram.com/sabina.raggi,Robiola,0,0,2026-05-27T15:13:32.000Z,18318319591287126,44422230573,2026-06-08T05:00:48.272Z,https://www.instagram.com/p/DYwzWgzjEDa
https://scontent-ams2-1.cdninstagram.com/v/t51.2885-19/50576499_393723984529566_218182835398246400_n.jpg?stp=dst-jpg_s150x150_tt6&_nc_cat=111&ccb=7-5&_nc_sid=f7ccc5&efg=eyJ2ZW5jb2RlX3RhZyI6InByb2ZpbGVfcGljLnd3dy4xMDgwLkMzIn0%3D&_nc_ohc=PWDTqrU8w9EQ7kNvwFtojDk&_nc_oc=AdrHSJyOhY_Hn0YOdSWqbHu5hp4R02vJG4kTaEJr1UM_Zwx_GxGpvLH1ShC_hMgh7hU&_nc_zt=24&_nc_ht=scontent-ams2-1.cdninstagram.com&_nc_ss=7b6a8&oh=00_Af9apq4jY5gBoiXW-Zj6Aga77-hrCnQq5cdj42WiqCVuKA&oe=6A2C391E,simo82_c,https://www.instagram.com/simo82_c,"Crescenza  #accettoregolamento
#prodottomisteriosoPENNY
#holettoprivacypolicy",0,0,2026-05-26T15:15:14.000Z,18008506949910645,11077377369,2026-06-08T05:00:48.272Z,https://www.instagram.com/p/DYwzWgzjEDa
https://scontent-ams2-1.cdninstagram.com/v/t51.82787-19/673863242_18451191634116717_5571293887412910070_n.jpg?stp=dst-jpg_s150x150_tt6&_nc_cat=109&ccb=7-5&_nc_sid=f7ccc5&efg=eyJ2ZW5jb2RlX3RhZyI6InByb2ZpbGVfcGljLnd3dy4xMDgwLkMzIn0%3D&_nc_ohc=Dl6rnFwBftoQ7kNvwHEucfo&_nc_oc=AdpcbLD4TJJyDVcauPuafe5g7xw6tHI7x0_KDzPtfSq-DHvQjL0sRdIrx4LFN0ljLoU&_nc_zt=24&_nc_ht=scontent-ams2-1.cdninstagram.com&_nc_gid=dPNNEXJRZbmnVJWDbA6mRQ&_nc_ss=7b6a8&oh=00_Af-anLK1i8SF7eTGrG7vusSUDhHBmSyN1Cj8NijAwsQmaQ&oe=6A2C05D9,lucaclip,https://www.instagram.com/lucaclip,"#prodottomisteriosoPENNY
#accettoregolamento
#holettoprivacypolicy crescenza valbonta",0,0,2026-05-26T09:22:09.000Z,18098963240156044,3574628716,2026-06-08T05:00:48.272Z,https://www.instagram.com/p/DYwzWgzjEDa
https://scontent-ams2-1.cdninstagram.com/v/t51.2885-19/461454634_1718093018965291_3951875414837333552_n.jpg?stp=dst-jpg_s150x150_tt6&_nc_cat=100&ccb=7-5&_nc_sid=f7ccc5&efg=eyJ2ZW5jb2RlX3RhZyI6InByb2ZpbGVfcGljLnd3dy4xMDgwLkMzIn0%3D&_nc_ohc=vowHo_AgWt8Q7kNvwFmnX--&_nc_oc=AdpQA0RaCUhBZKfxQPkKgwqxAw2RwbFI1zhPnvvExeyosPQ0CYDtrNxEf9oKkmMHW_o&_nc_zt=24&_nc_ht=scontent-ams2-1.cdninstagram.com&_nc_ss=7b6a8&oh=00_Af8e-aqi_0I-XRAGJk_3Ki1cjKewi01gtUIdFr8sEj2mWg&oe=6A2C2025,luciatrilly1081,https://www.instagram.com/luciatrilly1081,Burro,0,0,2026-05-25T16:04:45.000Z,17929556166298478,316017059,2026-06-08T05:00:48.272Z,https://www.instagram.com/p/DYwzWgzjEDa
https://scontent-ams2-1.cdninstagram.com/v/t51.2885-19/323719371_722747339126977_8288867124443459385_n.jpg?stp=dst-jpg_s150x150_tt6&_nc_cat=102&ccb=7-5&_nc_sid=f7ccc5&efg=eyJ2ZW5jb2RlX3RhZyI6InByb2ZpbGVfcGljLnd3dy4xMDgwLkMzIn0%3D&_nc_ohc=los2GDh6nAEQ7kNvwErmDj6&_nc_oc=AdpQye7Xyjyx4TuVsktUXmFmKPCJzdlNNfnkVIvc-SPukJvt-b34AeDmaxP03BWAyPw&_nc_zt=24&_nc_ht=scontent-ams2-1.cdninstagram.com&_nc_ss=7b6a8&oh=00_Af9SVayzPlp-xXedaxSWOpxip8KEULK0xzOz-w0VYQvWpQ&oe=6A2C29FE,silvana_decarli,https://www.instagram.com/silvana_decarli,Stracchino Val bontà #prodottomisteriosopenny  #accettoregolamento. #holettoprivacypolicy,0,0,2026-05-27T12:07:59.000Z,18107701390839644,1728823420,2026-06-08T05:00:48.272Z,https://www.instagram.com/p/DYwzWgzjEDa
https://scontent-ams2-1.cdninstagram.com/v/t51.2885-19/26867418_151870555603951_9198445691641266176_n.jpg?stp=dst-jpg_s150x150_tt6&_nc_cat=108&ccb=7-5&_nc_sid=f7ccc5&efg=eyJ2ZW5jb2RlX3RhZyI6InByb2ZpbGVfcGljLnd3dy4xMDgwLkMzIn0%3D&_nc_ohc=yGDfRmxDxq8Q7kNvwGq5eIq&_nc_oc=Adr8_NmCUAgc3QBRc7MUW3QcoduGPl9urG90Ewun9ktkXDkSsMod2239CtgQLGHkBCc&_nc_zt=24&_nc_ht=scontent-ams2-1.cdninstagram.com&_nc_ss=7b6a8&oh=00_Af8aBRbgnrYQRcRgwNA4V6hPC0xBQkszCVriJmMNejNofQ&oe=6A2C2E3B,grifone_mb,https://www.instagram.com/grifone_mb,Stracchino ValBontà #prodottomisteriosopenny #accettoregolamento #holettoprivacypolicy @_vale.mary_,0,0,2026-05-26T19:33:09.000Z,18103114715030218,1657813480,2026-06-08T05:00:48.272Z,https://www.instagram.com/p/DYwzWgzjEDa
https://scontent-ams2-1.cdninstagram.com/v/t51.2885-19/336966007_607306850903059_6861146141694877680_n.jpg?stp=dst-jpg_s150x150_tt6&_nc_cat=101&ccb=7-5&_nc_sid=f7ccc5&efg=eyJ2ZW5jb2RlX3RhZyI6InByb2ZpbGVfcGljLnd3dy45ODkuQzMifQ%3D%3D&_nc_ohc=YK4UX4PFR6sQ7kNvwGT0Cdm&_nc_oc=AdrIh2h9855GqiokSRmoEnvdvxC6TNmhlrNXoUYDOTMO_dR1JtzT8Jpv5c2wCo78uzA&_nc_zt=24&_nc_ht=scontent-ams2-1.cdninstagram.com&_nc_ss=7b6a8&oh=00_Af-95RrDg9R3BEiJwGZqFLRFjzrsCEaNg6EpGUq4-pvInQ&oe=6A2C1839,fashionfactorylab,https://www.instagram.com/fashionfactorylab,StracchinoValbontà #prodottomisteriosoPenny #accettoregolamento #holettoprivacypolicy,0,0,2026-05-25T17:14:42.000Z,18141175093508725,4864942739,2026-06-08T05:00:48.272Z,https://www.instagram.com/p/DYwzWgzjEDa
https://scontent-ams2-1.cdninstagram.com/v/t51.82787-19/683243742_17988082964976517_4031266196574382475_n.jpg?stp=dst-jpg_s150x150_tt6&_nc_cat=109&ccb=7-5&_nc_sid=f7ccc5&efg=eyJ2ZW5jb2RlX3RhZyI6InByb2ZpbGVfcGljLnd3dy4xMDgwLkMzIn0%3D&_nc_ohc=sQAAazXrGIgQ7kNvwHWk5cw&_nc_oc=AdqRQjoodk9VOBXFnFx4vc4KA6fyQzgDZtN1sPXeOI_KZ51o_yYnFUQDp5u5B7BPz5s&_nc_zt=24&_nc_ht=scontent-ams2-1.cdninstagram.com&_nc_gid=dPNNEXJRZbmnVJWDbA6mRQ&_nc_ss=7b6a8&oh=00_Af9yqexFsOrHcU9MPY1s-eE76kscWe7g0pqhVwSUOxVymg&oe=6A2C0B23,federicabianco2023,https://www.instagram.com/federicabianco2023,#PRODOTTOMISTERIOSOPENNY # #ACCETTOREGOLAMENTO #HOLETTOPRIVACYPOLICY.  Formaggio spalmabile.,0,0,2026-05-28T18:11:52.000Z,17928794985323444,59473464516,2026-06-08T05:00:48.272Z,https://www.instagram.com/p/DYwzWgzjEDa
https://scontent-ams2-1.cdninstagram.com/v/t51.2885-19/271762920_651425596283801_6183076581686450172_n.jpg?stp=dst-jpg_s150x150_tt6&_nc_cat=109&ccb=7-5&_nc_sid=f7ccc5&efg=eyJ2ZW5jb2RlX3RhZyI6InByb2ZpbGVfcGljLnd3dy4xMDgwLkMzIn0%3D&_nc_ohc=02QcZJ9Oj1MQ7kNvwFopdJm&_nc_oc=AdrUTniajaOFcG1i5-joITzmyqEp4PAqzB2-z1LQ53wusyK3bW_ejv9xTUKvY3RGGd4&_nc_zt=24&_nc_ht=scontent-ams2-1.cdninstagram.com&_nc_ss=7b6a8&oh=00_Af-e3Y6C5CFs08_vvGodb3p4iiLUCYSiWoWtlJae9Vyubg&oe=6A2C177F,fazzolettidistoffa,https://www.instagram.com/fazzolettidistoffa,#prodottomisteriosoPENNY #accettoregolamento #holettoprivacypolicy,0,0,2026-06-03T19:57:02.000Z,18068330570364750,8732979826,2026-06-08T05:00:48.272Z,https://www.instagram.com/p/DYwzWgzjEDa
https://scontent-ams2-1.cdninstagram.com/v/t51.2885-19/269901005_446712323626652_8933935014157765564_n.jpg?stp=dst-jpg_s150x150_tt6&_nc_cat=107&ccb=7-5&_nc_sid=f7ccc5&efg=eyJ2ZW5jb2RlX3RhZyI6InByb2ZpbGVfcGljLnd3dy42NjQuQzMifQ%3D%3D&_nc_ohc=oHdEmrcR9S4Q7kNvwEVWfVi&_nc_oc=Ado4M0QetIgOAOIN6q4dQK47rdua7KIT3XXx6Rspx3ei1OWqKFCuJtSR_HLN2f-mpcU&_nc_zt=24&_nc_ht=scontent-ams2-1.cdninstagram.com&_nc_ss=7b6a8&oh=00_Af8okil4p9jIpRV4vUC6z1uoCAsBtg7IpANFTYuEPI1FgA&oe=6A2C2759,giovanna.padricelli,https://www.instagram.com/giovanna.padricelli,Robiolino ValBontà #prodottomisteriosopenny #accettoregolamento #holettoprivacypolicy,0,0,2026-05-26T20:28:05.000Z,18125261596628507,4302955967,2026-06-08T05:00:48.272Z,https://www.instagram.com/p/DYwzWgzjEDa
https://scontent-ams2-1.cdninstagram.com/v/t51.2885-19/322928695_189938203719694_6236578363287829640_n.jpg?stp=dst-jpg_s150x150_tt6&_nc_cat=106&ccb=7-5&_nc_sid=f7ccc5&efg=eyJ2ZW5jb2RlX3RhZyI6InByb2ZpbGVfcGljLnd3dy41MDAuQzMifQ%3D%3D&_nc_ohc=zFYwkgX9me0Q7kNvwHkyWAU&_nc_oc=AdqEH2FvSCpAfrmPRP202EsL0zqF8LbLn1rLAu9vxHQebeq_kv2gVZK8Ymq1ORExjGo&_nc_zt=24&_nc_ht=scontent-ams2-1.cdninstagram.com&_nc_ss=7b6a8&oh=00_Af_qHYDCVPTIYJefyPOu7oedqj5t5cZzHV-TaEOxdygK1g&oe=6A2C17D8,lexa_woods23,https://www.instagram.com/lexa_woods23,Stracchino 🤍 #prodottomisteriosoPENNY  #accettoregolamento #holettoprivacypolicy,0,0,2026-05-25T22:13:43.000Z,18439955857140806,57054278459,2026-06-08T05:00:48.272Z,https://www.instagram.com/p/DYwzWgzjEDa
https://scontent-ams2-1.cdninstagram.com/v/t51.82787-19/710640046_18442343341139466_2970293682338659818_n.jpg?stp=dst-jpg_s150x150_tt6&_nc_cat=100&ccb=7-5&_nc_sid=f7ccc5&efg=eyJ2ZW5jb2RlX3RhZyI6InByb2ZpbGVfcGljLnd3dy4xMDgwLkMzIn0%3D&_nc_ohc=eWG4VryXLBEQ7kNvwEeE1Nd&_nc_oc=Ado-1h7DgJxEf7K4lATtShUy-Dk1DPhJQLfnQ82V5U4SaMi5VyDVnq2H7PeZHqwkSY8&_nc_zt=24&_nc_ht=scontent-ams2-1.cdninstagram.com&_nc_gid=Kf_HFAeC6hbyvfa6HMqnvg&_nc_ss=7b6a8&oh=00_Af-cPnY17V-nFPuUJqrr3uGQv7fcqWTCJnHKFsCnw4ISyg&oe=6A2C1EAB,gendelgais,https://www.instagram.com/gendelgais,Stracchino #prodottomisyeriosopenny #accettoilregolamento #holettolaprivacypolicy,0,0,2026-05-26T07:39:57.000Z,18143711467512198,4141379465,2026-06-08T05:00:53.609Z,https://www.instagram.com/p/DYwzWgzjEDa
https://scontent-ams2-1.cdninstagram.com/v/t51.2885-19/19535225_1959179704301805_7406699921182556160_a.jpg?stp=dst-jpg_s150x150_tt6&_nc_cat=110&ccb=7-5&_nc_sid=f7ccc5&efg=eyJ2ZW5jb2RlX3RhZyI6InByb2ZpbGVfcGljLnd3dy4xMDgwLkMzIn0%3D&_nc_ohc=51fI77cBnRoQ7kNvwHzZaR2&_nc_oc=AdpuczuAxq9OkAK23c_4RB_YabMlhx3rUKamkRPdui6NLRrbVIyn9pocpWswinhe4bY&_nc_zt=24&_nc_ht=scontent-ams2-1.cdninstagram.com&_nc_ss=7b6a8&oh=00_Af_KWqGo7EWslDi0-ogAdDcr_ttTAHCWE4uXm4hChaA_Gw&oe=6A2C1BEF,giovybert,https://www.instagram.com/giovybert,#prodottomisteriosopenny #accettoregolamento #holettoprivacypolicy,0,0,2026-05-25T17:13:40.000Z,18080417576447314,1436962356,2026-06-08T05:00:53.609Z,https://www.instagram.com/p/DYwzWgzjEDa
https://scontent-ams2-1.cdninstagram.com/v/t51.89012-19/573323465_1219825463302212_7278921664109726296_n.jpg?stp=dst-jpg_s150x150_tt6&_nc_cat=1&ccb=7-5&_nc_sid=f7ccc5&efg=eyJ2ZW5jb2RlX3RhZyI6InByb2ZpbGVfcGljLnd3dy5DMyJ9&_nc_ohc=YQQEIw1CjK0Q7kNvwGGNPon&_nc_oc=Adp7JMSj7AOEo1lF5QYw3Jy1M1xQO7rN0cMzWMAfIgmY47pgvLcGGpfiNyLdn_i3N0A&_nc_zt=24&_nc_ht=scontent-ams2-1.cdninstagram.com&_nc_gid=Kf_HFAeC6hbyvfa6HMqnvg&_nc_ss=7b6a8&oh=00_Af9Rg5bzkOuO3bpMcKNy18NtryKufxXv9dABj85WCSKOqg&oe=6A2C03A2,pierabbi,https://www.instagram.com/pierabbi,#prodottomisteriosoPENNY #accettoregolamnto #holettoprivacypolicy Stracchino Valbontà,0,0,2026-05-26T00:50:19.000Z,18022644869833398,62523005149,2026-06-08T05:00:53.609Z,https://www.instagram.com/p/DYwzWgzjEDa
https://scontent-ams2-1.cdninstagram.com/v/t51.82787-19/714561391_18194536816367770_501785494832459188_n.jpg?stp=dst-jpg_s150x150_tt6&_nc_cat=111&ccb=7-5&_nc_sid=f7ccc5&efg=eyJ2ZW5jb2RlX3RhZyI6InByb2ZpbGVfcGljLnd3dy4xMDM4LkMzIn0%3D&_nc_ohc=CypdbbV7aZUQ7kNvwGGM_lS&_nc_oc=Adpr_vNsIetm87FcXlXeMHi_mKUeLwWEFFOe-VVs2u1-Yd8r3WNAFwCla1enghqRJSs&_nc_zt=24&_nc_ht=scontent-ams2-1.cdninstagram.com&_nc_gid=Kf_HFAeC6hbyvfa6HMqnvg&_nc_ss=7b6a8&oh=00_Af-PwCP64m5Tmu9mFYoOdo36tOiYENGCjn-VWcZyU6j_aQ&oe=6A2C20DB,manu_galatello,https://www.instagram.com/manu_galatello,Stracchino 😋#prodottomisteriosopenny #accettoregolamento  #holettoprivacypolicy,0,0,2026-05-27T21:15:11.000Z,18073661594671867,10986775769,2026-06-08T05:00:53.609Z,https://www.instagram.com/p/DYwzWgzjEDa
https://scontent-ams2-1.cdninstagram.com/v/t51.2885-19/21435907_1664781960221546_3109349884700917760_a.jpg?stp=dst-jpg_s150x150_tt6&_nc_cat=109&ccb=7-5&_nc_sid=f7ccc5&efg=eyJ2ZW5jb2RlX3RhZyI6InByb2ZpbGVfcGljLnd3dy43MTcuQzMifQ%3D%3D&_nc_ohc=G5qwtMoR-lcQ7kNvwEEEX40&_nc_oc=Adq9mNxqU7BYACeZtzaBuAaCyaP1QD67hqMuAfQMm3amdIPl5km3hNmJKCQV2im2zZk&_nc_zt=24&_nc_ht=scontent-ams2-1.cdninstagram.com&_nc_ss=7b6a8&oh=00_Af8HNHCRafuZ_GG4zLfrRyh7fd0qMCjLdh10WN77BHIO9g&oe=6A2C3069,sabinaborgobello,https://www.instagram.com/sabinaborgobello,#prodottomisteriosopenny #accettoregolamento  #holettoprivacypolicy,0,0,2026-05-25T19:35:33.000Z,18204273613351293,6008639906,2026-06-08T05:00:53.609Z,https://www.instagram.com/p/DYwzWgzjEDa
https://scontent-ams2-1.cdninstagram.com/v/t51.2885-19/73264269_2680037395352951_1776431506219073536_n.jpg?stp=dst-jpg_s150x150_tt6&_nc_cat=100&ccb=7-5&_nc_sid=f7ccc5&efg=eyJ2ZW5jb2RlX3RhZyI6InByb2ZpbGVfcGljLnd3dy4xMDgwLkMzIn0%3D&_nc_ohc=fomcz1A81xAQ7kNvwGjpXHO&_nc_oc=Adp7kw5Foyy9GHxoR4uK-2h5Do72ubwUOW6QyO6o6Udz2rMJDILlcJATMfkAaySYdJQ&_nc_zt=24&_nc_ht=scontent-ams2-1.cdninstagram.com&_nc_ss=7b6a8&oh=00_Af9SRjfNicCVEnU24EFnKEy9UStv4i3Gpk06SVKdkEjGhw&oe=6A2C1363,sweetcookitaly7,https://www.instagram.com/sweetcookitaly7,Robiola orsella,0,0,2026-05-28T09:39:56.000Z,18051649730762224,24360714459,2026-06-08T05:00:53.609Z,https://www.instagram.com/p/DYwzWgzjEDa
https://scontent-ams2-1.cdninstagram.com/v/t51.2885-19/10725034_781347508574256_904533595_a.jpg?_nc_cat=109&ccb=7-5&_nc_sid=f7ccc5&efg=eyJ2ZW5jb2RlX3RhZyI6InByb2ZpbGVfcGljLnd3dy4xNTAuQzMifQ%3D%3D&_nc_ohc=52vdaqfdVCQQ7kNvwGk0DBN&_nc_oc=AdpuQh2Ocgw9KjRdcIhieLBz4Eo-yeKfyY8Mdsg94QcQg4pdTRE1MW3_-x-jdXeA3vs&_nc_zt=24&_nc_ht=scontent-ams2-1.cdninstagram.com&_nc_ss=7b6a8&oh=00_Af_7ZkrsUlWqL2ZxXgEycmbbzIg5a8FHO8Z9yleZNFlDyQ&oe=6A2C0545,lidiadelvecchio,https://www.instagram.com/lidiadelvecchio,philadelphia #prodottomisteriosopenny #accettoregolamento  #holettolapeivacypolicy,0,0,2026-05-25T14:50:01.000Z,18114084505828511,418458306,2026-06-08T05:00:53.609Z,https://www.instagram.com/p/DYwzWgzjEDa
https://scontent-ams2-1.cdninstagram.com/v/t51.2885-19/230092841_1142967392779718_4900701736838657581_n.jpg?stp=dst-jpg_s150x150_tt6&_nc_cat=105&ccb=7-5&_nc_sid=f7ccc5&efg=eyJ2ZW5jb2RlX3RhZyI6InByb2ZpbGVfcGljLnd3dy41MDQuQzMifQ%3D%3D&_nc_ohc=C6mZA9K3PjYQ7kNvwF_tGRk&_nc_oc=Adq7q1JESbMJRShyjzs2iQoCk_2wqCfzd1rikKIbzq_iUZKcPHrDID5z-kC-9h2Dj7U&_nc_zt=24&_nc_ht=scontent-ams2-1.cdninstagram.com&_nc_ss=7b6a8&oh=00_Af-v9YmG2cjDsfmChM3zD5qjKIqOvhXkdQId5hcx_vXdaQ&oe=6A2C0AA2,mary.mari.lu,https://www.instagram.com/mary.mari.lu,Crescenza Valbonta' #prodottomisteriosoPENNY #accettoregolamento #holettoprivacypolicy,0,0,2026-05-26T11:36:51.000Z,18185084140379865,40083611970,2026-06-08T05:00:53.609Z,https://www.instagram.com/p/DYwzWgzjEDa
https://scontent-ams2-1.cdninstagram.com/v/t51.82787-19/637003056_18541440934067260_8066415616522203972_n.jpg?stp=dst-jpg_s150x150_tt6&_nc_cat=110&ccb=7-5&_nc_sid=f7ccc5&efg=eyJ2ZW5jb2RlX3RhZyI6InByb2ZpbGVfcGljLnd3dy4xMDgwLkMzIn0%3D&_nc_ohc=wKNvNNER1nwQ7kNvwFHY_VO&_nc_oc=AdphIuZzR-HVwXi6zocgUr9HoHA3cexzDv3ZAW7LtMU2yasipPXM_ngqiiUKYHxx93I&_nc_zt=24&_nc_ht=scontent-ams2-1.cdninstagram.com&_nc_gid=Kf_HFAeC6hbyvfa6HMqnvg&_nc_ss=7b6a8&oh=00_Af_yRuDXosFBTVKnZk6C2HFxKtWJ2J4blMdW83lx_EGFcg&oe=6A2C0761,alenegro.an,https://www.instagram.com/alenegro.an,STRACCHINO !!!!#prodottomisteriosopenny#accettoilregolamento#holettolaprivacypolicy,0,0,2026-05-25T14:36:07.000Z,18091703135255682,2020451259,2026-06-08T05:00:53.609Z,https://www.instagram.com/p/DYwzWgzjEDa
https://scontent-ams2-1.cdninstagram.com/v/t51.82787-19/589176368_18420041701113558_1510199386509880781_n.jpg?stp=dst-jpg_s150x150_tt6&_nc_cat=105&ccb=7-5&_nc_sid=f7ccc5&efg=eyJ2ZW5jb2RlX3RhZyI6InByb2ZpbGVfcGljLnd3dy4xMDgwLkMzIn0%3D&_nc_ohc=PsvuTyeo4yEQ7kNvwFtKVo_&_nc_oc=AdqYSML_NYn-m4IFhxNPZYBLBc4F7DWvKVcO1zVdXJKOYrOQGUF0P292tJL0_M0Roj4&_nc_zt=24&_nc_ht=scontent-ams2-1.cdninstagram.com&_nc_gid=Kf_HFAeC6hbyvfa6HMqnvg&_nc_ss=7b6a8&oh=00_Af8S8CnhnN-cw0YWGhISCWDBIZz45IDVDl_kwbVGiJh1BQ&oe=6A2C1B4D,anna_f.r.e.i,https://www.instagram.com/anna_f.r.e.i,#holettoprivacypolicy #accettoilregolamento #prodottomisteriosopenny stracchino Valbontà,0,0,2026-05-26T06:29:30.000Z,18033732719830484,3561513557,2026-06-08T05:00:53.609Z,https://www.instagram.com/p/DYwzWgzjEDa
https://scontent-ams2-1.cdninstagram.com/v/t51.2885-19/278635403_138962842024561_708898312325706490_n.jpg?stp=dst-jpg_s150x150_tt6&_nc_cat=106&ccb=7-5&_nc_sid=f7ccc5&efg=eyJ2ZW5jb2RlX3RhZyI6InByb2ZpbGVfcGljLnd3dy4xMDgwLkMzIn0%3D&_nc_ohc=pZpejJcoTsoQ7kNvwH40dJg&_nc_oc=Adr9Zdo4n03Xm5etwHoWShVpAtYjRAc86GkL7NZN4x04m3J2wX6EXdhNZdKmDBnZ5OE&_nc_zt=24&_nc_ht=scontent-ams2-1.cdninstagram.com&_nc_ss=7b6a8&oh=00_Af9khyBE5fJvanBATwJFGMY-6Dy74suB59nuNnyTnY9isg&oe=6A2C35D8,7gaia,https://www.instagram.com/7gaia,Stracchino valbonta @sogniaocchiaperti2025 #prodottomisteriosopenny #accettoregolamento #holettoprivacypolicy,0,0,2026-05-28T21:04:54.000Z,18076527881400832,465150378,2026-06-08T05:00:53.609Z,https://www.instagram.com/p/DYwzWgzjEDa
https://scontent-ams2-1.cdninstagram.com/v/t51.2885-19/315540839_512108594150330_5434170330718696553_n.jpg?stp=dst-jpg_s150x150_tt6&_nc_cat=101&ccb=7-5&_nc_sid=f7ccc5&efg=eyJ2ZW5jb2RlX3RhZyI6InByb2ZpbGVfcGljLnd3dy4xMDgwLkMzIn0%3D&_nc_ohc=BEo0KqT1ZQ4Q7kNvwHtJ3NV&_nc_oc=AdpcCUV-m_c6QP2fc2JNBeCgHFI7_OgkBzOik4tEi5gzU69Os_Ei4bFEGodf6pKke8Y&_nc_zt=24&_nc_ht=scontent-ams2-1.cdninstagram.com&_nc_ss=7b6a8&oh=00_Af_ZyVGyJ0sOSOKpyrdzZV3OEhcWT0ualR8w5pRzFm8YJQ&oe=6A2C3266,simonettabordin,https://www.instagram.com/simonettabordin,Stracchino ValBonta' #prodottomisteriosopenny #accettoregolamento #holettoprivacypolicy. .☺️,0,0,2026-05-26T16:07:32.000Z,18034830122798863,13151321014,2026-06-08T05:00:53.609Z,https://www.instagram.com/p/DYwzWgzjEDa
https://scontent-ams2-1.cdninstagram.com/v/t51.2885-19/448290467_337085595941243_2661099178711667186_n.jpg?stp=dst-jpg_s150x150_tt6&_nc_cat=108&ccb=7-5&_nc_sid=f7ccc5&efg=eyJ2ZW5jb2RlX3RhZyI6InByb2ZpbGVfcGljLnd3dy4xMDgwLkMzIn0%3D&_nc_ohc=FTohhFR65uUQ7kNvwGHfIy1&_nc_oc=AdoLkCYbKufPBVARMdqFE7ReTRn-pLg63QuDm8ffHavGbpNbb1Z9R4u0NnzIGpjSIG0&_nc_zt=24&_nc_ht=scontent-ams2-1.cdninstagram.com&_nc_ss=7b6a8&oh=00_Af9qZjydUBB-yOPMiiV55jOJ553oopKRxsLAwRx7MzNWeA&oe=6A2C2FCB,zorbina,https://www.instagram.com/zorbina,#prodottomisteriosopenny #accettoregolamento  #holettoprivacypolicy  stracchino 😃,0,0,2026-05-25T17:05:10.000Z,18117971233777077,42005813,2026-06-08T05:00:53.609Z,https://www.instagram.com/p/DYwzWgzjEDa
https://scontent-ams2-1.cdninstagram.com/v/t51.2885-19/457503754_376254655364075_624783150317692304_n.jpg?stp=dst-jpg_s150x150_tt6&_nc_cat=105&ccb=7-5&_nc_sid=f7ccc5&efg=eyJ2ZW5jb2RlX3RhZyI6InByb2ZpbGVfcGljLnd3dy4xMDgwLkMzIn0%3D&_nc_ohc=icdDDzk2tC4Q7kNvwHsqIUM&_nc_oc=AdrAKhbBIR3QGeZA33FX7XWADdTYbxV6wyY0g3lrL_Q2k9K2r64OHAtLxNwUXpSFn50&_nc_zt=24&_nc_ht=scontent-ams2-1.cdninstagram.com&_nc_ss=7b6a8&oh=00_Af_cD6gY8Z75GWZLkFDxezSKx-qIQUQsgwDvHF37gxZehg&oe=6A2C29DB,cris.978,https://www.instagram.com/cris.978,"stracchino ValBontà
#prodottomisteriosoPENNY
#accettoregolamento
#holettoprivacypolicy",0,0,2026-05-27T19:28:27.000Z,18206482237338879,3453171418,2026-06-08T05:00:53.609Z,https://www.instagram.com/p/DYwzWgzjEDa
https://scontent-ams2-1.cdninstagram.com/v/t51.2885-19/341351395_1251814762084246_5819680427663499731_n.jpg?stp=dst-jpg_s150x150_tt6&_nc_cat=103&ccb=7-5&_nc_sid=f7ccc5&efg=eyJ2ZW5jb2RlX3RhZyI6InByb2ZpbGVfcGljLnd3dy4xMDgwLkMzIn0%3D&_nc_ohc=MybWwqZG8jEQ7kNvwHFYIUL&_nc_oc=AdoSgS_3tPe6f7-0bI3H26SVDHk6bBq-LTbRUwK3HDADAmc1gWa93avFSG90sCMPmlA&_nc_zt=24&_nc_ht=scontent-ams2-1.cdninstagram.com&_nc_ss=7b6a8&oh=00_Af-fvbaayWSSGo3MjxjRjlnAc-mEgN0IVxLMqKJkzkkIrw&oe=6A2C34B6,incucinadakate,https://www.instagram.com/incucinadakate,STRACCHINO VALBONTA' #prodottomisteriosoPENNY #accettoregolamento #holettoprivacypolicy,0,0,2026-05-25T14:18:28.000Z,18324312637267326,47354651505,2026-06-08T05:00:53.609Z,https://www.instagram.com/p/DYwzWgzjEDa
https://scontent-ams2-1.cdninstagram.com/v/t51.82787-19/671091388_18087147074074839_1973895186120465068_n.jpg?stp=dst-jpg_s150x150_tt6&_nc_cat=100&ccb=7-5&_nc_sid=f7ccc5&efg=eyJ2ZW5jb2RlX3RhZyI6InByb2ZpbGVfcGljLnd3dy40NzQuQzMifQ%3D%3D&_nc_ohc=eWfXRdaSyREQ7kNvwFt5bj-&_nc_oc=AdohEmdhGiigH-5T9t1KimvswIFJMHrY8-B3N09MQf21Rgpjyai-PFK6G4OXyE5iKEM&_nc_zt=24&_nc_ht=scontent-ams2-1.cdninstagram.com&_nc_gid=IEitnoj9CxiP9JkMyDsLHw&_nc_ss=7b2a8&oh=00_Af9s--vnl2GLZqfvukJGX58ctqjZWNPbfU8zaVaCaHelYg&oe=6A2C19BF,angelmina7044,https://www.instagram.com/angelmina7044,"stracchino  #prodottomisteriosoPENNY
#accettoregolamento
#holettoprivacypolicy",0,0,2026-05-26T05:48:35.000Z,18104003284821023,32323274838,2026-06-08T05:00:59.520Z,https://www.instagram.com/p/DYwzWgzjEDa
https://scontent-ams2-1.cdninstagram.com/v/t51.82787-19/717129287_18267017008293475_4945125995292699437_n.jpg?stp=dst-jpg_s150x150_tt6&_nc_cat=105&ccb=7-5&_nc_sid=f7ccc5&efg=eyJ2ZW5jb2RlX3RhZyI6InByb2ZpbGVfcGljLnd3dy4xMDgwLkMzIn0%3D&_nc_ohc=KgO_0PH-caIQ7kNvwH6Prw3&_nc_oc=AdrPdzpStBXgvg9cRPWpkwXkT8eRTTRfv0JF7hVFbov5ltpG4c51I_pw-dn_d_Ee-Fs&_nc_zt=24&_nc_ht=scontent-ams2-1.cdninstagram.com&_nc_gid=IEitnoj9CxiP9JkMyDsLHw&_nc_ss=7b2a8&oh=00_Af_L8cAI0XlAdq8GHUztXzWw0ddrZgl8r1wXdJVWLKmqPQ&oe=6A2C34BA,la_debo_74,https://www.instagram.com/la_debo_74,Stracchino #prodottomidteriosoPenny#accettoregolamento#holettoprivacypolicy,0,0,2026-05-29T10:52:11.000Z,18120434614625934,8730637474,2026-06-08T05:00:59.521Z,https://www.instagram.com/p/DYwzWgzjEDa
https://scontent-ams2-1.cdninstagram.com/v/t51.2885-19/21042764_1749470408684029_2368607741427056640_a.jpg?stp=dst-jpg_s150x150_tt6&_nc_cat=104&ccb=7-5&_nc_sid=f7ccc5&efg=eyJ2ZW5jb2RlX3RhZyI6InByb2ZpbGVfcGljLnd3dy4xMDgwLkMzIn0%3D&_nc_ohc=asCGuluqtW0Q7kNvwGOSaYO&_nc_oc=Adqw5tHfpFLYrS9Lt57fcUcHhK7YcIKYN0c4UtxEm4PyLo10LalV6wuhD-ITMvg-1u4&_nc_zt=24&_nc_ht=scontent-ams2-1.cdninstagram.com&_nc_ss=7b2a8&oh=00_Af-cQYXUrre4KwkSnpTvv-ZJl8uvz-jjawGDbOxgF85ZQw&oe=6A2C2D33,evaforner,https://www.instagram.com/evaforner,#prodottomisteriosoPENNY #accettoregolamento #holettoprivacypolicy stracchino valbontà,0,0,2026-05-26T15:04:17.000Z,18102336653017147,3263519237,2026-06-08T05:00:59.521Z,https://www.instagram.com/p/DYwzWgzjEDa
https://scontent-ams2-1.cdninstagram.com/v/t51.82787-19/584062718_18329270173211960_9171112670277016498_n.jpg?stp=dst-jpg_s150x150_tt6&_nc_cat=104&ccb=7-5&_nc_sid=f7ccc5&efg=eyJ2ZW5jb2RlX3RhZyI6InByb2ZpbGVfcGljLnd3dy4xMDgwLkMzIn0%3D&_nc_ohc=z-nGTK3-Ls4Q7kNvwFffq6I&_nc_oc=AdqWagnchOPWtfBr3WWnPA6CnUpALYh2IbNAOiekDf_revJpTNSL2yFc3uzWxPUckL4&_nc_zt=24&_nc_ht=scontent-ams2-1.cdninstagram.com&_nc_gid=IEitnoj9CxiP9JkMyDsLHw&_nc_ss=7b2a8&oh=00_Af99iBZewGY0eNCI17_u0bM-0VVLcNzH-q-sqHRNFOCA7g&oe=6A2C3A68,elena.bestetti,https://www.instagram.com/elena.bestetti,"stracchino #prodottomisteriosoPENNY
#accettoregolamento
#holettoprivacypolicy",0,0,2026-05-26T13:20:40.000Z,17941244664038711,6415803959,2026-06-08T05:00:59.521Z,https://www.instagram.com/p/DYwzWgzjEDa
https://scontent-ams2-1.cdninstagram.com/v/t51.82787-19/701030889_18443749612140349_2480782509375529195_n.jpg?stp=dst-jpg_s150x150_tt6&_nc_cat=100&ccb=7-5&_nc_sid=f7ccc5&efg=eyJ2ZW5jb2RlX3RhZyI6InByb2ZpbGVfcGljLnd3dy44MTguQzMifQ%3D%3D&_nc_ohc=-jEom1mg58MQ7kNvwH0tFf8&_nc_oc=AdoflqMhfKsNthTb4ng6B2gp56mfYq86Vfa-ILv1BroVvv8r3uVDnnOHIpCaQtsGXpU&_nc_zt=24&_nc_ht=scontent-ams2-1.cdninstagram.com&_nc_gid=IEitnoj9CxiP9JkMyDsLHw&_nc_ss=7b2a8&oh=00_Af9Vbeq6iuuP3cm3HYfB-ueOCKgseLFtsmY0gZFRmlGiYw&oe=6A2C0499,robertatzncrespolini,https://www.instagram.com/robertatzncrespolini,Stracchino Valbonta' #prodottomisteriosoPENNY #accettoregolamento #holettoprivacypolicy,0,0,2026-05-26T08:39:17.000Z,18100982603323023,4105348348,2026-06-08T05:00:59.521Z,https://www.instagram.com/p/DYwzWgzjEDa
https://scontent-ams2-1.cdninstagram.com/v/t51.89012-19/573323465_1219825463302212_7278921664109726296_n.jpg?stp=dst-jpg_s150x150_tt6&_nc_cat=1&ccb=7-5&_nc_sid=f7ccc5&efg=eyJ2ZW5jb2RlX3RhZyI6InByb2ZpbGVfcGljLnd3dy5DMyJ9&_nc_ohc=YQQEIw1CjK0Q7kNvwGGNPon&_nc_oc=Adp7JMSj7AOEo1lF5QYw3Jy1M1xQO7rN0cMzWMAfIgmY47pgvLcGGpfiNyLdn_i3N0A&_nc_zt=24&_nc_ht=scontent-ams2-1.cdninstagram.com&_nc_gid=IEitnoj9CxiP9JkMyDsLHw&_nc_ss=7b2a8&oh=00_Af-V67rY0xCS6FMNmcfj6qETBQrRO_wUPYfJ2Q0OjuJkQQ&oe=6A2C03A2,giuseppe119_2,https://www.instagram.com/giuseppe119_2,Stracchino Valbontà #prodottomisteriosopenny #accettoregolamento #holettoprivacypolicy  @mary92018,0,0,2026-05-27T11:23:12.000Z,18470153032097110,70778095455,2026-06-08T05:00:59.521Z,https://www.instagram.com/p/DYwzWgzjEDa
https://scontent-ams2-1.cdninstagram.com/v/t51.82787-19/659086554_18576203065009308_5599764027004737301_n.jpg?stp=dst-jpg_s150x150_tt6&_nc_cat=104&ccb=7-5&_nc_sid=f7ccc5&efg=eyJ2ZW5jb2RlX3RhZyI6InByb2ZpbGVfcGljLnd3dy4xMDgwLkMzIn0%3D&_nc_ohc=SOmYG9-CZVIQ7kNvwG81O3E&_nc_oc=AdrngvBr8mKzziPZt6zBW1P7HCD6HknPvqGrhlOZLuoa8WrdAIHz6LeUJe6PaZMvKsU&_nc_zt=24&_nc_ht=scontent-ams2-1.cdninstagram.com&_nc_gid=IEitnoj9CxiP9JkMyDsLHw&_nc_ss=7b2a8&oh=00_Af9fQfrR39l-WiTqDJOqbbDybX4Iv6vbLv9hRC2uOTFHXw&oe=6A2C1C5F,nikkarome,https://www.instagram.com/nikkarome,Stracchino ValBonta' #prodottomisteriosopenny #accettoregolamento #holettoprivacypolicy @super_fede85,0,0,2026-05-27T08:59:13.000Z,18082026143634531,640201307,2026-06-08T05:00:59.521Z,https://www.instagram.com/p/DYwzWgzjEDa
https://scontent-ams2-1.cdninstagram.com/v/t51.2885-19/103840135_283169003066997_3591223696980610805_n.jpg?stp=dst-jpg_s150x150_tt6&_nc_cat=102&ccb=7-5&_nc_sid=f7ccc5&efg=eyJ2ZW5jb2RlX3RhZyI6InByb2ZpbGVfcGljLnd3dy4xMDgwLkMzIn0%3D&_nc_ohc=QHom5RRIwcYQ7kNvwEdVqAJ&_nc_oc=Adpba5nXq7W8yKraxEcgs8pxpZSIR-Pmkgf1MmDQRkDV7TaUaZgoNu9vzSWcg8iMh4A&_nc_zt=24&_nc_ht=scontent-ams2-1.cdninstagram.com&_nc_ss=7b2a8&oh=00_Af_f8NsP93fRd70JMLpXDjj59SY-O76Je8BOsXsV7EOr7Q&oe=6A2C171B,sandrarossi.penelope,https://www.instagram.com/sandrarossi.penelope,Stracchino ValBontà #prodottomisteriosoPENNY #accettoregolamento #holettoprivacypolicy,0,0,2026-05-25T13:42:05.000Z,18338450854218175,37710321385,2026-06-08T05:00:59.521Z,https://www.instagram.com/p/DYwzWgzjEDa
https://scontent-ams2-1.cdninstagram.com/v/t51.2885-19/474114146_586770237603175_1308280386674054712_n.jpg?stp=dst-jpg_s150x150_tt6&_nc_cat=105&ccb=7-5&_nc_sid=f7ccc5&efg=eyJ2ZW5jb2RlX3RhZyI6InByb2ZpbGVfcGljLnd3dy4zMjAuQzMifQ%3D%3D&_nc_ohc=X63yTdi4aIgQ7kNvwGFjE7_&_nc_oc=AdqpZ93JdpSm5fO1AT-jfM-1_46DUTSBSvx-C1GD4-IyMayzxoS-4imsZs9Uxlnp2EU&_nc_zt=24&_nc_ht=scontent-ams2-1.cdninstagram.com&_nc_ss=7b2a8&oh=00_Af-K57Be3CsvFOmEyW6hsQV2xq-q11vqFBYNaQAtr3x_5A&oe=6A2C3191,luisades2024,https://www.instagram.com/luisades2024,"#prodottomisteriosoPENNY
#accettoregolamento
#holettoprivacypolicy Stracchino",0,0,2026-05-30T11:15:49.000Z,18082446335443323,65813945902,2026-06-08T05:00:59.521Z,https://www.instagram.com/p/DYwzWgzjEDa
https://scontent-ams2-1.cdninstagram.com/v/t51.2885-19/345436381_227103466601694_1192168735491515238_n.jpg?stp=dst-jpg_s150x150_tt6&_nc_cat=110&ccb=7-5&_nc_sid=f7ccc5&efg=eyJ2ZW5jb2RlX3RhZyI6InByb2ZpbGVfcGljLnd3dy43MDEuQzMifQ%3D%3D&_nc_ohc=nXUDIAd-eDAQ7kNvwEEMF6c&_nc_oc=Adr15FP8ga5POL59SaMPeuiJwD-qMCOJEGzabZa-Ofc1_KqL_PwaIcfFMdJMLkuL67U&_nc_zt=24&_nc_ht=scontent-ams2-1.cdninstagram.com&_nc_ss=7b2a8&oh=00_Af-G_5wGNGnRouz7NG19ibLzDLDUDZLXEnjR4edWafL3Jw&oe=6A2C383E,andreaxel2385,https://www.instagram.com/andreaxel2385,Stracchino Valbontà #prodottomisteriosopenny #accettoregolamento #holettoprivacypolicy @carolinacrepaldigatti,0,0,2026-05-26T21:19:02.000Z,18103893646999759,6273749464,2026-06-08T05:00:59.521Z,https://www.instagram.com/p/DYwzWgzjEDa
https://scontent-ams2-1.cdninstagram.com/v/t51.82787-19/717675914_18014656646889794_2314538556096877832_n.jpg?stp=dst-jpg_s150x150_tt6&_nc_cat=110&ccb=7-5&_nc_sid=f7ccc5&efg=eyJ2ZW5jb2RlX3RhZyI6InByb2ZpbGVfcGljLnd3dy4xMDgwLkMzIn0%3D&_nc_ohc=V5GLS-LPymIQ7kNvwEXxNxR&_nc_oc=AdqivRzabQR487N2ksUC74UK1ADZOBHFRE7BuC7zxscfl5Gqr3yLhFOkW1uPxrO3m6o&_nc_zt=24&_nc_ht=scontent-ams2-1.cdninstagram.com&_nc_gid=IEitnoj9CxiP9JkMyDsLHw&_nc_ss=7b2a8&oh=00_Af9DZyVKS1I4Bw_pVNLK72_vUziSoyXAid5lfcpZE99AIQ&oe=6A2C1386,super_fede85,https://www.instagram.com/super_fede85,Stracchino valBonta' #prodottomisteriosopenny #accettoregolamento #holettoprivacypolicy  @dori_falco,0,0,2026-05-27T18:21:11.000Z,17912101305401840,56836849793,2026-06-08T05:00:59.521Z,https://www.instagram.com/p/DYwzWgzjEDa
https://scontent-ams2-1.cdninstagram.com/v/t51.2885-19/235478997_870098120287403_2793280592671998891_n.jpg?stp=dst-jpg_s150x150_tt6&_nc_cat=100&ccb=7-5&_nc_sid=f7ccc5&efg=eyJ2ZW5jb2RlX3RhZyI6InByb2ZpbGVfcGljLnd3dy40NTMuQzMifQ%3D%3D&_nc_ohc=NSVhqiWG3D4Q7kNvwF6H5Mr&_nc_oc=AdrUQT-lE-m_6555ws-O-rjVjoX96DgUgP-47W9-SlibvWA1TaY-LbYFwFrz8NghsQY&_nc_zt=24&_nc_ht=scontent-ams2-1.cdninstagram.com&_nc_ss=7b2a8&oh=00_Af802lyoENZYpZxS0-cLKb9ql9LpfoJ-OMDB7WUxTboBtQ&oe=6A2C1E7F,lunvilla,https://www.instagram.com/lunvilla,Stracchino ValBontà #prodottomisteriosopenny  #accettoregolamento #holettoprivacypolicy  @mi__ck___,0,0,2026-05-26T05:57:04.000Z,18073904198659145,366637200,2026-06-08T05:00:59.521Z,https://www.instagram.com/p/DYwzWgzjEDa
https://scontent-ams2-1.cdninstagram.com/v/t51.82787-19/574169161_18486885058072246_6889653177471003146_n.jpg?stp=dst-jpg_s150x150_tt6&_nc_cat=101&ccb=7-5&_nc_sid=f7ccc5&efg=eyJ2ZW5jb2RlX3RhZyI6InByb2ZpbGVfcGljLnd3dy4xMDgwLkMzIn0%3D&_nc_ohc=a-vcb61GVRsQ7kNvwG36X2s&_nc_oc=AdrCkwPdEMToJEnLGT7jp2ua8ytWkNgMDIDzuTx-u8Y-7bOwc2OMPZcgn4b987NKyUU&_nc_zt=24&_nc_ht=scontent-ams2-1.cdninstagram.com&_nc_gid=IEitnoj9CxiP9JkMyDsLHw&_nc_ss=7b2a8&oh=00_Af9A4yIaQInFKdbCybqxnjv3nzSCJlqChvxb6k3XzCVj-g&oe=6A2C3A79,mery_gio83,https://www.instagram.com/mery_gio83,Stracchino ValBontà#prodottomisteriosopenny #accettoregolamento #holettoprivacypolicy,0,0,2026-05-28T05:55:15.000Z,18595446232013165,2225472245,2026-06-08T05:00:59.521Z,https://www.instagram.com/p/DYwzWgzjEDa
https://scontent-ams2-1.cdninstagram.com/v/t51.2885-19/424480167_425000319863385_5206108525542608323_n.jpg?stp=dst-jpg_s150x150_tt6&_nc_cat=101&ccb=7-5&_nc_sid=f7ccc5&efg=eyJ2ZW5jb2RlX3RhZyI6InByb2ZpbGVfcGljLnd3dy45NTcuQzMifQ%3D%3D&_nc_ohc=U07nhuFWR24Q7kNvwGpUQ0D&_nc_oc=Ado9KFLax3R4ppt1svqKc_y5Z23COcA4cBb2yUngRCJ3AA0des0PSYb2eOd4GOIbEkQ&_nc_zt=24&_nc_ht=scontent-ams2-1.cdninstagram.com&_nc_ss=7b2a8&oh=00_Af-TIIBP0OnKLRd1zaD5HRLoaXV42bXg293fARJyz-GiOg&oe=6A2C05AA,mamyann58,https://www.instagram.com/mamyann58,Stracchino #orodottomisteriosopenny #accettoregolamento #holettoprivacypolicy,0,0,2026-05-25T15:35:22.000Z,17889765939489623,6825270205,2026-06-08T05:00:59.521Z,https://www.instagram.com/p/DYwzWgzjEDa
https://scontent-ams2-1.cdninstagram.com/v/t51.82787-19/661622146_18443200408117428_6084420450325806956_n.jpg?stp=dst-jpg_s150x150_tt6&_nc_cat=109&ccb=7-5&_nc_sid=f7ccc5&efg=eyJ2ZW5jb2RlX3RhZyI6InByb2ZpbGVfcGljLnd3dy4xMDgwLkMzIn0%3D&_nc_ohc=2t3HlVDEQ7gQ7kNvwHUq4wy&_nc_oc=AdrW_aPa9ZLMz_nCU561eQzfC3kSP3q9UYThUZyU9U4aBQt3s9cnOcGop5HmwpNNc2w&_nc_zt=24&_nc_ht=scontent-ams2-1.cdninstagram.com&_nc_gid=IEitnoj9CxiP9JkMyDsLHw&_nc_ss=7b2a8&oh=00_Af8lKQCsi_fcajkXU0fqCc6ByWyNO893UQG2u0Ji37W-uA&oe=6A2C0635,maria_teresa_mts_16,https://www.instagram.com/maria_teresa_mts_16,"Stracchino ValBontà #prodottomisteriosoPENNY
#accettoregolamento #holettoprivacypolicy",0,0,2026-05-26T08:40:20.000Z,18104708924081222,3582941427,2026-06-08T05:00:59.521Z,https://www.instagram.com/p/DYwzWgzjEDa
https://scontent-ams2-1.cdninstagram.com/v/t51.2885-19/470974745_2096428417465214_275459768052331852_n.jpg?stp=dst-jpg_s150x150_tt6&_nc_cat=104&ccb=7-5&_nc_sid=f7ccc5&efg=eyJ2ZW5jb2RlX3RhZyI6InByb2ZpbGVfcGljLnd3dy43NTIuQzMifQ%3D%3D&_nc_ohc=zJ50f2QzHlQQ7kNvwEjGt--&_nc_oc=AdoA9uH1YAxDwnCLd6j9zvQXW7DNVGPQvz06vwKBd0l2yJXpWBApl8HChrJe3h3sJ4w&_nc_zt=24&_nc_ht=scontent-ams2-1.cdninstagram.com&_nc_ss=7b6a8&oh=00_Af-lKra5PGnxBzQgr7Qo_lPDxThMNaRmCzR4D_RvfsRg4Q&oe=6A2C349F,giarratana.anna,https://www.instagram.com/giarratana.anna,Stracchino ValBontà #prodottomisteriosoPENNY #accettoregolamento #holettoprivacypolicy,0,0,2026-05-26T15:27:10.000Z,18076195970269440,50053272775,2026-06-08T05:01:05.564Z,https://www.instagram.com/p/DYwzWgzjEDa
https://scontent-ams2-1.cdninstagram.com/v/t51.2885-19/22158133_1456891554363913_5705524161909096448_n.jpg?stp=dst-jpg_s150x150_tt6&_nc_cat=102&ccb=7-5&_nc_sid=f7ccc5&efg=eyJ2ZW5jb2RlX3RhZyI6InByb2ZpbGVfcGljLnd3dy4yMDAuQzMifQ%3D%3D&_nc_ohc=OivDrPZibyMQ7kNvwFLJ5MW&_nc_oc=AdrbG4wTif1ms2vgfs7Ym5v_hVY8Ilonfw6OvfQGBOcI--m1Gvl7tW_EpdgWYVeYyFM&_nc_zt=24&_nc_ht=scontent-ams2-1.cdninstagram.com&_nc_ss=7b6a8&oh=00_Af8JNj6AzhIPhdSygzAlz2fC_jyhQKugLiDgKElf7PWhYw&oe=6A2C0D91,francisporters,https://www.instagram.com/francisporters,"Stracchino ValBontà #prodottomisteriosoPENNY
#accettoregolamento
#holettoprivacypolicy",0,0,2026-05-26T18:15:53.000Z,18151579453484635,6099502735,2026-06-08T05:01:05.564Z,https://www.instagram.com/p/DYwzWgzjEDa
https://scontent-ams2-1.cdninstagram.com/v/t51.2885-19/316447572_211301464656302_5933383330420193757_n.jpg?stp=dst-jpg_s150x150_tt6&_nc_cat=106&ccb=7-5&_nc_sid=f7ccc5&efg=eyJ2ZW5jb2RlX3RhZyI6InByb2ZpbGVfcGljLnd3dy44NTkuQzMifQ%3D%3D&_nc_ohc=5jvi8ZjqvewQ7kNvwHu_jlo&_nc_oc=AdoyGB6pWHTjemCylFR8C6moHiNe4YjD3NTlWxDAM7-ecY7nfR2z0_bZJhSQWO2uGHE&_nc_zt=24&_nc_ht=scontent-ams2-1.cdninstagram.com&_nc_ss=7b6a8&oh=00_Af8ZG05ll7A6tdz4g34V6c7jWt7YwHQKYWWOdFPtIPMqfw&oe=6A2C0CCC,cati0666,https://www.instagram.com/cati0666,Stracchino Valbontà #prodottomisteriosoPENNY #accettoregolamento #holettoprivacypolicy,0,0,2026-05-25T15:56:53.000Z,18177461419403668,5513899774,2026-06-08T05:01:05.564Z,https://www.instagram.com/p/DYwzWgzjEDa
https://scontent-ams2-1.cdninstagram.com/v/t51.89012-19/573323465_1219825463302212_7278921664109726296_n.jpg?stp=dst-jpg_s150x150_tt6&_nc_cat=1&ccb=7-5&_nc_sid=f7ccc5&efg=eyJ2ZW5jb2RlX3RhZyI6InByb2ZpbGVfcGljLnd3dy5DMyJ9&_nc_ohc=YQQEIw1CjK0Q7kNvwGGNPon&_nc_oc=Adp7JMSj7AOEo1lF5QYw3Jy1M1xQO7rN0cMzWMAfIgmY47pgvLcGGpfiNyLdn_i3N0A&_nc_zt=24&_nc_ht=scontent-ams2-1.cdninstagram.com&_nc_gid=gZomQjvZl0EVVnxgjh_HFA&_nc_ss=7b6a8&oh=00_Af8UKuSZwYpc3Pmu5uv64UGTTkELghiS8De4udtArLOaoQ&oe=6A2C03A2,midnights__dream,https://www.instagram.com/midnights__dream,#holettoprivacypolicy #accettoregolamento #prodottomisteriosopenny 😎 Formaggio spalmabile,0,0,2026-05-29T11:29:36.000Z,18119155408685952,80563934907,2026-06-08T05:01:05.564Z,https://www.instagram.com/p/DYwzWgzjEDa
https://scontent-ams2-1.cdninstagram.com/v/t51.2885-19/66007515_453713055466613_6174156015034957824_n.jpg?stp=dst-jpg_s150x150_tt6&_nc_cat=105&ccb=7-5&_nc_sid=f7ccc5&efg=eyJ2ZW5jb2RlX3RhZyI6InByb2ZpbGVfcGljLnd3dy45MDAuQzMifQ%3D%3D&_nc_ohc=VlU62DoPrmAQ7kNvwGaXj9l&_nc_oc=AdoOVtga5ZHTSBJLyANroer5Mi3OaFEHDM0AmGqO0cwvQmKQoSFofr2j-XQPH6oO6lo&_nc_zt=24&_nc_ht=scontent-ams2-1.cdninstagram.com&_nc_ss=7b6a8&oh=00_Af8R7jcEpKKcxcvtP1VZaysbkwk6fuSz2UAS4RIj-Ohozw&oe=6A2C0FB9,tania.pasquariello,https://www.instagram.com/tania.pasquariello,"Stracchino ValBontà #prodottomisteriosoPENNY
#accettoregolamento
#holettoprivacypolicy",0,0,2026-05-27T09:05:08.000Z,18425015917125137,4663526691,2026-06-08T05:01:05.564Z,https://www.instagram.com/p/DYwzWgzjEDa
https://scontent-ams2-1.cdninstagram.com/v/t51.2885-19/22220711_1836900939954427_558009465425625088_n.jpg?stp=dst-jpg_s150x150_tt6&_nc_cat=104&ccb=7-5&_nc_sid=f7ccc5&efg=eyJ2ZW5jb2RlX3RhZyI6InByb2ZpbGVfcGljLnd3dy40MDkuQzMifQ%3D%3D&_nc_ohc=Tk3tk_pt4e4Q7kNvwGCgeXl&_nc_oc=Adr5v4Z-Oha4_p5b7K4Z5Icwq-3qZ-99QTE_f_jFS1P8qG_wNNHvSzE9uksKSvgz5AQ&_nc_zt=24&_nc_ht=scontent-ams2-1.cdninstagram.com&_nc_ss=7b6a8&oh=00_Af_Me6Sgsb15XMuyYysG4kZ5x_J3zouqHlBsGuBMJjfKBw&oe=6A2C1AC2,gabrigiub,https://www.instagram.com/gabrigiub,Stracchino #prodottomisteriosopenny #accettoregolamento #holettoprivancypolicy,0,0,2026-05-25T16:27:09.000Z,18161631628446462,2901753553,2026-06-08T05:01:05.564Z,https://www.instagram.com/p/DYwzWgzjEDa
https://scontent-ams2-1.cdninstagram.com/v/t51.75761-19/498673563_17849024277467145_6239526911957822847_n.jpg?stp=dst-jpg_s150x150_tt6&_nc_cat=100&ccb=7-5&_nc_sid=f7ccc5&efg=eyJ2ZW5jb2RlX3RhZyI6InByb2ZpbGVfcGljLnd3dy4xMDgwLkMzIn0%3D&_nc_ohc=PQhisKmjuMcQ7kNvwFdcwRn&_nc_oc=AdocGAouWbT4vNqQOzozc2I7CzKU1JSuHIKhLPtSSrgagA1gaCF74qIJR-j1aVisw9w&_nc_zt=24&_nc_ht=scontent-ams2-1.cdninstagram.com&_nc_gid=gZomQjvZl0EVVnxgjh_HFA&_nc_ss=7b6a8&oh=00_Af_Ojhq48iwqDSS_KEjVpgGQpcY6KFZaqLQUvmjs-TB8zQ&oe=6A2C29C3,marta.elaura,https://www.instagram.com/marta.elaura,Stracchino valbontà #accettoregolamento #holettoprivacypolicy #prodottomisteriosopenny,0,0,2026-05-31T21:27:09.000Z,17974119384023162,74055499144,2026-06-08T05:01:05.564Z,https://www.instagram.com/p/DYwzWgzjEDa
https://scontent-ams2-1.cdninstagram.com/v/t51.75761-19/500305163_17850642510462363_2782799472171234617_n.jpg?stp=dst-jpg_s150x150_tt6&_nc_cat=104&ccb=7-5&_nc_sid=f7ccc5&efg=eyJ2ZW5jb2RlX3RhZyI6InByb2ZpbGVfcGljLnd3dy4xMDgwLkMzIn0%3D&_nc_ohc=S7ItkuosnScQ7kNvwHcaSaV&_nc_oc=AdpVekTyyosv45yt51332AhkLdVVHsSedqk-xwh-EaCGxJBWrbP_Uidhv6lza-kRt8A&_nc_zt=24&_nc_ht=scontent-ams2-1.cdninstagram.com&_nc_gid=gZomQjvZl0EVVnxgjh_HFA&_nc_ss=7b6a8&oh=00_Af8f2RhUIOu3lZLOiiFbZWnwhMPdMFeCXsLQSELFVU8MQg&oe=6A2C2391,sogniaocchiaperti2025,https://www.instagram.com/sogniaocchiaperti2025,Stracchino valbontà #accettoregolamento #holettoprivacypolicy #prodottomisteriosopenny,0,0,2026-05-31T21:28:28.000Z,18016519547692606,73875310362,2026-06-08T05:01:05.564Z,https://www.instagram.com/p/DYwzWgzjEDa
https://scontent-ams2-1.cdninstagram.com/v/t51.2885-19/472295387_950965856976492_6113889312228472214_n.jpg?stp=dst-jpg_s150x150_tt6&_nc_cat=101&ccb=7-5&_nc_sid=f7ccc5&efg=eyJ2ZW5jb2RlX3RhZyI6InByb2ZpbGVfcGljLnd3dy4xMDgwLkMzIn0%3D&_nc_ohc=Yy10QUykEzwQ7kNvwFiNWBx&_nc_oc=AdqQwg9yWOtitzuSnv6Ny2B3kIauTbn5c7PnaEl3-X-HQLDJXsOc2ehSCpkwkoJk1PQ&_nc_zt=24&_nc_ht=scontent-ams2-1.cdninstagram.com&_nc_ss=7b6a8&oh=00_Af9144onAX9bzrUcOIvT-4oGs6v5eiuv_cVhCrD76re5uw&oe=6A2C0520,dolci1400,https://www.instagram.com/dolci1400,Stracchino valbontà #accettoregolamento #holettoprivacypolicy #prodottomisteriosopenny,0,0,2026-05-31T21:28:00.000Z,18070286858676195,72002074244,2026-06-08T05:01:05.564Z,https://www.instagram.com/p/DYwzWgzjEDa
https://scontent-ams2-1.cdninstagram.com/v/t51.82787-19/568641301_17844167346596418_3235339580987952034_n.jpg?stp=dst-jpg_s150x150_tt6&_nc_cat=100&ccb=7-5&_nc_sid=f7ccc5&efg=eyJ2ZW5jb2RlX3RhZyI6InByb2ZpbGVfcGljLnd3dy4xMDgwLkMzIn0%3D&_nc_ohc=sojyZGBEI80Q7kNvwHPr5wz&_nc_oc=Adq66AzSzVlRCLM6XQ2z0SQ9w1ziLM4HfYHGoq959r4HqhhZ_bcplVYqPFvwP5MHVyQ&_nc_zt=24&_nc_ht=scontent-ams2-1.cdninstagram.com&_nc_gid=gZomQjvZl0EVVnxgjh_HFA&_nc_ss=7b6a8&oh=00_Af_hvwQ9qymzhpsWVlsJeNBgjYBtJCwDYncHBI_re8rADA&oe=6A2C0E1A,duck.5760339,https://www.instagram.com/duck.5760339,Stracchino valbontà #accettoregolamento #holettoprivacypolicy #prodottomisteriosopenny,0,0,2026-05-31T21:30:09.000Z,18025927712831703,77836932417,2026-06-08T05:01:05.564Z,https://www.instagram.com/p/DYwzWgzjEDa
https://scontent-ams2-1.cdninstagram.com/v/t51.75761-19/500237151_17848914240469139_7207464268858503720_n.jpg?stp=dst-jpg_s150x150_tt6&_nc_cat=110&ccb=7-5&_nc_sid=f7ccc5&efg=eyJ2ZW5jb2RlX3RhZyI6InByb2ZpbGVfcGljLnd3dy44NjQuQzMifQ%3D%3D&_nc_ohc=Eu_nS3MKqg4Q7kNvwHNI9Ta&_nc_oc=AdrMTG_5R3k6_B8WIzGnOMzP0V-dPpDn4wzoJMQyXHMyARvtiPK7RMNFQKxaRyZwwhQ&_nc_zt=24&_nc_ht=scontent-ams2-1.cdninstagram.com&_nc_gid=gZomQjvZl0EVVnxgjh_HFA&_nc_ss=7b6a8&oh=00_Af85IXfV_DAa3cowPqwVWpkeKC-CRl8I9CPQHtlKro7cqg&oe=6A2C1402,amorecuore2025,https://www.instagram.com/amorecuore2025,Stracchino valbontà #accettoregolamento #holettoprivacypolicy #prodottomisteriosopenny,0,0,2026-05-31T21:29:31.000Z,18394877950083593,74059453138,2026-06-08T05:01:05.564Z,https://www.instagram.com/p/DYwzWgzjEDa
https://scontent-ams2-1.cdninstagram.com/v/t51.82787-19/671761963_18093455113922522_8142251357331876240_n.jpg?stp=dst-jpg_s150x150_tt6&_nc_cat=106&ccb=7-5&_nc_sid=f7ccc5&efg=eyJ2ZW5jb2RlX3RhZyI6InByb2ZpbGVfcGljLnd3dy4xMDgwLkMzIn0%3D&_nc_ohc=LoYe0pZbsOwQ7kNvwE6PXkO&_nc_oc=AdrHxdN-O4mdVbjxksK-qMizqaDgdIeTDh60HMmi9TpBw36I9oJpB_06Uh3L3iqnhhM&_nc_zt=24&_nc_ht=scontent-ams2-1.cdninstagram.com&_nc_gid=gZomQjvZl0EVVnxgjh_HFA&_nc_ss=7b6a8&oh=00_Af-7_bwTnVEvqD1MXNPilYxw9oUjGcmpB0SfPalNQD_U6w&oe=6A2C2D6C,alligator.22428954,https://www.instagram.com/alligator.22428954,Stracchino valbontà #accettoregolamento #holettoprivacypolicy #prodottomisteriosopenny,0,0,2026-05-31T21:28:59.000Z,17866467609685983,27676954521,2026-06-08T05:01:05.564Z,https://www.instagram.com/p/DYwzWgzjEDa
https://scontent-ams2-1.cdninstagram.com/v/t51.82787-19/518976652_17844044148533269_6243339960715356514_n.jpg?stp=dst-jpg_s150x150_tt6&_nc_cat=102&ccb=7-5&_nc_sid=f7ccc5&efg=eyJ2ZW5jb2RlX3RhZyI6InByb2ZpbGVfcGljLnd3dy4xMDgwLkMzIn0%3D&_nc_ohc=9vYAIZkw66gQ7kNvwF7Noh3&_nc_oc=Adoayu5MjQDeBwazzfb3jituxHabjxEycEZSCmO5GcDTGdvPjq6ylWW0nld0jwaZVBI&_nc_zt=24&_nc_ht=scontent-ams2-1.cdninstagram.com&_nc_gid=gZomQjvZl0EVVnxgjh_HFA&_nc_ss=7b6a8&oh=00_Af8cTApWigTNYGUrPczTzCCvzqwuWgVyAc2wIAKUOiYk0A&oe=6A2C3464,chiccaleotiamo,https://www.instagram.com/chiccaleotiamo,Stracchino valbontà #accettoregolamento #holettoprivacypolicy #prodottomisteriosopenny,0,0,2026-05-31T21:31:04.000Z,18115094809869527,75913069268,2026-06-08T05:01:05.564Z,https://www.instagram.com/p/DYwzWgzjEDa
https://scontent-ams2-1.cdninstagram.com/v/t51.82787-19/530802991_17849611872533155_6540150288666585169_n.jpg?stp=dst-jpg_s150x150_tt6&_nc_cat=110&ccb=7-5&_nc_sid=f7ccc5&efg=eyJ2ZW5jb2RlX3RhZyI6InByb2ZpbGVfcGljLnd3dy4xMDgwLkMzIn0%3D&_nc_ohc=3bagHXT6qVcQ7kNvwH2bcn4&_nc_oc=AdqKBn4lnafmbI58Hb_cHn7oLbcNdf4kXtllQzGdsEIZgXUdxSP__cug98TCsXpI_g8&_nc_zt=24&_nc_ht=scontent-ams2-1.cdninstagram.com&_nc_gid=gZomQjvZl0EVVnxgjh_HFA&_nc_ss=7b6a8&oh=00_Af9H4aq0aeRuGrX5A9FoXaKmYcm_1HkX3z-kXbzbPOxhwQ&oe=6A2C032A,mondo1559,https://www.instagram.com/mondo1559,Stracchino valbontà #accettoregolamento #holettoprivacypolicy #prodottomisteriosopenny,0,0,2026-05-31T21:30:41.000Z,18105974227869828,75882509154,2026-06-08T05:01:05.564Z,https://www.instagram.com/p/DYwzWgzjEDa
https://scontent-ams2-1.cdninstagram.com/v/t51.82787-19/530081022_17850991383529705_2430252322610048907_n.jpg?stp=dst-jpg_s150x150_tt6&_nc_cat=102&ccb=7-5&_nc_sid=f7ccc5&efg=eyJ2ZW5jb2RlX3RhZyI6InByb2ZpbGVfcGljLnd3dy4xMDgwLkMzIn0%3D&_nc_ohc=DXLumVx4rpsQ7kNvwHhELsA&_nc_oc=AdqitmjUD6c0khbN5M0X-3jSU1-0_5JPeoLPuC3XN1M2ir_UaNsSpMe_EhnmbF2TiZI&_nc_zt=24&_nc_ht=scontent-ams2-1.cdninstagram.com&_nc_gid=gZomQjvZl0EVVnxgjh_HFA&_nc_ss=7b6a8&oh=00_Af9mOcr4kmQ3rdFbH2bdtWs6WqVhu-NvS9_UQg_CqubkLw&oe=6A2C112A,giotregio4,https://www.instagram.com/giotregio4,Stracchino valbontà #accettoregolamento #holettoprivacypolicy #prodottomisteriosopenny,0,0,2026-05-31T21:32:25.000Z,17864401056629412,76002809704,2026-06-08T05:01:05.564Z,https://www.instagram.com/p/DYwzWgzjEDa
https://scontent-ams2-1.cdninstagram.com/v/t51.75761-19/499434481_17850143721464055_3264383911652228494_n.jpg?stp=dst-jpg_s150x150_tt6&_nc_cat=107&ccb=7-5&_nc_sid=f7ccc5&efg=eyJ2ZW5jb2RlX3RhZyI6InByb2ZpbGVfcGljLnd3dy4xMDgwLkMzIn0%3D&_nc_ohc=26StQOKTlA0Q7kNvwHtEZrL&_nc_oc=AdrbZf9KGX3cNZSjzuROFxXy3iwuaD_Z2gwaH8c6Ag2eBqFPSXYm7WggNXkcZ3XTmPE&_nc_zt=24&_nc_ht=scontent-ams2-1.cdninstagram.com&_nc_gid=Mpq0zXZCpuGhi4QtFMmdLg&_nc_ss=7b6a8&oh=00_Af_OTJ5QWZ-jJmtXiIe17pXSMEgTHhdpyh--_oDheWnDfQ&oe=6A2C260C,lauravaccaro2025,https://www.instagram.com/lauravaccaro2025,Stracchino valbontà #accettoregolamento #holettoprivacypolicy #prodottomisteriosopenny,0,0,2026-05-31T21:32:03.000Z,18113628142855756,74091584054,2026-06-08T05:01:11.525Z,https://www.instagram.com/p/DYwzWgzjEDa
https://scontent-ams2-1.cdninstagram.com/v/t51.2885-19/468454249_1301617397853904_1047707876621390943_n.jpg?stp=dst-jpg_s150x150_tt6&_nc_cat=103&ccb=7-5&_nc_sid=f7ccc5&efg=eyJ2ZW5jb2RlX3RhZyI6InByb2ZpbGVfcGljLnd3dy4xMDgwLkMzIn0%3D&_nc_ohc=KkKAQpHLENUQ7kNvwGwKVv-&_nc_oc=AdrwhEt6sh_dEKsfxUpc6dA59DgfZl51AoKf6MdTfmXTFI5aW4GoxJgdw1ltfVtlUrU&_nc_zt=24&_nc_ht=scontent-ams2-1.cdninstagram.com&_nc_ss=7b6a8&oh=00_Af-PIHjbIqwLvKHDfFsZYt-icNP-2dIoOKI6e-N-McVncw&oe=6A2C1A6C,georgie19932509,https://www.instagram.com/georgie19932509,Stracchino ValBontà #prodottomisteriosoPENNY #accettoregolamento #holettoprivacypolicy,0,0,2026-05-30T18:51:23.000Z,18099256265279404,70873034523,2026-06-08T05:01:11.525Z,https://www.instagram.com/p/DYwzWgzjEDa
https://scontent-ams2-1.cdninstagram.com/v/t51.2885-19/313974315_478995294207073_2803763533863153966_n.jpg?stp=dst-jpg_s150x150_tt6&_nc_cat=111&ccb=7-5&_nc_sid=f7ccc5&efg=eyJ2ZW5jb2RlX3RhZyI6InByb2ZpbGVfcGljLnd3dy4xMDgwLkMzIn0%3D&_nc_ohc=LPJX0_Op434Q7kNvwFLpJ-i&_nc_oc=AdosP-vQ739mfEP3PciFpvoXJ4nbJWEa-N2sN8trycluw13Fp7vzOINBHb0JYkZGh_g&_nc_zt=24&_nc_ht=scontent-ams2-1.cdninstagram.com&_nc_ss=7b6a8&oh=00_Af8d4gP-ufKv4p5DvMY9ZtO3_EyyFyL-J9j6roadPUizGw&oe=6A2C3878,clara.tzn,https://www.instagram.com/clara.tzn,"Stracchino #prodottomisteriosoPENNY
#accettoregolamento
#holettoprivacypolicy",0,0,2026-05-25T17:04:12.000Z,18329817394265787,3005144645,2026-06-08T05:01:11.525Z,https://www.instagram.com/p/DYwzWgzjEDa
https://scontent-ams2-1.cdninstagram.com/v/t51.2885-19/21433970_1709056209112820_4155750762938368000_a.jpg?stp=dst-jpg_s150x150_tt6&_nc_cat=111&ccb=7-5&_nc_sid=f7ccc5&efg=eyJ2ZW5jb2RlX3RhZyI6InByb2ZpbGVfcGljLnd3dy44MDAuQzMifQ%3D%3D&_nc_ohc=MhZmHEJC96cQ7kNvwHGhIea&_nc_oc=AdpIKhcSgS-4Xm2tBzU9KewHiZwtVlJoy1fYBVl_afPpxhK1cVOgpvZL0mo0uEmiHEM&_nc_zt=24&_nc_ht=scontent-ams2-1.cdninstagram.com&_nc_ss=7b6a8&oh=00_Af8LXBbGjWsPDoJVdESjOOcj_CfcgkmdQmHl98rdqQ3zXg&oe=6A2C052E,lerennedisimo,https://www.instagram.com/lerennedisimo,"Stracchino #prodottomisteriosoPENNY
#accettoregolamento
#holettoprivacypolicy",0,0,2026-05-25T14:53:51.000Z,17861105646634072,5995730963,2026-06-08T05:01:11.525Z,https://www.instagram.com/p/DYwzWgzjEDa
https://scontent-ams2-1.cdninstagram.com/v/t51.2885-19/13707175_1340919329261129_1472895803_a.jpg?stp=dst-jpg_s150x150_tt6&_nc_cat=105&ccb=7-5&_nc_sid=f7ccc5&efg=eyJ2ZW5jb2RlX3RhZyI6InByb2ZpbGVfcGljLnd3dy4xMDgwLkMzIn0%3D&_nc_ohc=L12dairFveIQ7kNvwFcRo-k&_nc_oc=Adp0H-EMBHH7X5VXYftsu-ucuAAfRco-NYi7xagss0MD648wG_2ihK5t4agT0oeaRDM&_nc_zt=24&_nc_ht=scontent-ams2-1.cdninstagram.com&_nc_ss=7b6a8&oh=00_Af-rQACbq4mpdtqY7OThunYGqPAjKizAYj_mYUygNLfTJA&oe=6A2C0A35,alessandrabedendo,https://www.instagram.com/alessandrabedendo,Stracchino #prodottomisteriosoPENNY  #accettoregolamento #holettoprivacypolicy,0,0,2026-05-25T14:48:13.000Z,18590930479043077,3620502832,2026-06-08T05:01:11.525Z,https://www.instagram.com/p/DYwzWgzjEDa
https://scontent-ams2-1.cdninstagram.com/v/t51.2885-19/129765857_165855261919475_4475028560340275982_n.jpg?stp=dst-jpg_s150x150_tt6&_nc_cat=104&ccb=7-5&_nc_sid=f7ccc5&efg=eyJ2ZW5jb2RlX3RhZyI6InByb2ZpbGVfcGljLnd3dy40ODkuQzMifQ%3D%3D&_nc_ohc=jF_LNmaUWAoQ7kNvwGGowOQ&_nc_oc=AdorWxVZIulhav3JrW2wDE5OKKiyaho2IoTIYK0eC93oU6YWYKOv03BwRlVErhB0vmc&_nc_zt=24&_nc_ht=scontent-ams2-1.cdninstagram.com&_nc_ss=7b6a8&oh=00_Af9CusReIMtX7GWFp4XbKOdwlH8vRI1_X64S1dgCB4_NHA&oe=6A2C204E,mauro69rossonero,https://www.instagram.com/mauro69rossonero,Stracchino #prodottomisteriosoPENNY #accettoregolamento  #holettoprivacypolicy,0,0,2026-05-25T14:43:09.000Z,18089597921362719,44909189015,2026-06-08T05:01:11.525Z,https://www.instagram.com/p/DYwzWgzjEDa
https://scontent-ams2-1.cdninstagram.com/v/t51.2885-19/462990183_911326620933050_5422680763004132122_n.jpg?stp=dst-jpg_s150x150_tt6&_nc_cat=102&ccb=7-5&_nc_sid=f7ccc5&efg=eyJ2ZW5jb2RlX3RhZyI6InByb2ZpbGVfcGljLnd3dy45NTUuQzMifQ%3D%3D&_nc_ohc=aH96WqhvSiwQ7kNvwGydJXx&_nc_oc=AdoBRmcLA4XFLn1ZupoWQx2jlouWv5nu4k3wVOcwxKAKOe8jUOHc3sn24O9eZ226ytw&_nc_zt=24&_nc_ht=scontent-ams2-1.cdninstagram.com&_nc_ss=7b6a8&oh=00_Af9fYXLG3kwRKw2TgJ3WBwUK_Nzp4v8b-rhRXMqBYGZWTA&oe=6A2C21F7,franky_an,https://www.instagram.com/franky_an,stracchino #holettoprivacypolicy #accettoilregolamento #prodottomisteriosopenny,0,0,2026-05-27T07:16:02.000Z,18357062176208763,387963705,2026-06-08T05:01:11.525Z,https://www.instagram.com/p/DYwzWgzjEDa
https://scontent-ams2-1.cdninstagram.com/v/t51.2885-19/198693078_4384507761628130_3281340383579626995_n.jpg?stp=dst-jpg_s150x150_tt6&_nc_cat=107&ccb=7-5&_nc_sid=f7ccc5&efg=eyJ2ZW5jb2RlX3RhZyI6InByb2ZpbGVfcGljLnd3dy4zMjAuQzMifQ%3D%3D&_nc_ohc=_A0fl_AgCdwQ7kNvwHgE7H8&_nc_oc=Adqc7N6FEplHWhALU0pS9AHiUzvWYpb4fCeZTDJxR--A75iPnqjLZukAqfo4-CKvKLg&_nc_zt=24&_nc_ht=scontent-ams2-1.cdninstagram.com&_nc_ss=7b6a8&oh=00_Af-G4kt5a9vP-COtxKLkK26TQtgptPTtlSCRNXvoq9UKcw&oe=6A2C1BEC,tester_la_mia_passione,https://www.instagram.com/tester_la_mia_passione,Stracchino 😋#prodottomisteriosopenny#accettoregolamento#holettoprivacypolicy,0,0,2026-05-25T15:16:57.000Z,18086883278375756,47722677185,2026-06-08T05:01:11.525Z,https://www.instagram.com/p/DYwzWgzjEDa
https://scontent-ams2-1.cdninstagram.com/v/t51.2885-19/275901079_278559061121578_1324643504289093887_n.jpg?stp=dst-jpg_s150x150_tt6&_nc_cat=110&ccb=7-5&_nc_sid=f7ccc5&efg=eyJ2ZW5jb2RlX3RhZyI6InByb2ZpbGVfcGljLnd3dy4xMDgwLkMzIn0%3D&_nc_ohc=LwpyyS9ZgmUQ7kNvwE8nO43&_nc_oc=Adp4YvUQdzMkVBJA69YG3rOm6dQPXGG1qcvH9RLl6-ZiftFNj9T1eJzRTKwbNlwHRxM&_nc_zt=24&_nc_ht=scontent-ams2-1.cdninstagram.com&_nc_ss=7b6a8&oh=00_Af8lxauiTQ7biiyKIA7V85Giay0UCYVmXxqtNkriYEvahQ&oe=6A2C36DE,mico._85,https://www.instagram.com/mico._85,Stracchino #prodottomisteriosoPENNY #accettoregolamento #holettoprivacypolicy,0,0,2026-05-25T13:58:37.000Z,18201277921355007,52247546526,2026-06-08T05:01:11.525Z,https://www.instagram.com/p/DYwzWgzjEDa
https://scontent-ams2-1.cdninstagram.com/v/t51.2885-19/11925776_1722194104658825_393878018_a.jpg?_nc_cat=107&ccb=7-5&_nc_sid=f7ccc5&efg=eyJ2ZW5jb2RlX3RhZyI6InByb2ZpbGVfcGljLnd3dy4xNTAuQzMifQ%3D%3D&_nc_ohc=D28YEKC6Ap8Q7kNvwHIve5-&_nc_oc=AdpPryCC0WQaMSe2jYrINr02i0ZyEUcfRIwoD4HEeesiNM0TaV0lNWVsA4i0VwlU11Q&_nc_zt=24&_nc_ht=scontent-ams2-1.cdninstagram.com&_nc_ss=7b6a8&oh=00_Af__Vie-rlw4xipKxNotCgJleiZ2cKVrpys6WWRtlnusSw&oe=6A2C09FD,j4ck1986,https://www.instagram.com/j4ck1986,"Stracchino #prodottomisteriosoPENNY
#accettoregolamento
#holettoprivacypolicy",0,0,2026-05-25T18:14:57.000Z,17916107412182324,205861771,2026-06-08T05:01:11.525Z,https://www.instagram.com/p/DYwzWgzjEDa
https://scontent-ams2-1.cdninstagram.com/v/t51.2885-19/340670748_170566189247308_1339014084676175907_n.jpg?stp=dst-jpg_s150x150_tt6&_nc_cat=110&ccb=7-5&_nc_sid=f7ccc5&efg=eyJ2ZW5jb2RlX3RhZyI6InByb2ZpbGVfcGljLnd3dy4xMDgwLkMzIn0%3D&_nc_ohc=2dqOxtZFuBUQ7kNvwGmmGe-&_nc_oc=Adp-53McE1C0ABHn2OrqZyUB-3jImQEbptAgOrIEMOMDcUqXax2STTR_XqHd9v7cCxI&_nc_zt=24&_nc_ht=scontent-ams2-1.cdninstagram.com&_nc_ss=7b6a8&oh=00_Af--z4qXWP8DEHPzZ2kvZ1ovVkDOuHKtDQYSqq27moV2og&oe=6A2C305A,clo9659,https://www.instagram.com/clo9659,stracchino #prodottomisteriosopenny #accettoregolamento #holettoprivacypolicy,0,0,2026-05-25T17:09:39.000Z,17956209491964495,12367414317,2026-06-08T05:01:11.525Z,https://www.instagram.com/p/DYwzWgzjEDa
https://scontent-ams2-1.cdninstagram.com/v/t51.2885-19/297553663_2224557694379783_3258366604772573328_n.jpg?_nc_cat=107&ccb=7-5&_nc_sid=f7ccc5&efg=eyJ2ZW5jb2RlX3RhZyI6InByb2ZpbGVfcGljLnd3dy4xNTAuQzMifQ%3D%3D&_nc_ohc=_5HZnhOcEmgQ7kNvwHbYNDN&_nc_oc=Adpzp_Y945LZEb0mvLGrXyz8JYEPmoFjd37YUARaoHHmykXt1TnxqPmV-8P9OgCnaJw&_nc_zt=24&_nc_ht=scontent-ams2-1.cdninstagram.com&_nc_ss=7b6a8&oh=00_Af-X2LsyLjNTtSbRdI872YbCp_c_7pQHsDmtxyfp0EjuQQ&oe=6A2C1938,ros.for3,https://www.instagram.com/ros.for3,Stracchino ValBontà #prodottomisteriosoPenny #accettoregolamento #holettoprivacypolicy,0,0,2026-05-30T13:20:59.000Z,17898182343452577,50812839938,2026-06-08T05:01:11.525Z,https://www.instagram.com/p/DYwzWgzjEDa
https://scontent-ams2-1.cdninstagram.com/v/t51.2885-19/470918111_1114689487055247_6581273407659959810_n.jpg?stp=dst-jpg_s150x150_tt6&_nc_cat=104&ccb=7-5&_nc_sid=f7ccc5&efg=eyJ2ZW5jb2RlX3RhZyI6InByb2ZpbGVfcGljLnd3dy4xMDgwLkMzIn0%3D&_nc_ohc=FPy5bFYo8BAQ7kNvwHRuxpL&_nc_oc=AdqcqhtCRFl9H81IR5IyjVKxOljoKhaD36qaC3xmPFJ83biT7viM0Wl2OdF0wvtcus0&_nc_zt=24&_nc_ht=scontent-ams2-1.cdninstagram.com&_nc_ss=7b6a8&oh=00_Af9g8o53QDhaHPZK9WWV4epEx1eNRt7EysepGyu7B34MPw&oe=6A2C26D2,rered.7,https://www.instagram.com/rered.7,"Stracchino #prodottomisteriosoPENNY
#accettoregolamento #holettoprivacypolicy",0,0,2026-05-25T18:42:56.000Z,17975431272031083,50939783262,2026-06-08T05:01:11.525Z,https://www.instagram.com/p/DYwzWgzjEDa
https://scontent-ams2-1.cdninstagram.com/v/t51.89012-19/573323465_1219825463302212_7278921664109726296_n.jpg?stp=dst-jpg_s150x150_tt6&_nc_cat=1&ccb=7-5&_nc_sid=f7ccc5&efg=eyJ2ZW5jb2RlX3RhZyI6InByb2ZpbGVfcGljLnd3dy5DMyJ9&_nc_ohc=YQQEIw1CjK0Q7kNvwGGNPon&_nc_oc=Adp7JMSj7AOEo1lF5QYw3Jy1M1xQO7rN0cMzWMAfIgmY47pgvLcGGpfiNyLdn_i3N0A&_nc_zt=24&_nc_ht=scontent-ams2-1.cdninstagram.com&_nc_gid=Mpq0zXZCpuGhi4QtFMmdLg&_nc_ss=7b6a8&oh=00_Af8cIfgsJYQsfjgJa53bBx1hfcKk2omskWoV1zcbLJGC1g&oe=6A2C03A2,serf.ramas63,https://www.instagram.com/serf.ramas63,Stracchino ValBonta' #ilprodottomisteriosoPENNY  #accettoregolamento #holettoprivacypolicy,0,0,2026-05-31T14:49:41.000Z,17906229939423542,75847239912,2026-06-08T05:01:11.525Z,https://www.instagram.com/p/DYwzWgzjEDa
https://scontent-ams2-1.cdninstagram.com/v/t51.82787-19/604202323_18304633399269413_873105664795444770_n.jpg?stp=dst-jpg_s150x150_tt6&_nc_cat=110&ccb=7-5&_nc_sid=f7ccc5&efg=eyJ2ZW5jb2RlX3RhZyI6InByb2ZpbGVfcGljLnd3dy4xMDgwLkMzIn0%3D&_nc_ohc=VxQgzCtjGZQQ7kNvwHAIe2K&_nc_oc=AdqD2DwYVZkwRzczTqWDlmza1Z-z43D5ZvZomyQw_bLlCc-3qNyg3bNucPoJ9LKUomg&_nc_zt=24&_nc_ht=scontent-ams2-1.cdninstagram.com&_nc_gid=Mpq0zXZCpuGhi4QtFMmdLg&_nc_ss=7b6a8&oh=00_Af-QEZdZLk-ko-7IOljgJh64_JqNOaZj8GnZFolgL-HH7w&oe=6A2C03EE,axu88,https://www.instagram.com/axu88,Stracchino Valbonta’ #prodottomisteriosopenny #accettoregolamento #holettoprivacypolicy @sal.84_,0,0,2026-05-26T20:36:11.000Z,18094464254463208,7950725412,2026-06-08T05:01:11.525Z,https://www.instagram.com/p/DYwzWgzjEDa
https://scontent-ams2-1.cdninstagram.com/v/t51.2885-19/456866439_1141159506990447_3864879583424003355_n.jpg?stp=dst-jpg_s150x150_tt6&_nc_cat=105&ccb=7-5&_nc_sid=f7ccc5&efg=eyJ2ZW5jb2RlX3RhZyI6InByb2ZpbGVfcGljLnd3dy45ODAuQzMifQ%3D%3D&_nc_ohc=aabCFoQqkiUQ7kNvwFs4BFT&_nc_oc=Adps11RglNNlDU0SgyWE1e8BoyyEGxmWg4gRmXNt93DS0NYXE5TqWPrKDev80-tbpQI&_nc_zt=24&_nc_ht=scontent-ams2-1.cdninstagram.com&_nc_ss=7b2a8&oh=00_Af_F9gE91Exq5FAlWaCiz-GAvwWG8-yDRtOp2_XW26KkIA&oe=6A2C0545,___sonia_nails___,https://www.instagram.com/___sonia_nails___,Formaggio spalmabile,0,0,2026-05-26T18:29:31.000Z,17966853219069716,68734223227,2026-06-08T05:01:18.139Z,https://www.instagram.com/p/DYwzWgzjEDa
https://scontent-ams2-1.cdninstagram.com/v/t51.2885-19/299962932_3223641554616890_7577328277498510064_n.jpg?stp=dst-jpg_s150x150_tt6&_nc_cat=104&ccb=7-5&_nc_sid=f7ccc5&efg=eyJ2ZW5jb2RlX3RhZyI6InByb2ZpbGVfcGljLnd3dy41NjguQzMifQ%3D%3D&_nc_ohc=FX64upBUezwQ7kNvwG5Cf-s&_nc_oc=Adr3sLE0SRZlfrRrDRhse1YJ5LRGVw5w0TNpB3fQp3Q74rgd3qO5drvwkyTGqsvt5jU&_nc_zt=24&_nc_ht=scontent-ams2-1.cdninstagram.com&_nc_ss=7b2a8&oh=00_Af_YImuh5EKB_nk-51pNpzSwia5tnFyRnULvG3xqmD-0NA&oe=6A2C13EA,scoccopamela,https://www.instagram.com/scoccopamela,Formaggio spalmabile,0,0,2026-05-28T09:01:23.000Z,18106143253750678,9169589186,2026-06-08T05:01:18.139Z,https://www.instagram.com/p/DYwzWgzjEDa
https://scontent-ams2-1.cdninstagram.com/v/t51.2885-19/28764978_1978581569136221_6026320474747699200_n.jpg?stp=dst-jpg_s150x150_tt6&_nc_cat=109&ccb=7-5&_nc_sid=f7ccc5&efg=eyJ2ZW5jb2RlX3RhZyI6InByb2ZpbGVfcGljLnd3dy43MjAuQzMifQ%3D%3D&_nc_ohc=rX-6NbZnM1UQ7kNvwEtzEso&_nc_oc=AdqfhDNCt_rspMZwbXr7291WKlvNQT0qiUaR8Q4J6wwkhIMbvFrcIUfiTAP1l48a2Ik&_nc_zt=24&_nc_ht=scontent-ams2-1.cdninstagram.com&_nc_ss=7b2a8&oh=00_Af_jm8sPUlUNZMCIIDLGVQiUK_odVwqVepVNH1oiFrjybg&oe=6A2C10A9,cata1877,https://www.instagram.com/cata1877,Formaggio spalmabile,0,0,2026-05-27T18:45:14.000Z,18109533788300969,6037947133,2026-06-08T05:01:18.139Z,https://www.instagram.com/p/DYwzWgzjEDa
https://scontent-ams2-1.cdninstagram.com/v/t51.2885-19/443514144_1221428969021839_592868465630406894_n.jpg?stp=dst-jpg_s150x150_tt6&_nc_cat=109&ccb=7-5&_nc_sid=f7ccc5&efg=eyJ2ZW5jb2RlX3RhZyI6InByb2ZpbGVfcGljLnd3dy44NjQuQzMifQ%3D%3D&_nc_ohc=6Og1WtErubUQ7kNvwEbNuqM&_nc_oc=Adoqsxxl8MjYNI2Ufhr3fv_3X_KLN20UxR-ixIfhg-6kXWZI3dSOSCSZhj3DvwY1zKY&_nc_zt=24&_nc_ht=scontent-ams2-1.cdninstagram.com&_nc_ss=7b2a8&oh=00_Af_LT76Pd9whXEvedWsd9Xmw4byJrTnweCdg4B5Dww11cA&oe=6A2C2E2A,tina862021,https://www.instagram.com/tina862021,Stracchino #prodottomisteriosoPENNY #accettoregolamento #holettoprivacypolicy,0,0,2026-05-25T20:25:24.000Z,17872822263504061,46200076584,2026-06-08T05:01:18.139Z,https://www.instagram.com/p/DYwzWgzjEDa
https://scontent-ams2-1.cdninstagram.com/v/t51.2885-19/435725653_947254223345174_7312045063527370946_n.jpg?stp=dst-jpg_s150x150_tt6&_nc_cat=104&ccb=7-5&_nc_sid=f7ccc5&efg=eyJ2ZW5jb2RlX3RhZyI6InByb2ZpbGVfcGljLnd3dy43ODUuQzMifQ%3D%3D&_nc_ohc=tBUgEfEBVokQ7kNvwFd5vBq&_nc_oc=Adq3TOyf_8EbqBpwr5EE2gIq2iGDoTbMuLAoETm6YJFpmDa0bX9vaUcRVtT1sd5Hevk&_nc_zt=24&_nc_ht=scontent-ams2-1.cdninstagram.com&_nc_ss=7b2a8&oh=00_Af9h5x939Pi8nCThdvSKlQLTiC-Sb36c2RU7FALnSHw1MQ&oe=6A2C27E8,fromvenuswithlove_2023,https://www.instagram.com/fromvenuswithlove_2023,Stracchino #prodottomisteriosoPENNY #accettoregolamento #holettoprivacypolicy,0,0,2026-05-25T20:34:23.000Z,17948997110997355,61996045679,2026-06-08T05:01:18.139Z,https://www.instagram.com/p/DYwzWgzjEDa
https://scontent-ams2-1.cdninstagram.com/v/t51.2885-19/328469729_1231673444129310_7011684766210619562_n.jpg?stp=dst-jpg_s150x150_tt6&_nc_cat=106&ccb=7-5&_nc_sid=f7ccc5&efg=eyJ2ZW5jb2RlX3RhZyI6InByb2ZpbGVfcGljLnd3dy4xMDgwLkMzIn0%3D&_nc_ohc=kjBaLmT5cVMQ7kNvwGiSnDN&_nc_oc=Ado14hGtgZ_1tp0xuh5tC1u93y0hX0De3PBfHh5YLPs6P_ZO603v5tLIQVSe0YqXdGk&_nc_zt=24&_nc_ht=scontent-ams2-1.cdninstagram.com&_nc_ss=7b2a8&oh=00_Af-tWZvx3-6F8lu_pt5PVpq9hqFAd8DbpFtvpEBVcqmiPg&oe=6A2C1459,lemiericette2020,https://www.instagram.com/lemiericette2020,Stracchino #prodottomisteriosoPENNY #accettoregolamento #holettoprivacypolicy,0,0,2026-05-25T21:07:18.000Z,18122961247711516,31001854312,2026-06-08T05:01:18.139Z,https://www.instagram.com/p/DYwzWgzjEDa
https://scontent-ams2-1.cdninstagram.com/v/t51.2885-19/275162773_1135665253896588_468664793718706654_n.jpg?stp=dst-jpg_s150x150_tt6&_nc_cat=106&ccb=7-5&_nc_sid=f7ccc5&efg=eyJ2ZW5jb2RlX3RhZyI6InByb2ZpbGVfcGljLnd3dy4xMDgwLkMzIn0%3D&_nc_ohc=YMU1-Z_06LMQ7kNvwG_98Tf&_nc_oc=Ado_5X6Y2JM6-gdlw2KiluTLpUD-AgrpInMgOug6p3sArxu20n_31qKQN8RMjglE1dU&_nc_zt=24&_nc_ht=scontent-ams2-1.cdninstagram.com&_nc_ss=7b2a8&oh=00_Af-xA7A3W2GJv2MEdPVUmzqPnWzndPfKo1aNeNLdWNaiTA&oe=6A2C16F9,ciabina99,https://www.instagram.com/ciabina99,Crescenza #prodottomisteriosopenny #accettoregolamento #holettoprivacypolicy,0,0,2026-05-25T14:15:28.000Z,18092021624589370,895957266,2026-06-08T05:01:18.139Z,https://www.instagram.com/p/DYwzWgzjEDa
https://scontent-ams2-1.cdninstagram.com/v/t51.2885-19/286939020_1023299584851778_9205929421473406910_n.jpg?stp=dst-jpg_s150x150_tt6&_nc_cat=110&ccb=7-5&_nc_sid=f7ccc5&efg=eyJ2ZW5jb2RlX3RhZyI6InByb2ZpbGVfcGljLnd3dy45NTcuQzMifQ%3D%3D&_nc_ohc=Adr4oG7RkGYQ7kNvwEUmsgt&_nc_oc=AdpsBPgwU_i-JLTUQdhco-7D0rpt0TiFeVY-QWaBdpb4MYGke9rCNa6qiHPMN0eCuPw&_nc_zt=24&_nc_ht=scontent-ams2-1.cdninstagram.com&_nc_ss=7b2a8&oh=00_Af_5sqm0IwXJZnajveISFYUA7zHU0O4goViHUo85KZrSHA&oe=6A2C2CBC,sammyna_76,https://www.instagram.com/sammyna_76,Stracchino ValBontà #prodottomisteriosopenny #accettoregolamento #holettoprivacypolicy,0,0,2026-05-26T04:45:18.000Z,18103060639996036,46529736462,2026-06-08T05:01:18.139Z,https://www.instagram.com/p/DYwzWgzjEDa
https://scontent-ams2-1.cdninstagram.com/v/t51.82787-19/649222239_18064870586661475_6323203244291969431_n.jpg?stp=dst-jpg_s150x150_tt6&_nc_cat=110&ccb=7-5&_nc_sid=f7ccc5&efg=eyJ2ZW5jb2RlX3RhZyI6InByb2ZpbGVfcGljLnd3dy4xMDgwLkMzIn0%3D&_nc_ohc=nmpMDYdyRUUQ7kNvwFnFu3N&_nc_oc=Adq2j5GQIBSqA3-RXHMfHTsh7lNbcf42zGvwfo7E_JFAR3HC1f3p8PIrsmBoAQPax0Q&_nc_zt=24&_nc_ht=scontent-ams2-1.cdninstagram.com&_nc_gid=g2vYb31msyRZpE8esUCFww&_nc_ss=7b2a8&oh=00_Af8tFM9MRhe528mZd0Zonc0EDEicQN-obmdHDBWLpVaOfA&oe=6A2C1F70,inpensione007,https://www.instagram.com/inpensione007,@nonnapapera1955 stracchino val bontà #prodottomisteriosopenny #accettoregolamento #holettoprivacypolicy,0,0,2026-05-27T11:06:37.000Z,17923173951347461,49756469474,2026-06-08T05:01:18.139Z,https://www.instagram.com/p/DYwzWgzjEDa
https://scontent-ams2-1.cdninstagram.com/v/t51.2885-19/309579516_204546431994097_2941063551738189938_n.jpg?stp=dst-jpg_s150x150_tt6&_nc_cat=110&ccb=7-5&_nc_sid=f7ccc5&efg=eyJ2ZW5jb2RlX3RhZyI6InByb2ZpbGVfcGljLnd3dy4xMDc5LkMzIn0%3D&_nc_ohc=zjtR8GOdQ98Q7kNvwFB6zl9&_nc_oc=AdqNQcgd86GGd735LLiRnegpW60x0mCHybu8-HVL9_aRoaAcGzKGH3WPl-BtRoIP4-I&_nc_zt=24&_nc_ht=scontent-ams2-1.cdninstagram.com&_nc_ss=7b2a8&oh=00_Af9qd2dmWG-PbOmlHQbc5on9B3ECK_wPR_0pnsy3tiUPLw&oe=6A2C33B8,roberta.safina,https://www.instagram.com/roberta.safina,Stracchino ValBontà #prodottomisteriosopenny #accettoregolamento #holettoprivacypolicy,0,0,2026-05-26T06:03:46.000Z,18116862340832194,6293485676,2026-06-08T05:01:18.139Z,https://www.instagram.com/p/DYwzWgzjEDa
https://scontent-ams2-1.cdninstagram.com/v/t51.89012-19/573323465_1219825463302212_7278921664109726296_n.jpg?stp=dst-jpg_s150x150_tt6&_nc_cat=1&ccb=7-5&_nc_sid=f7ccc5&efg=eyJ2ZW5jb2RlX3RhZyI6InByb2ZpbGVfcGljLnd3dy5DMyJ9&_nc_ohc=YQQEIw1CjK0Q7kNvwGGNPon&_nc_oc=Adp7JMSj7AOEo1lF5QYw3Jy1M1xQO7rN0cMzWMAfIgmY47pgvLcGGpfiNyLdn_i3N0A&_nc_zt=24&_nc_ht=scontent-ams2-1.cdninstagram.com&_nc_gid=g2vYb31msyRZpE8esUCFww&_nc_ss=7b2a8&oh=00_Af_oPQw1a61hgFeXzqcVhHzfuxaF00Gj14kbU98GiBqt5w&oe=6A2C03A2,vincenzo.carabetta,https://www.instagram.com/vincenzo.carabetta,Stracchino #prodottomisteriosoPENNY #accettoregolamento #holettoprivacypolicy,0,0,2026-05-26T05:53:21.000Z,18065079917417188,53099711738,2026-06-08T05:01:18.139Z,https://www.instagram.com/p/DYwzWgzjEDa
https://scontent-ams2-1.cdninstagram.com/v/t51.2885-19/11382539_601508776658049_902057357_a.jpg?_nc_cat=108&ccb=7-5&_nc_sid=f7ccc5&efg=eyJ2ZW5jb2RlX3RhZyI6InByb2ZpbGVfcGljLnd3dy4xNTAuQzMifQ%3D%3D&_nc_ohc=QOiQxOHW6AMQ7kNvwEVbXwu&_nc_oc=AdrdyELIKXBSGPbiGY6HHmM3QPKOt2vYMpz2cpj9CirZtM1vLB-EF-DI1l1tYkVV7IU&_nc_zt=24&_nc_ht=scontent-ams2-1.cdninstagram.com&_nc_ss=7b2a8&oh=00_Af8_uErADaFR-ZHfEzKw6vMzhjudcFrqn0ZLk9LuYt38Xg&oe=6A2C0F3F,ilsogno_e_qui,https://www.instagram.com/ilsogno_e_qui,Stracchino ...#prodottomisteriosoPENNY  #accettoregolamento #holettoprivacypolicy,0,0,2026-05-25T15:43:21.000Z,17957990835126614,2081003446,2026-06-08T05:01:18.139Z,https://www.instagram.com/p/DYwzWgzjEDa
https://scontent-ams2-1.cdninstagram.com/v/t51.2885-19/121807430_643122006406037_2037002261134705631_n.jpg?stp=dst-jpg_s150x150_tt6&_nc_cat=108&ccb=7-5&_nc_sid=f7ccc5&efg=eyJ2ZW5jb2RlX3RhZyI6InByb2ZpbGVfcGljLnd3dy45MDAuQzMifQ%3D%3D&_nc_ohc=Sj3Swz5-YDoQ7kNvwGjRZVY&_nc_oc=Adq5pJxE92abN-pedzisYCZPDTo9RKgBNS6PzmsxbAgZLz0cHL9N_brGhFlWNo-otgg&_nc_zt=24&_nc_ht=scontent-ams2-1.cdninstagram.com&_nc_ss=7b2a8&oh=00_Af9L0W8OWv21Wo7Fati3WghNXfLn4OPH9XOSaGJKlYFJuQ&oe=6A2C3478,imromafood,https://www.instagram.com/imromafood,Stracchino ValBontà #prodottomisteriosopenny #accettoregolamento #holettoprivacypolicy,0,0,2026-05-26T10:42:06.000Z,18032213711805885,43848969740,2026-06-08T05:01:18.139Z,https://www.instagram.com/p/DYwzWgzjEDa
https://scontent-ams2-1.cdninstagram.com/v/t51.82787-19/711369398_18601214281029318_4359906965691236489_n.jpg?stp=dst-jpg_s150x150_tt6&_nc_cat=110&ccb=7-5&_nc_sid=f7ccc5&efg=eyJ2ZW5jb2RlX3RhZyI6InByb2ZpbGVfcGljLnd3dy43MjAuQzMifQ%3D%3D&_nc_ohc=uuvYFDLJfUUQ7kNvwFAsnea&_nc_oc=AdpGMEpdEt6BwD8G2Wq9K_pp5_dffPkBk_6rh1bO3fKNC8bXRg89N4ZKfjUNBApRCKo&_nc_zt=24&_nc_ht=scontent-ams2-1.cdninstagram.com&_nc_gid=g2vYb31msyRZpE8esUCFww&_nc_ss=7b2a8&oh=00_Af8-N6H-Qq2LpSYl7q0JCt7CySoi5msi5EFKerw6u_N7vQ&oe=6A2C22EB,luigina.calitri,https://www.instagram.com/luigina.calitri,Robiola#prodottomisteriosoPenny #accettoregolamento #holettoprivacypolicy,0,0,2026-05-25T19:17:17.000Z,17940686202215830,1484445317,2026-06-08T05:01:18.139Z,https://www.instagram.com/p/DYwzWgzjEDa
https://scontent-ams2-1.cdninstagram.com/v/t51.2885-19/32443643_628338540870649_4216628140492980224_n.jpg?stp=dst-jpg_s150x150_tt6&_nc_cat=102&ccb=7-5&_nc_sid=f7ccc5&efg=eyJ2ZW5jb2RlX3RhZyI6InByb2ZpbGVfcGljLnd3dy43MjAuQzMifQ%3D%3D&_nc_ohc=CDrmrrzwzTsQ7kNvwF-4237&_nc_oc=AdrMW_hYyXjQ2d67QVCFkz5zHp38ZEL-kKr138lVHMJcPVkEfzI9aqYcPL--dTkMB2w&_nc_zt=24&_nc_ht=scontent-ams2-1.cdninstagram.com&_nc_ss=7b2a8&oh=00_Af9pQguHfRPkDFrhcoT5ULFHMnv0S11_FvfgTeGPmxfBGg&oe=6A2C31FD,la_gnammy,https://www.instagram.com/la_gnammy,#prodottomisteriosopenny  #accettoregolamento #holettoprivacypolicy  Stracchino di capra 🐐,0,0,2026-05-25T23:02:55.000Z,18080073917635830,1765197204,2026-06-08T05:01:18.139Z,https://www.instagram.com/p/DYwzWgzjEDa
https://scontent-ams2-1.cdninstagram.com/v/t51.82787-19/515558164_17895502425251561_1618210530408607007_n.jpg?stp=dst-jpg_s150x150_tt6&_nc_cat=107&ccb=7-5&_nc_sid=f7ccc5&efg=eyJ2ZW5jb2RlX3RhZyI6InByb2ZpbGVfcGljLnd3dy4xMDgwLkMzIn0%3D&_nc_ohc=zs9BWW5OxBsQ7kNvwEbZuKy&_nc_oc=Adoreqdymlg_wAO_REKpFXsZk7KH6cz-3pBWtgEhCjBYUAZ9XxyYWYmwlxPlzhN52lA&_nc_zt=24&_nc_ht=scontent-ams2-1.cdninstagram.com&_nc_gid=4zX0Zol1USOZaIhj5BNb-A&_nc_ss=7b6a8&oh=00_Af_BgM506krXmdA9PjQYNBMaR_aiV72Y106jOR3hH8PnlA&oe=6A2C3A22,maika5861,https://www.instagram.com/maika5861,Stracchino #prodottomisteriosoPENNY #accettoregolamento #holettoprivacypolicy,0,0,2026-05-26T07:22:32.000Z,17970599379025245,67536147560,2026-06-08T05:01:25.635Z,https://www.instagram.com/p/DYwzWgzjEDa
https://scontent-ams2-1.cdninstagram.com/v/t51.89012-19/573323465_1219825463302212_7278921664109726296_n.jpg?stp=dst-jpg_s150x150_tt6&_nc_cat=1&ccb=7-5&_nc_sid=f7ccc5&efg=eyJ2ZW5jb2RlX3RhZyI6InByb2ZpbGVfcGljLnd3dy5DMyJ9&_nc_ohc=YQQEIw1CjK0Q7kNvwGGNPon&_nc_oc=Adp7JMSj7AOEo1lF5QYw3Jy1M1xQO7rN0cMzWMAfIgmY47pgvLcGGpfiNyLdn_i3N0A&_nc_zt=24&_nc_ht=scontent-ams2-1.cdninstagram.com&_nc_gid=4zX0Zol1USOZaIhj5BNb-A&_nc_ss=7b6a8&oh=00_Af9YpEwyOH_VSGEeuc61u4uc-g9nifi5sjaeZdEeQwwJaw&oe=6A2C03A2,c0cc0la,https://www.instagram.com/c0cc0la,"Stracchino
#prodottomisteriosopenny 
#accettoregolamento 
#holettoprivacypolicy 
😋😋😋",0,0,2026-05-26T04:16:29.000Z,17944875492017702,8723006966,2026-06-08T05:01:25.635Z,https://www.instagram.com/p/DYwzWgzjEDa
https://scontent-ams2-1.cdninstagram.com/v/t51.2885-19/32654029_183231322498525_756723450294304768_n.jpg?stp=dst-jpg_s150x150_tt6&_nc_cat=110&ccb=7-5&_nc_sid=f7ccc5&efg=eyJ2ZW5jb2RlX3RhZyI6InByb2ZpbGVfcGljLnd3dy4zMjAuQzMifQ%3D%3D&_nc_ohc=iaTZX-ArEUMQ7kNvwGl3TGE&_nc_oc=Ado0uNujnSIVRN0iFrxOVplHpfALKouR2cCqKTTpDOVrqrogXaTqNHdYSvvr94FroWg&_nc_zt=24&_nc_ht=scontent-ams2-1.cdninstagram.com&_nc_ss=7b6a8&oh=00_Af_-hZnzS-VYQCrHoudPUH7gbatQGFaFHtjCEt9haILtow&oe=6A2C2C35,cliath5,https://www.instagram.com/cliath5,Stracchino ValBontà #prodottomisteriosopenny #accettoregolamento #holettoprivacypolicy,0,0,2026-05-27T04:48:19.000Z,18103579511050854,512783245,2026-06-08T05:01:25.635Z,https://www.instagram.com/p/DYwzWgzjEDa
https://scontent-ams2-1.cdninstagram.com/v/t51.2885-19/18809680_226344464535395_8451045515834949632_a.jpg?stp=dst-jpg_s150x150_tt6&_nc_cat=107&ccb=7-5&_nc_sid=f7ccc5&efg=eyJ2ZW5jb2RlX3RhZyI6InByb2ZpbGVfcGljLnd3dy4yMDAuQzMifQ%3D%3D&_nc_ohc=KM4IbuIEKHoQ7kNvwGyPm4C&_nc_oc=AdrR_edWCslHGPwcF3x1X28r5Vd_avyn90YiIbIpV1s8KC-RXZPMLxI9igVH59vDYRU&_nc_zt=24&_nc_ht=scontent-ams2-1.cdninstagram.com&_nc_ss=7b6a8&oh=00_Af8hawh6SQyAuFvZ5kVB2moIIOFDyW7qVMtQz-XDrBlwaQ&oe=6A2C0B15,edvige.fantoni,https://www.instagram.com/edvige.fantoni,"Stracchino #prodottomisteriosoPENNY
#accettoregolamento
#holettoprivacypolicy",0,0,2026-05-26T14:14:59.000Z,18116603317701600,2124883552,2026-06-08T05:01:25.635Z,https://www.instagram.com/p/DYwzWgzjEDa
https://scontent-ams2-1.cdninstagram.com/v/t51.82787-19/618618404_18549188548035864_3922855104524772946_n.jpg?stp=dst-jpg_s150x150_tt6&_nc_cat=109&ccb=7-5&_nc_sid=f7ccc5&efg=eyJ2ZW5jb2RlX3RhZyI6InByb2ZpbGVfcGljLnd3dy45NjYuQzMifQ%3D%3D&_nc_ohc=niAA3QYmJUcQ7kNvwEUfMIP&_nc_oc=Adr6tsEbhaKu8WyEIxZdkW1HP_OnZSvQNGTcZN1-hTgmUMJBVxGu0XDB9u1ECbjMf9s&_nc_zt=24&_nc_ht=scontent-ams2-1.cdninstagram.com&_nc_gid=4zX0Zol1USOZaIhj5BNb-A&_nc_ss=7b6a8&oh=00_Af-dPJFdgM1x-HUP8Dycj4eXh1Qq5Hpx5vRJACZbLP3TFA&oe=6A2C2855,simona_tomino,https://www.instagram.com/simona_tomino,Stracchino ValBontà #prodottomisteriosopenny #accettoregolamento #holettoprivacypolicy,0,0,2026-05-25T13:16:23.000Z,18080903237541860,1136483863,2026-06-08T05:01:25.635Z,https://www.instagram.com/p/DYwzWgzjEDa
https://scontent-ams2-1.cdninstagram.com/v/t51.2885-19/89828032_795837110923333_5633669200133226496_n.jpg?stp=dst-jpg_s150x150_tt6&_nc_cat=105&ccb=7-5&_nc_sid=f7ccc5&efg=eyJ2ZW5jb2RlX3RhZyI6InByb2ZpbGVfcGljLnd3dy45NjAuQzMifQ%3D%3D&_nc_ohc=quVwRX5CH7YQ7kNvwGu2N_A&_nc_oc=AdoA3l8BA_I_UM3L8q47EnevLiFwOWwUzQEwZO-WJPVXc78ay8BlzPHzgFSOnbrFar0&_nc_zt=24&_nc_ht=scontent-ams2-1.cdninstagram.com&_nc_ss=7b6a8&oh=00_Af_jNdwNHO22ETpj17c-4xjJfe_XiOrzXIr6bOvXzCYqUw&oe=6A2C3490,sabina_placidi,https://www.instagram.com/sabina_placidi,Stracchino #prodottomisteriosoPENNY #accettoregolamento #holettoprivacypolicy,0,0,2026-05-26T17:39:19.000Z,18101307215080119,31589151280,2026-06-08T05:01:25.635Z,https://www.instagram.com/p/DYwzWgzjEDa
https://scontent-ams2-1.cdninstagram.com/v/t51.82787-19/543672536_17889319113345255_7267671399426109113_n.jpg?stp=dst-jpg_s150x150_tt6&_nc_cat=110&ccb=7-5&_nc_sid=f7ccc5&efg=eyJ2ZW5jb2RlX3RhZyI6InByb2ZpbGVfcGljLnd3dy4xMDgwLkMzIn0%3D&_nc_ohc=JatpY4EMzeIQ7kNvwH_Nv9G&_nc_oc=AdrgU8lBWVBQPavaMrqyjFZRRhnY8hQ2LAvDpE5tAJ_xWYu_i-U2K_tEDaS0JkOmGoY&_nc_zt=24&_nc_ht=scontent-ams2-1.cdninstagram.com&_nc_gid=4zX0Zol1USOZaIhj5BNb-A&_nc_ss=7b6a8&oh=00_Af-a-BbjcJ2fkmF0U8CADGeXbPuP2MaM9MBaYUxY97gmyQ&oe=6A2C2D75,giglioeflppone,https://www.instagram.com/giglioeflppone,"Stracchino Valbontà #prodottomisteriosoPENNY #accettoregolamento
#holettoprivacypolicy",0,0,2026-05-27T16:45:28.000Z,18084189392110787,70426137254,2026-06-08T05:01:25.635Z,https://www.instagram.com/p/DYwzWgzjEDa
https://scontent-ams2-1.cdninstagram.com/v/t51.2885-19/477018402_1289178762319677_1969971295455517239_n.jpg?stp=dst-jpg_s150x150_tt6&_nc_cat=106&ccb=7-5&_nc_sid=f7ccc5&efg=eyJ2ZW5jb2RlX3RhZyI6InByb2ZpbGVfcGljLnd3dy4xMDgwLkMzIn0%3D&_nc_ohc=Rsc4W-odXZoQ7kNvwEhCsY4&_nc_oc=AdqkvKg0wKNv3Zh1XM7WWCD6Jf1397Emds_hUEgeO58fLlGFGd8X6SjN_Q6lhWQ-U-w&_nc_zt=24&_nc_ht=scontent-ams2-1.cdninstagram.com&_nc_ss=7b6a8&oh=00_Af_jiD8VbzY5nguLfYoJi5NuByFJRgj7GZKYyRB8pIMsbA&oe=6A2C33D8,ce.mirone,https://www.instagram.com/ce.mirone,Stracchino ValBontà #prodottomisteriosopenny #accettoregolamento #holettoprivacypolicy,0,0,2026-05-27T07:21:26.000Z,18117488521684100,1170233065,2026-06-08T05:01:25.635Z,https://www.instagram.com/p/DYwzWgzjEDa
https://scontent-ams2-1.cdninstagram.com/v/t51.2885-19/470472096_1640350833527433_6182887030347165695_n.jpg?stp=dst-jpg_s150x150_tt6&_nc_cat=107&ccb=7-5&_nc_sid=f7ccc5&efg=eyJ2ZW5jb2RlX3RhZyI6InByb2ZpbGVfcGljLnd3dy4xMDgwLkMzIn0%3D&_nc_ohc=5ur3Hq0-wb8Q7kNvwHjnoGN&_nc_oc=AdoLuEGGntJ1g2bR-6oBslhxxP6oTmj5RMd7gbMcLuwC92yDKEUb8ikuEhXQrf3jjDU&_nc_zt=24&_nc_ht=scontent-ams2-1.cdninstagram.com&_nc_ss=7b6a8&oh=00_Af_DcH4l9ppkCEXYphemX26ryWyHiqy8NCGT2ofGwWKPdQ&oe=6A2C3581,moni_coatti,https://www.instagram.com/moni_coatti,Stracchino ValBontà #prodottomisteriosopenny #accettoregolamento #holettoprivacypolicy,0,0,2026-05-27T11:40:15.000Z,17934772830072206,2160397291,2026-06-08T05:01:25.635Z,https://www.instagram.com/p/DYwzWgzjEDa
https://scontent-ams2-1.cdninstagram.com/v/t51.2885-19/118271852_378236976501189_4903258477909696683_n.jpg?stp=dst-jpg_s150x150_tt6&_nc_cat=103&ccb=7-5&_nc_sid=f7ccc5&efg=eyJ2ZW5jb2RlX3RhZyI6InByb2ZpbGVfcGljLnd3dy41NDkuQzMifQ%3D%3D&_nc_ohc=m81aUbNXo2wQ7kNvwGizBPl&_nc_oc=AdrVbpND6DKh6-xbGACgOaRbwIpWaVRWKtT4NMFqnk7I5bAOxyGWnBvRJZgkevHo8LE&_nc_zt=24&_nc_ht=scontent-ams2-1.cdninstagram.com&_nc_ss=7b6a8&oh=00_Af8jzD4f-3IukmG0mY-8cs7_SZTwEWLqhZfIyOEnRSBiDQ&oe=6A2C2848,tittapina,https://www.instagram.com/tittapina,"Stracchino #prodottomisteriosoPENNY
#accettoregolamento
#holettoprivacypolicy",0,0,2026-05-26T21:39:34.000Z,18124639114712719,40906603845,2026-06-08T05:01:25.635Z,https://www.instagram.com/p/DYwzWgzjEDa
https://scontent-ams2-1.cdninstagram.com/v/t51.2885-19/305394201_1104014427150242_4837384005031725693_n.jpg?stp=dst-jpg_s150x150_tt6&_nc_cat=107&ccb=7-5&_nc_sid=f7ccc5&efg=eyJ2ZW5jb2RlX3RhZyI6InByb2ZpbGVfcGljLnd3dy4xMDgwLkMzIn0%3D&_nc_ohc=7Rj4fET69eIQ7kNvwE0cMx2&_nc_oc=AdpReRU8yGNfccx2i_P1Yfj62jmw83Ke8IvVAz6AkY43oVi4xUML92oyJ8GqQ7xetpo&_nc_zt=24&_nc_ht=scontent-ams2-1.cdninstagram.com&_nc_ss=7b6a8&oh=00_Af-73gK4qrqJcQRJsLHS2XzKAgknvuvyQn9BqMmRMU7COA&oe=6A2C0B70,marco.bassani,https://www.instagram.com/marco.bassani,Stracchino ValBontà #prodottomisteriosopenny #accettoregolamento #holettoprivacypolicy,0,0,2026-05-27T15:33:38.000Z,17999052443957392,774343892,2026-06-08T05:01:25.635Z,https://www.instagram.com/p/DYwzWgzjEDa
https://scontent-ams2-1.cdninstagram.com/v/t51.82787-19/612984311_18117925873602491_5404603142672740106_n.jpg?stp=dst-jpg_s150x150_tt6&_nc_cat=110&ccb=7-5&_nc_sid=f7ccc5&efg=eyJ2ZW5jb2RlX3RhZyI6InByb2ZpbGVfcGljLnd3dy4xMDgwLkMzIn0%3D&_nc_ohc=koYmscOqgPAQ7kNvwFvK2TJ&_nc_oc=AdpRPiM7mETqphCRzoeKlMozUZQ1WneHsJQdxZkwCwX6WYRBKkGAE0NBX8F9QrcrqLA&_nc_zt=24&_nc_ht=scontent-ams2-1.cdninstagram.com&_nc_gid=4zX0Zol1USOZaIhj5BNb-A&_nc_ss=7b6a8&oh=00_Af-vkLT0uwgTS7sYx9BLKFRQ0VE-V95grs6OHz7UeCNd-Q&oe=6A2C302F,mala.mara.357,https://www.instagram.com/mala.mara.357,#PRODOTTOMISTERIOSOPENNY #ACCETTOREGOLAMENTO #HOLETTOPRIVACYPOLICY il prodotto misterioso è: lo squacquerone,0,0,2026-05-30T18:51:11.000Z,17964653337087285,18009386490,2026-06-08T05:01:25.635Z,https://www.instagram.com/p/DYwzWgzjEDa
https://scontent-ams2-1.cdninstagram.com/v/t51.2885-19/12063060_1110666725627433_639529570_a.jpg?_nc_cat=102&ccb=7-5&_nc_sid=f7ccc5&efg=eyJ2ZW5jb2RlX3RhZyI6InByb2ZpbGVfcGljLnd3dy4xNTAuQzMifQ%3D%3D&_nc_ohc=Lno3i1OrhRsQ7kNvwGId9YX&_nc_oc=AdqPr9vHVkguNRUe0Pn0X5HQuJXHL6OF-rUM2ogeAiVQoYE08mzJxHgPXq6e1fcRIsg&_nc_zt=24&_nc_ht=scontent-ams2-1.cdninstagram.com&_nc_ss=7b6a8&oh=00_Af_FCLi3ZXdK4g5UAItS0V7YRYXY02obTg6RfMIWZ1XL3Q&oe=6A2C2BD0,lucia_dimichino,https://www.instagram.com/lucia_dimichino,Stracchino #prodottomisteriosoPENNY #accettoregolamento #holettoprivacypolicy,0,0,2026-05-27T12:36:01.000Z,18082637057159079,1412409388,2026-06-08T05:01:25.635Z,https://www.instagram.com/p/DYwzWgzjEDa
https://scontent-ams2-1.cdninstagram.com/v/t51.82787-19/688440043_18592702084027682_3959205795208353788_n.jpg?stp=dst-jpg_s150x150_tt6&_nc_cat=101&ccb=7-5&_nc_sid=f7ccc5&efg=eyJ2ZW5jb2RlX3RhZyI6InByb2ZpbGVfcGljLnd3dy4xMDc4LkMzIn0%3D&_nc_ohc=omS7Csvw82kQ7kNvwERAWlo&_nc_oc=AdoJLZ5lvv6J2VAVPwfq6pghKVBNrsQRvrCEo--ZIi56BJRhgHJb-ZSOxC_zSN-T31E&_nc_zt=24&_nc_ht=scontent-ams2-1.cdninstagram.com&_nc_gid=4zX0Zol1USOZaIhj5BNb-A&_nc_ss=7b6a8&oh=00_Af_fnTNfDFFt_AYncOoN71xd_W0m8lIGxwmMFIahRaeVoA&oe=6A2C0D84,fioregre87,https://www.instagram.com/fioregre87,Rabiolino ValBontá #prodottomisteriosopenny #accettoregolamento #holettoprivacypolicy,0,0,2026-05-26T05:17:18.000Z,18101579651005069,619163681,2026-06-08T05:01:25.635Z,https://www.instagram.com/p/DYwzWgzjEDa
https://scontent-ams2-1.cdninstagram.com/v/t51.89012-19/573323465_1219825463302212_7278921664109726296_n.jpg?stp=dst-jpg_s150x150_tt6&_nc_cat=1&ccb=7-5&_nc_sid=f7ccc5&efg=eyJ2ZW5jb2RlX3RhZyI6InByb2ZpbGVfcGljLnd3dy5DMyJ9&_nc_ohc=YQQEIw1CjK0Q7kNvwGGNPon&_nc_oc=Adp7JMSj7AOEo1lF5QYw3Jy1M1xQO7rN0cMzWMAfIgmY47pgvLcGGpfiNyLdn_i3N0A&_nc_zt=24&_nc_ht=scontent-ams2-1.cdninstagram.com&_nc_gid=4zX0Zol1USOZaIhj5BNb-A&_nc_ss=7b6a8&oh=00_Af9YpEwyOH_VSGEeuc61u4uc-g9nifi5sjaeZdEeQwwJaw&oe=6A2C03A2,danio1605,https://www.instagram.com/danio1605,Stracchino #prodottomisteriosoPENNY #accettoregolamento #holettoprivacypolicy,0,0,2026-05-27T12:52:39.000Z,17943106959205711,74416249761,2026-06-08T05:01:25.635Z,https://www.instagram.com/p/DYwzWgzjEDa
https://scontent-ams2-1.cdninstagram.com/v/t51.2885-19/316252485_710324233785991_1915153770631768771_n.jpg?stp=dst-jpg_s150x150_tt6&_nc_cat=100&ccb=7-5&_nc_sid=f7ccc5&efg=eyJ2ZW5jb2RlX3RhZyI6InByb2ZpbGVfcGljLnd3dy43MzIuQzMifQ%3D%3D&_nc_ohc=F59Ud0pOBWIQ7kNvwFVRWim&_nc_oc=Adpk_Y1jwxQYvRrSBWvqgHLifpbPLjDm-szK-8bL0NKnfSFxbjVsk1uDHD3WjsTY16o&_nc_zt=24&_nc_ht=scontent-ams2-1.cdninstagram.com&_nc_ss=7b6a8&oh=00_Af8LpA-4WcL4FG_Me0W5ZyA-ifBA4hhYVevfrsR7i14ZQA&oe=6A2C3091,grazianunno21,https://www.instagram.com/grazianunno21,Stracchino valbontà #prodottomisteriosopenny #accettoregolamento #holettoprivacypolicy,0,0,2026-05-25T14:26:44.000Z,18086145479093705,50070152299,2026-06-08T05:01:34.142Z,https://www.instagram.com/p/DYwzWgzjEDa
https://scontent-ams2-1.cdninstagram.com/v/t51.2885-19/491493062_1247892136854965_1485923989133818182_n.jpg?stp=dst-jpg_s150x150_tt6&_nc_cat=107&ccb=7-5&_nc_sid=f7ccc5&efg=eyJ2ZW5jb2RlX3RhZyI6InByb2ZpbGVfcGljLnd3dy4xMDgwLkMzIn0%3D&_nc_ohc=WAep04hzDucQ7kNvwHt2wNs&_nc_oc=AdqUrJX3xqIpn3Cz4LtzdsGol1p37ScO9jyiiCnPqe6z8BiI8g1VAlzuOh-jrMOjpco&_nc_zt=24&_nc_ht=scontent-ams2-1.cdninstagram.com&_nc_ss=7b6a8&oh=00_Af8jUmwO370JUMlGYZzfACILtWhhdVzeicMmjLGFZr0p1g&oe=6A2C1A75,leointrona,https://www.instagram.com/leointrona,Stracchino ValBontà #prodottomisteriosopenny #accettoregolamento #holettoprivacypolicy,0,0,2026-05-29T12:21:31.000Z,17942278962210979,3050389017,2026-06-08T05:01:34.142Z,https://www.instagram.com/p/DYwzWgzjEDa
https://scontent-ams2-1.cdninstagram.com/v/t51.2885-19/151685051_264435645060538_2927942303634116646_n.jpg?stp=dst-jpg_s150x150_tt6&_nc_cat=106&ccb=7-5&_nc_sid=f7ccc5&efg=eyJ2ZW5jb2RlX3RhZyI6InByb2ZpbGVfcGljLnd3dy4xMDgwLkMzIn0%3D&_nc_ohc=3erxYFBNb5cQ7kNvwFKrm0E&_nc_oc=AdpkWisVGFZbWKcRJqXEaJTFCGNRPwnvd8l0NjHnZLg9mv6mefg4FbL88smy5Vcj7iQ&_nc_zt=24&_nc_ht=scontent-ams2-1.cdninstagram.com&_nc_ss=7b6a8&oh=00_Af8dKk9LIGA_AYPSXl8-LJ7mwGYAy5psfozdas4xuUWk0A&oe=6A2C2C69,kilkennyrm,https://www.instagram.com/kilkennyrm,Stracchino ValBontà #prodottomisteriosopenny #accettoregolamento #holettoprivacypolicy,0,0,2026-05-30T01:16:09.000Z,18400403242155869,12492081173,2026-06-08T05:01:34.142Z,https://www.instagram.com/p/DYwzWgzjEDa
https://scontent-ams2-1.cdninstagram.com/v/t51.2885-19/71049059_543993319706449_4271292139184324608_n.jpg?stp=dst-jpg_s150x150_tt6&_nc_cat=104&ccb=7-5&_nc_sid=f7ccc5&efg=eyJ2ZW5jb2RlX3RhZyI6InByb2ZpbGVfcGljLnd3dy4xMDgwLkMzIn0%3D&_nc_ohc=_siU-TZXTS4Q7kNvwF66Udn&_nc_oc=Adpc27_A-GljNsA-cpUixVLtYvNPPXkkik4Laga-YUoSeJaZ1EwZbC-0Mu_zAas7PnY&_nc_zt=24&_nc_ht=scontent-ams2-1.cdninstagram.com&_nc_ss=7b6a8&oh=00_Af8YPslZd_AqQ9yLiPuQbvcXXIQjJ0CvEyOUL_cylgbZ6g&oe=6A2C307E,eleonora.zappa,https://www.instagram.com/eleonora.zappa,Stracchino ValBontà #prodottomisteriosopenny #accettoregolamento #holettoprivacypolicy,0,0,2026-05-30T13:55:53.000Z,17885336430560828,4242617658,2026-06-08T05:01:34.142Z,https://www.instagram.com/p/DYwzWgzjEDa
https://scontent-ams2-1.cdninstagram.com/v/t51.2885-19/81820945_485756245683655_7227801386409263104_n.jpg?stp=dst-jpg_s150x150_tt6&_nc_cat=100&ccb=7-5&_nc_sid=f7ccc5&efg=eyJ2ZW5jb2RlX3RhZyI6InByb2ZpbGVfcGljLnd3dy4xMDgwLkMzIn0%3D&_nc_ohc=cRuYkNUOgtkQ7kNvwF93XvV&_nc_oc=AdoGSZWLaIoPpb6hZkBEY2y3Y8jiCMsfv3Xugs02bOldfyMMsqf1eg1T3MGVSq7lLyw&_nc_zt=24&_nc_ht=scontent-ams2-1.cdninstagram.com&_nc_ss=7b6a8&oh=00_Af9DrQhIGnmvOW6XqSPZDc6hJMf0JhtdNCT6ME34Uzhm3Q&oe=6A2C09EC,claaaaaaaa1,https://www.instagram.com/claaaaaaaa1,Stracchino ValBontà #prodottomisteriosopenny #accettoregolamento #holettoprivacypolicy,0,0,2026-05-30T20:33:19.000Z,18154271302476221,24322135326,2026-06-08T05:01:34.142Z,https://www.instagram.com/p/DYwzWgzjEDa
https://scontent-ams2-1.cdninstagram.com/v/t51.2885-19/129720210_402569214260420_8831654923384251950_n.jpg?stp=dst-jpg_s150x150_tt6&_nc_cat=109&ccb=7-5&_nc_sid=f7ccc5&efg=eyJ2ZW5jb2RlX3RhZyI6InByb2ZpbGVfcGljLnd3dy4xMDgwLkMzIn0%3D&_nc_ohc=CI9XnxI06JsQ7kNvwFAt2uT&_nc_oc=Adr-Gdx7GIIylJvKw8khszj98EMuuu6Ni0GFY4gXJUaeo6LjZxzxUvePV-OdWaiKS8Y&_nc_zt=24&_nc_ht=scontent-ams2-1.cdninstagram.com&_nc_ss=7b6a8&oh=00_Af_WWDuy9ImJyPjSXAv7zHLmLtVTJOSQJDucL7pDtjq76w&oe=6A2C0CDA,danielanovelliorsi,https://www.instagram.com/danielanovelliorsi,"Stracchino #prodottomisteriosoPENNY
#accettoregolamento
#holettoprivacypolicy",0,0,2026-05-28T10:01:28.000Z,17871301380524131,29349347084,2026-06-08T05:01:34.142Z,https://www.instagram.com/p/DYwzWgzjEDa
https://scontent-ams2-1.cdninstagram.com/v/t51.2885-19/10957308_507967526007644_956710443_a.jpg?_nc_cat=110&ccb=7-5&_nc_sid=f7ccc5&efg=eyJ2ZW5jb2RlX3RhZyI6InByb2ZpbGVfcGljLnd3dy4xNTAuQzMifQ%3D%3D&_nc_ohc=kSEQ-2vyinsQ7kNvwGqOqHR&_nc_oc=AdroNduZFOUV-ZZIQzvUDU5-HZOws_vi510aQXe2dFktKHNs9wl-1R-9KUoqLYcNFNE&_nc_zt=24&_nc_ht=scontent-ams2-1.cdninstagram.com&_nc_ss=7b6a8&oh=00_Af-nx24BXCYoEnl9yxpnzg3RGHUW-YOyT3uCme5akqQv0A&oe=6A2C1C43,sella_taulin_elena,https://www.instagram.com/sella_taulin_elena,"Stracchino
#prodottomisteriosoPENNY
#accettoregolamento
#holettoprivacypolicy",0,0,2026-05-28T19:44:32.000Z,18447084439143066,1703372637,2026-06-08T05:01:34.142Z,https://www.instagram.com/p/DYwzWgzjEDa
https://scontent-ams2-1.cdninstagram.com/v/t51.82787-19/575588615_18023270132771741_8301943293714952025_n.jpg?stp=dst-jpg_s150x150_tt6&_nc_cat=101&ccb=7-5&_nc_sid=f7ccc5&efg=eyJ2ZW5jb2RlX3RhZyI6InByb2ZpbGVfcGljLnd3dy4xMDgwLkMzIn0%3D&_nc_ohc=Nu0B_wIWt18Q7kNvwHpKRFK&_nc_oc=AdoFhgaTjlQGW5FvohPuboq_U4N4wOsI_tPY5puHRryZt_OCZiz10F9sv8mgC_N-tYI&_nc_zt=24&_nc_ht=scontent-ams2-1.cdninstagram.com&_nc_gid=r2QxCziaMj879GUAY0HGmw&_nc_ss=7b6a8&oh=00_Af8h2Cyo66yeGYcq23oLlJPa_k5KgkIDhu8jdyDko_9iyg&oe=6A2C0793,piu__me,https://www.instagram.com/piu__me,"Stracchino #prodottomisteriosoPENNY
#accettoregolamento
#holettoprivacypolicy",0,0,2026-05-28T19:49:48.000Z,17916610542377365,53236747740,2026-06-08T05:01:34.142Z,https://www.instagram.com/p/DYwzWgzjEDa
https://scontent-ams2-1.cdninstagram.com/v/t51.2885-19/293208953_146945397978899_6757024587038624325_n.jpg?stp=dst-jpg_s150x150_tt6&_nc_cat=106&ccb=7-5&_nc_sid=f7ccc5&efg=eyJ2ZW5jb2RlX3RhZyI6InByb2ZpbGVfcGljLnd3dy4xMDgwLkMzIn0%3D&_nc_ohc=a9isypcgl3MQ7kNvwFDRJ2Q&_nc_oc=AdqD9VmgE6_DUMbvM3hXpsoCcaIq3HNYWWNX9TJvAIdNyqQrVPFTfsWZDgxuNloiKj0&_nc_zt=24&_nc_ht=scontent-ams2-1.cdninstagram.com&_nc_ss=7b6a8&oh=00_Af9ogbrm4w66rS7_nlMDTZTLfYqNbcfaXuAfBSmpo6f-IA&oe=6A2C1DF2,giulianamaione,https://www.instagram.com/giulianamaione,Stracchino  ValBontà #prodottomisteriosoPenny  #accettoregolamento.  #holettoprivacypolicy.,0,0,2026-05-27T12:10:09.000Z,18123146380635687,5570044916,2026-06-08T05:01:34.142Z,https://www.instagram.com/p/DYwzWgzjEDa
https://scontent-ams2-1.cdninstagram.com/v/t51.82787-19/671091388_18087147074074839_1973895186120465068_n.jpg?stp=dst-jpg_s150x150_tt6&_nc_cat=100&ccb=7-5&_nc_sid=f7ccc5&efg=eyJ2ZW5jb2RlX3RhZyI6InByb2ZpbGVfcGljLnd3dy40NzQuQzMifQ%3D%3D&_nc_ohc=eWfXRdaSyREQ7kNvwFt5bj-&_nc_oc=AdohEmdhGiigH-5T9t1KimvswIFJMHrY8-B3N09MQf21Rgpjyai-PFK6G4OXyE5iKEM&_nc_zt=24&_nc_ht=scontent-ams2-1.cdninstagram.com&_nc_gid=r2QxCziaMj879GUAY0HGmw&_nc_ss=7b6a8&oh=00_Af8jmsvThEXcilYcOx7J_tUC9WYgTmt26IT8SKJKvR4bZA&oe=6A2C19BF,angelmina7044,https://www.instagram.com/angelmina7044,"#prodottomisteriosoPENNY
#accettoregolamento
#holettoprivacypolicy STRACCHINO",0,0,2026-05-27T08:27:55.000Z,18110954609506588,32323274838,2026-06-08T05:01:34.142Z,https://www.instagram.com/p/DYwzWgzjEDa
https://scontent-ams2-1.cdninstagram.com/v/t51.2885-19/32203138_1335896339887916_8617290913745469440_n.jpg?stp=dst-jpg_s150x150_tt6&_nc_cat=107&ccb=7-5&_nc_sid=f7ccc5&efg=eyJ2ZW5jb2RlX3RhZyI6InByb2ZpbGVfcGljLnd3dy4xMDgwLkMzIn0%3D&_nc_ohc=0_8nlLooTLsQ7kNvwGuhgRo&_nc_oc=AdrLBWt731JtvWWO0HJtwPZTrHujX9AkvKLhRRJBvYvPG0Bom0efMB-Jfa_uXTOJZmk&_nc_zt=24&_nc_ht=scontent-ams2-1.cdninstagram.com&_nc_ss=7b6a8&oh=00_Af-SdCGLS-sn-_tbaiHeDaCzETH8TMsi0MXnQyKsCshjFA&oe=6A2C309F,donatello_panunzio,https://www.instagram.com/donatello_panunzio,Stracchino #prodottomisteriosoPENNY #accettoregolamento #holettoprivacypolicy,0,0,2026-05-29T21:27:09.000Z,18105733079000568,1412961273,2026-06-08T05:01:34.142Z,https://www.instagram.com/p/DYwzWgzjEDa
https://scontent-ams2-1.cdninstagram.com/v/t51.2885-19/472499061_563654893201560_1301493163548608003_n.jpg?stp=dst-jpg_s150x150_tt6&_nc_cat=102&ccb=7-5&_nc_sid=f7ccc5&efg=eyJ2ZW5jb2RlX3RhZyI6InByb2ZpbGVfcGljLnd3dy4xMDgwLkMzIn0%3D&_nc_ohc=miVomlN1BRAQ7kNvwE3zavq&_nc_oc=Adrw0dt5OG1dzLjkOE_WusTjfMkQEmw4mcBzdtlTb28Wzt8w4LUwKWuwJnYM4vmeaN0&_nc_zt=24&_nc_ht=scontent-ams2-1.cdninstagram.com&_nc_ss=7b6a8&oh=00_Af-ZFCxdiIIahiVE9hTcj7GdH-wawXQbgcSohyg5yeT0Jg&oe=6A2C2D71,rocchina_6,https://www.instagram.com/rocchina_6,"Stracchino #prodottomisteriosoPENNY
#accettoregolamento
#holettoprivacypolicy",0,0,2026-05-30T07:16:46.000Z,18163473184435712,71091432997,2026-06-08T05:01:34.142Z,https://www.instagram.com/p/DYwzWgzjEDa
https://scontent-ams2-1.cdninstagram.com/v/t51.2885-19/474657835_623999027250887_2530767254509423144_n.jpg?stp=dst-jpg_s150x150_tt6&_nc_cat=111&ccb=7-5&_nc_sid=f7ccc5&efg=eyJ2ZW5jb2RlX3RhZyI6InByb2ZpbGVfcGljLnd3dy4xMDgwLkMzIn0%3D&_nc_ohc=WhSLx92JFDEQ7kNvwHDEsK_&_nc_oc=AdpCpJXDNA39HBj0tKqmNOTvblsiOwNXYVkvVKETLPZcBMsOilde0NXxTSyWUXzex80&_nc_zt=24&_nc_ht=scontent-ams2-1.cdninstagram.com&_nc_ss=7b6a8&oh=00_Af_wg3aCQvtAtLnn6xN4z2-ZFMx9e6L4avuO7mymBp037Q&oe=6A2C22A2,fenice2502_,https://www.instagram.com/fenice2502_,"Stracchino
#prodottomisteriosoPENNY #accettoregolamento #holettoprivacypolicy",0,0,2026-05-30T16:28:18.000Z,17927974191337421,51658924451,2026-06-08T05:01:34.142Z,https://www.instagram.com/p/DYwzWgzjEDa
https://scontent-ams2-1.cdninstagram.com/v/t51.2885-19/106106112_2817010855094506_1671920183887776458_n.jpg?stp=dst-jpg_s150x150_tt6&_nc_cat=111&ccb=7-5&_nc_sid=f7ccc5&efg=eyJ2ZW5jb2RlX3RhZyI6InByb2ZpbGVfcGljLnd3dy4xMDgwLkMzIn0%3D&_nc_ohc=cmTk5LLGBVwQ7kNvwG9ou2U&_nc_oc=AdqiEWbwkAAhWXTAZ7FQBYIGAdNQOrv6bzQHU-DgmwlOoEzLSAyHHHMJKimwDR71C3g&_nc_zt=24&_nc_ht=scontent-ams2-1.cdninstagram.com&_nc_ss=7b6a8&oh=00_Af8NtCZG6GYa0hZKnO6GsJmkAKzq9eGUJlEyNz0OEIEteg&oe=6A2C3096,nadba2020,https://www.instagram.com/nadba2020,#prodottomisteriosopenny #accettoilregolamento #holettolaprivacypolicy stracchino,0,0,2026-05-25T17:39:39.000Z,17914884807392066,38505008617,2026-06-08T05:01:34.142Z,https://www.instagram.com/p/DYwzWgzjEDa
https://scontent-ams2-1.cdninstagram.com/v/t51.2885-19/17437643_1081181588652619_5419003994490011648_a.jpg?stp=dst-jpg_s150x150_tt6&_nc_cat=108&ccb=7-5&_nc_sid=f7ccc5&efg=eyJ2ZW5jb2RlX3RhZyI6InByb2ZpbGVfcGljLnd3dy41MTIuQzMifQ%3D%3D&_nc_ohc=65y1wEZMHdYQ7kNvwGQEUnB&_nc_oc=Adpe1f4mzKnMmWL6s9AmDAjGamLsPW15wPbuOmoog-CZggKnuTS8-K_a0uyE6nmKB_A&_nc_zt=24&_nc_ht=scontent-ams2-1.cdninstagram.com&_nc_ss=7b6a8&oh=00_Af-2MO9Hr2T75958H9SSP62VWrsR8MO3qPsNkru_NvMhqQ&oe=6A2C0CE5,eleonora.cencioni,https://www.instagram.com/eleonora.cencioni,#prodottomisteriosopenny #accettoregolamento #holettoprivacypolicy stracchino ValBontá,0,0,2026-06-07T14:29:45.000Z,18092575619459084,538576907,2026-06-08T05:01:34.142Z,https://www.instagram.com/p/DYwzWgzjEDa
https://scontent-ams2-1.cdninstagram.com/v/t51.2885-19/12269941_1715587741998133_1619997209_a.jpg?stp=dst-jpg_s150x150_tt6&_nc_cat=108&ccb=7-5&_nc_sid=f7ccc5&efg=eyJ2ZW5jb2RlX3RhZyI6InByb2ZpbGVfcGljLnd3dy44MzUuQzMifQ%3D%3D&_nc_ohc=tSGt3IkZIWAQ7kNvwFe4wjQ&_nc_oc=AdoHjflbPl3RcqHf4aoZnHjMJovX8VgdkjuRCL3ZETCIgl_xA0wziSboh7z48ia2ivs&_nc_zt=24&_nc_ht=scontent-ams2-1.cdninstagram.com&_nc_ss=7b6a8&oh=00_Af__TSU4iLK-WDvb7er_RZ9ZgFRhV23SBrDno5HDzL2H-w&oe=6A2C29F9,ambi.93,https://www.instagram.com/ambi.93,Stracchino #prodottomisteriosopenny #accettoregolamento #holettoprivacypolicy 🍀,0,0,2026-05-27T14:11:58.000Z,17863017153631865,2279038159,2026-06-08T05:01:42.043Z,https://www.instagram.com/p/DYwzWgzjEDa
https://scontent-ams2-1.cdninstagram.com/v/t51.2885-19/20479191_336254940157648_8963617839336390656_a.jpg?stp=dst-jpg_s150x150_tt6&_nc_cat=102&ccb=7-5&_nc_sid=f7ccc5&efg=eyJ2ZW5jb2RlX3RhZyI6InByb2ZpbGVfcGljLnd3dy4yMDAuQzMifQ%3D%3D&_nc_ohc=TNj1JGB9zAQQ7kNvwGoVtZu&_nc_oc=AdomK65V4XU9R5Rh6Kk9Tqcf_RbNSeudm23mrcMBloXtxSJevfdUAc1KwpcIakpChTI&_nc_zt=24&_nc_ht=scontent-ams2-1.cdninstagram.com&_nc_ss=7b6a8&oh=00_Af-dbCam5s2giBIEF-SpSXMgYR3PuqyzwJ06qQG0GZZJVw&oe=6A2C2645,micaela_cat,https://www.instagram.com/micaela_cat,"Stracchino  #prodottomisteriosoPENNY
#accettoregolamento
#holettoprivacypolicy",0,0,2026-05-31T16:12:09.000Z,18102706481036442,2094477773,2026-06-08T05:01:42.043Z,https://www.instagram.com/p/DYwzWgzjEDa
https://scontent-ams2-1.cdninstagram.com/v/t51.2885-19/445407726_1140245723954415_973204559263380445_n.jpg?stp=dst-jpg_s150x150_tt6&_nc_cat=107&ccb=7-5&_nc_sid=f7ccc5&efg=eyJ2ZW5jb2RlX3RhZyI6InByb2ZpbGVfcGljLnd3dy45NTkuQzMifQ%3D%3D&_nc_ohc=McmzD7R_TCYQ7kNvwH7PNU_&_nc_oc=AdoN-Y40z7tk4nYS5_rA6tQZlZbdVd5jn4sx4M5cGSMTlQHS7c8W6f3Jv9MnHcw6IyM&_nc_zt=24&_nc_ht=scontent-ams2-1.cdninstagram.com&_nc_ss=7b6a8&oh=00_Af-6Of897NeTZSToJbXhKn7CT34fGUwTZx9CmIfIUzGUTQ&oe=6A2C1EA7,frarmy2,https://www.instagram.com/frarmy2,Stracchino valbontà #prodottomisteriosopenny #accettoregolamento #holettoprivacypolicy,0,0,2026-05-25T19:27:36.000Z,18443244052184638,7938005815,2026-06-08T05:01:42.043Z,https://www.instagram.com/p/DYwzWgzjEDa
https://scontent-ams2-1.cdninstagram.com/v/t51.2885-19/240646417_125592719803024_6789905273940466982_n.jpg?stp=dst-jpg_s150x150_tt6&_nc_cat=102&ccb=7-5&_nc_sid=f7ccc5&efg=eyJ2ZW5jb2RlX3RhZyI6InByb2ZpbGVfcGljLnd3dy4xMDgwLkMzIn0%3D&_nc_ohc=Xt6PIPEATqcQ7kNvwHSFhdG&_nc_oc=AdrKy7ZIiqM_AtqB5iL_IeXS681Ww_QnBhvSoYVBCOhp9NwqY1hOOhpmelZ-79O2CFo&_nc_zt=24&_nc_ht=scontent-ams2-1.cdninstagram.com&_nc_ss=7b6a8&oh=00_Af-sfXVEofb_msio8qjUz2CO_1w4plZQqVmI_D_CSrNaPA&oe=6A2C3684,tommasogarofalomariannaantico,https://www.instagram.com/tommasogarofalomariannaantico,Stracchino Valbontà #Prodottomisteriosopenny #accettoregolamento #holettoprivacypolicy,0,0,2026-05-26T11:32:45.000Z,17943187056198638,8683467620,2026-06-08T05:01:42.043Z,https://www.instagram.com/p/DYwzWgzjEDa
https://scontent-ams2-1.cdninstagram.com/v/t51.82787-19/526864976_18518207296059555_6925638690774383751_n.jpg?stp=dst-jpg_s150x150_tt6&_nc_cat=109&ccb=7-5&_nc_sid=f7ccc5&efg=eyJ2ZW5jb2RlX3RhZyI6InByb2ZpbGVfcGljLnd3dy4xMDgwLkMzIn0%3D&_nc_ohc=UFpFnhItEVwQ7kNvwF-gniu&_nc_oc=AdoVRHH8zdwGkyKWWQ8ki3vqAVzDCbfRvzzS3YaSNEppJnGvLKiGVFrnEU6EwR2xcD4&_nc_zt=24&_nc_ht=scontent-ams2-1.cdninstagram.com&_nc_gid=yWJ1YML3tE_I4WF7PCJ8CA&_nc_ss=7b6a8&oh=00_Af9cBRBeXMJHng1RVlqzHYM2WPaLsV1tY9WUHVPptWOk9Q&oe=6A2C28AA,mammanonmamma,https://www.instagram.com/mammanonmamma,Stracchino valbontà #prodottomisteriosopenny #accettoregolamento #holettoprivacypolicy,0,0,2026-05-25T19:34:39.000Z,17889958680489595,212155554,2026-06-08T05:01:42.043Z,https://www.instagram.com/p/DYwzWgzjEDa
https://scontent-ams2-1.cdninstagram.com/v/t51.2885-19/416527781_1130452607858267_8629014988412939118_n.jpg?stp=dst-jpg_s150x150_tt6&_nc_cat=109&ccb=7-5&_nc_sid=f7ccc5&efg=eyJ2ZW5jb2RlX3RhZyI6InByb2ZpbGVfcGljLnd3dy45NTkuQzMifQ%3D%3D&_nc_ohc=nOUzQvnjk9oQ7kNvwFMAANF&_nc_oc=AdqIa5dN9n8t2ztBYyTDrmuTDPWRZbsG38hBbD-Q7I9Vqk-AXAB9Df3rohNzvA0wsDA&_nc_zt=24&_nc_ht=scontent-ams2-1.cdninstagram.com&_nc_ss=7b6a8&oh=00_Af8tPo9J2UHvaFrq1NFbWq2XbOTJ4ignYP7lh0-ZtEn--A&oe=6A2C33B4,susyfiammetta,https://www.instagram.com/susyfiammetta,Formaggio spalmabile #prodottomisteriosopenny #accettoregolamento #accettoprivacypolicy,0,0,2026-05-29T10:50:10.000Z,18123533245637857,3844017350,2026-06-08T05:01:42.043Z,https://www.instagram.com/p/DYwzWgzjEDa
https://scontent-ams2-1.cdninstagram.com/v/t51.2885-19/191918749_479065130026988_4806173467964172239_n.jpg?stp=dst-jpg_s150x150_tt6&_nc_cat=111&ccb=7-5&_nc_sid=f7ccc5&efg=eyJ2ZW5jb2RlX3RhZyI6InByb2ZpbGVfcGljLnd3dy4xMDgwLkMzIn0%3D&_nc_ohc=FhYt4154oMAQ7kNvwEvY5cP&_nc_oc=AdoU8PvSiL1hj1bEU4tIOpvab8rxfXqNjNGqix3zyilEqhy5Ouir9zyUzO2HWm7nSsM&_nc_zt=24&_nc_ht=scontent-ams2-1.cdninstagram.com&_nc_ss=7b6a8&oh=00_Af8TyrNnnZK7S4D5fWF91XIsRDGAu53IkZWxVXUrf3n79A&oe=6A2C15B3,steccaanna,https://www.instagram.com/steccaanna,Stracchino #prodottomisteriosopenny #accettoregolamento #holettoprivacypolicy @soniastecca,0,0,2026-05-26T06:22:00.000Z,17892028758498351,4176909343,2026-06-08T05:01:42.043Z,https://www.instagram.com/p/DYwzWgzjEDa
https://scontent-ams2-1.cdninstagram.com/v/t51.2885-19/66007515_453713055466613_6174156015034957824_n.jpg?stp=dst-jpg_s150x150_tt6&_nc_cat=105&ccb=7-5&_nc_sid=f7ccc5&efg=eyJ2ZW5jb2RlX3RhZyI6InByb2ZpbGVfcGljLnd3dy45MDAuQzMifQ%3D%3D&_nc_ohc=VlU62DoPrmAQ7kNvwGaXj9l&_nc_oc=AdoOVtga5ZHTSBJLyANroer5Mi3OaFEHDM0AmGqO0cwvQmKQoSFofr2j-XQPH6oO6lo&_nc_zt=24&_nc_ht=scontent-ams2-1.cdninstagram.com&_nc_ss=7b6a8&oh=00_Af8R7jcEpKKcxcvtP1VZaysbkwk6fuSz2UAS4RIj-Ohozw&oe=6A2C0FB9,tania.pasquariello,https://www.instagram.com/tania.pasquariello,"Stracchino ValBonta #prodottomisteriosoPENNY
#accettoregolamento
#holettoprivacypolicy",0,0,2026-05-27T09:04:21.000Z,18115204270831350,4663526691,2026-06-08T05:01:42.043Z,https://www.instagram.com/p/DYwzWgzjEDa
https://scontent-ams2-1.cdninstagram.com/v/t51.89012-19/573323465_1219825463302212_7278921664109726296_n.jpg?stp=dst-jpg_s150x150_tt6&_nc_cat=1&ccb=7-5&_nc_sid=f7ccc5&efg=eyJ2ZW5jb2RlX3RhZyI6InByb2ZpbGVfcGljLnd3dy5DMyJ9&_nc_ohc=YQQEIw1CjK0Q7kNvwGGNPon&_nc_oc=Adp7JMSj7AOEo1lF5QYw3Jy1M1xQO7rN0cMzWMAfIgmY47pgvLcGGpfiNyLdn_i3N0A&_nc_zt=24&_nc_ht=scontent-ams2-1.cdninstagram.com&_nc_gid=yWJ1YML3tE_I4WF7PCJ8CA&_nc_ss=7b6a8&oh=00_Af9D4xeF7qqNre0zq5TIeFq8MIDSG1yUFh6Uls3ry8-2ew&oe=6A2C03A2,cilioangela,https://www.instagram.com/cilioangela,Stracchino Val Bontà #prodottomisteriosopenny #accettoregolamento #holettoprivacypolicy,0,0,2026-05-25T21:04:16.000Z,17945993133191639,16702904208,2026-06-08T05:01:42.043Z,https://www.instagram.com/p/DYwzWgzjEDa
https://scontent-ams2-1.cdninstagram.com/v/t51.2885-19/101842260_593536857945437_5856968853409497088_n.jpg?stp=dst-jpg_s150x150_tt6&_nc_cat=101&ccb=7-5&_nc_sid=f7ccc5&efg=eyJ2ZW5jb2RlX3RhZyI6InByb2ZpbGVfcGljLnd3dy40ODQuQzMifQ%3D%3D&_nc_ohc=q9cuG5QXIJQQ7kNvwGoZCvU&_nc_oc=Adon6rSul2tJfEtZXCTQT8lH1du7bOCtWhMiHiiWrKs6m5PsxktlbIxcVXbngFe2deA&_nc_zt=24&_nc_ht=scontent-ams2-1.cdninstagram.com&_nc_ss=7b6a8&oh=00_Af__WvIY6mCN8g93_Z6g9bFxP5Vccus6tiEOVDOEFYSDGg&oe=6A2C04BD,marialuisa.grossi,https://www.instagram.com/marialuisa.grossi,Stracchino Valbonta'#prodottomisteriosopenny #accettoregolamento #holettoprivacypolicy,0,0,2026-05-25T21:55:00.000Z,18103470563069972,15386809531,2026-06-08T05:01:42.043Z,https://www.instagram.com/p/DYwzWgzjEDa
https://scontent-ams2-1.cdninstagram.com/v/t51.2885-19/443498650_451002200811493_1751308322707931964_n.jpg?stp=dst-jpg_s150x150_tt6&_nc_cat=104&ccb=7-5&_nc_sid=f7ccc5&efg=eyJ2ZW5jb2RlX3RhZyI6InByb2ZpbGVfcGljLnd3dy4xMDgwLkMzIn0%3D&_nc_ohc=RKjZz-cQXF4Q7kNvwEs8MUV&_nc_oc=AdpyJQGywmCHeUpCJWpftAhtpEH5fFJa_1vDXsa0B1eU5OPntHiZm6JlSYpCxor2D9Y&_nc_zt=24&_nc_ht=scontent-ams2-1.cdninstagram.com&_nc_ss=7b6a8&oh=00_Af_RAIZoDhrsCtytdP0iH4yHyDKV8sQhckUQJnyiQxt32A&oe=6A2C11E5,debora.manuella81,https://www.instagram.com/debora.manuella81,"Mozzarella di Bufala DOP
#prodottomisteriosoPENNY
#accettoregolamento
#holettoprivacypolicy",0,0,2026-05-26T18:31:27.000Z,18588985966012696,199775374,2026-06-08T05:01:42.043Z,https://www.instagram.com/p/DYwzWgzjEDa
https://scontent-ams2-1.cdninstagram.com/v/t51.2885-19/28152046_209275093154724_5944823350047014912_n.jpg?stp=dst-jpg_s150x150_tt6&_nc_cat=108&ccb=7-5&_nc_sid=f7ccc5&efg=eyJ2ZW5jb2RlX3RhZyI6InByb2ZpbGVfcGljLnd3dy4xMDgwLkMzIn0%3D&_nc_ohc=zd4M0OWnAl8Q7kNvwGlfwP6&_nc_oc=AdrWvNKVQm49nKKwQl08WReE2TWXaFauflBSSK-yH_3H4tOpx89MDuV5A14HH9wi940&_nc_zt=24&_nc_ht=scontent-ams2-1.cdninstagram.com&_nc_ss=7b6a8&oh=00_Af-bnhlm9rGuRz4habWDkCtx7pbWV78aUqyNT7Pvq8ypVA&oe=6A2C227A,federico_mattioli_,https://www.instagram.com/federico_mattioli_,Stracchino #prodottomisteriosopenny #accettoregolamento #holettoprivacypolicy,0,0,2026-05-25T16:05:45.000Z,18098763196893264,4282790861,2026-06-08T05:01:42.043Z,https://www.instagram.com/p/DYwzWgzjEDa
https://scontent-ams2-1.cdninstagram.com/v/t51.2885-19/480300912_1155558305620907_4557066182874131318_n.jpg?stp=dst-jpg_s150x150_tt6&_nc_cat=106&ccb=7-5&_nc_sid=f7ccc5&efg=eyJ2ZW5jb2RlX3RhZyI6InByb2ZpbGVfcGljLnd3dy4xMDgwLkMzIn0%3D&_nc_ohc=-oNiOjEQjSwQ7kNvwFx-ykO&_nc_oc=AdrmaO-yaSZG9khY-ApJXGq1bLqYcKE1Jsvzy-2UwXy82Af4zVJyhfExNMcHfHE58so&_nc_zt=24&_nc_ht=scontent-ams2-1.cdninstagram.com&_nc_ss=7b6a8&oh=00_Af9gGJFQm_AzkNDDC3TIWDoriGuDC0Rv7A879QfrBZHB5w&oe=6A2C1D6F,tea64na,https://www.instagram.com/tea64na,Stracchino #prodottomisteriosopenny #accettoregolamento #holettoprivacypolicy,0,0,2026-05-25T16:02:43.000Z,17901699963433269,13813045905,2026-06-08T05:01:42.043Z,https://www.instagram.com/p/DYwzWgzjEDa
https://scontent-ams2-1.cdninstagram.com/v/t51.82787-19/587478279_18371375860082452_7907401746640951708_n.jpg?stp=dst-jpg_s150x150_tt6&_nc_cat=104&ccb=7-5&_nc_sid=f7ccc5&efg=eyJ2ZW5jb2RlX3RhZyI6InByb2ZpbGVfcGljLnd3dy4xMDgwLkMzIn0%3D&_nc_ohc=qGzPcvYSVUEQ7kNvwF8dnL5&_nc_oc=AdqONUZ_KpvH8jATqvU03d8sxAVG7W_hmC36szCa3Ms_RWk35JVsKwXBuGlAwwSedfg&_nc_zt=24&_nc_ht=scontent-ams2-1.cdninstagram.com&_nc_gid=yWJ1YML3tE_I4WF7PCJ8CA&_nc_ss=7b6a8&oh=00_Af8pBhifTmM_cVyMEc-mqzgirWdJ7ZH3SGqey9xh7UINSw&oe=6A2C149D,letii.x,https://www.instagram.com/letii.x,Stracchino #prodottomisteriosopenny #holettoprivacypolicy #accettoregolamento,0,0,2026-05-25T13:34:30.000Z,17872149504511639,2437474451,2026-06-08T05:01:42.043Z,https://www.instagram.com/p/DYwzWgzjEDa
https://scontent-ams2-1.cdninstagram.com/v/t51.2885-19/78714027_471481593567828_4900595351599185920_n.jpg?stp=dst-jpg_s150x150_tt6&_nc_cat=100&ccb=7-5&_nc_sid=f7ccc5&efg=eyJ2ZW5jb2RlX3RhZyI6InByb2ZpbGVfcGljLnd3dy45NzcuQzMifQ%3D%3D&_nc_ohc=sQyCiHbsyDoQ7kNvwEHlvic&_nc_oc=AdoSuash1M4vb-O0Txa741m_BMhoOTC3LOd4g8vhWsPMT-kRfge1WzyTVLUDSGr30T0&_nc_zt=24&_nc_ht=scontent-ams2-1.cdninstagram.com&_nc_ss=7b6a8&oh=00_Af-03ML16AhYxcBbZGX1RbpBL4jjPV6_9qH9KYHfD3xsbQ&oe=6A2C18DF,s3r3ba,https://www.instagram.com/s3r3ba,Stracchino #prodottomisteriosopenny #accettoregolamento #holettoprivacypolicy,0,0,2026-05-25T17:04:00.000Z,18026881784820337,6634817473,2026-06-08T05:01:42.043Z,https://www.instagram.com/p/DYwzWgzjEDa
https://scontent-ams2-1.cdninstagram.com/v/t51.2885-19/221885184_511925873220162_5366010982174591983_n.jpg?stp=dst-jpg_s150x150_tt6&_nc_cat=109&ccb=7-5&_nc_sid=f7ccc5&efg=eyJ2ZW5jb2RlX3RhZyI6InByb2ZpbGVfcGljLnd3dy4xMDgwLkMzIn0%3D&_nc_ohc=EZXF5QWktKcQ7kNvwGgIlkE&_nc_oc=AdqUsCe7ttWpY6_r4GeEQGcUMtWNSltEukyGnm-KIqH8kwhLehzn9NOxrfbv0u2OwUU&_nc_zt=24&_nc_ht=scontent-ams2-1.cdninstagram.com&_nc_ss=7b6a8&oh=00_Af_TbfP9-jj8yhvv04AssSBr_Jfvt7lt5nW__hIZ25zEIw&oe=6A2C0F8F,mikys800,https://www.instagram.com/mikys800,Stracchino #prodottomisteriosopenny #accettoregolamento #holettoprivacypolicy,0,0,2026-05-25T16:39:34.000Z,18351780970244892,48443783596,2026-06-08T05:01:50.331Z,https://www.instagram.com/p/DYwzWgzjEDa
https://scontent-ams2-1.cdninstagram.com/v/t51.2885-19/118256271_927134427771059_3384364127812885686_n.jpg?stp=dst-jpg_s150x150_tt6&_nc_cat=105&ccb=7-5&_nc_sid=f7ccc5&efg=eyJ2ZW5jb2RlX3RhZyI6InByb2ZpbGVfcGljLnd3dy42MjYuQzMifQ%3D%3D&_nc_ohc=U-L3q6qFvQAQ7kNvwH7HLQa&_nc_oc=AdpBTNtYaUF-JtyM1AT6f-2enuCbP3nJU0bOTR48o0ytO_o4Eq0gQnwTMice1vugVR0&_nc_zt=24&_nc_ht=scontent-ams2-1.cdninstagram.com&_nc_ss=7b6a8&oh=00_Af9WyCdsNY-W-ySUE9kdd45tbmkVhORVUaxXQjg53BQQew&oe=6A2C151A,ironusiu,https://www.instagram.com/ironusiu,Stracchino #prodottomisteriosopenny #accettoregolamento #holettoprivacypolicy,0,0,2026-05-25T16:31:49.000Z,17970190962108252,40481426721,2026-06-08T05:01:50.331Z,https://www.instagram.com/p/DYwzWgzjEDa
https://scontent-ams2-1.cdninstagram.com/v/t51.2885-19/14726288_956477524484036_3919799686491275264_a.jpg?stp=dst-jpg_s150x150_tt6&_nc_cat=101&ccb=7-5&_nc_sid=f7ccc5&efg=eyJ2ZW5jb2RlX3RhZyI6InByb2ZpbGVfcGljLnd3dy4xMDgwLkMzIn0%3D&_nc_ohc=IZJwzY1xbowQ7kNvwHz9PIy&_nc_oc=AdocyglqovBiO9F14DwTgyxqviXAfAPCabDE-8NVSSIA2r74h6c3DtleWX9H2mXXFFs&_nc_zt=24&_nc_ht=scontent-ams2-1.cdninstagram.com&_nc_ss=7b6a8&oh=00_Af-keLrrcpapZIAwdjVbMAeUnq_YWUxFrLe9p2oFn7ewyA&oe=6A2C261F,ellesullenuvole,https://www.instagram.com/ellesullenuvole,Stracchino #prodottomisteriosopenny #accettoregolamento #holettoprivacypolicy,0,0,2026-05-25T16:25:04.000Z,18585041818015762,3623133887,2026-06-08T05:01:50.331Z,https://www.instagram.com/p/DYwzWgzjEDa
https://scontent-ams2-1.cdninstagram.com/v/t51.82787-19/515150082_18126067603454555_2745527610991570796_n.jpg?stp=dst-jpg_s150x150_tt6&_nc_cat=101&ccb=7-5&_nc_sid=f7ccc5&efg=eyJ2ZW5jb2RlX3RhZyI6InByb2ZpbGVfcGljLnd3dy4xMDgwLkMzIn0%3D&_nc_ohc=BtWVluQqeRIQ7kNvwHCIM0M&_nc_oc=AdqNeL1yLhuXJfx1OTQ4GZPc-EpogfaG34LwdMCfue1cHHfMy83LZ2SA0if7I4rZfBk&_nc_zt=24&_nc_ht=scontent-ams2-1.cdninstagram.com&_nc_gid=TeAbnj_QbobdhGQxSIVrJw&_nc_ss=7b6a8&oh=00_Af91UR88cHT3OS-BydVHkGtqFCsBlFIOkomR2mhVYUfoOQ&oe=6A2C309A,grapas28,https://www.instagram.com/grapas28,Stracchino #prodottomisteriosopenny #accettoregolamento #holettoprivacypolicy,0,0,2026-05-25T16:12:45.000Z,18091185914604273,13541550554,2026-06-08T05:01:50.331Z,https://www.instagram.com/p/DYwzWgzjEDa
https://scontent-ams2-1.cdninstagram.com/v/t51.2885-19/280702723_2254907951325135_880035346457724767_n.jpg?stp=dst-jpg_s150x150_tt6&_nc_cat=104&ccb=7-5&_nc_sid=f7ccc5&efg=eyJ2ZW5jb2RlX3RhZyI6InByb2ZpbGVfcGljLnd3dy41NTcuQzMifQ%3D%3D&_nc_ohc=aowLx1G6CoMQ7kNvwHp7lIC&_nc_oc=AdrMyhBIhLpvD5Vuy1r_rflE6Fs1_8dXIfaN9oS1zYQ0jRPrtGLZPNdPXZ9GtvsXzcU&_nc_zt=24&_nc_ht=scontent-ams2-1.cdninstagram.com&_nc_ss=7b6a8&oh=00_Af_vCP1Oem3l59L66fz4KVROUgcu9GrcsD6btliLMbajSw&oe=6A2C30E2,andreacavellini,https://www.instagram.com/andreacavellini,Stracchino #prodottomisteriosopenny #accettoregolamento #holettoprivacypolicy,0,0,2026-05-25T16:06:20.000Z,18071275202675687,286827174,2026-06-08T05:01:50.331Z,https://www.instagram.com/p/DYwzWgzjEDa
https://scontent-ams2-1.cdninstagram.com/v/t51.82787-19/623665560_18551439778042407_4780328038199676527_n.jpg?stp=dst-jpg_s150x150_tt6&_nc_cat=108&ccb=7-5&_nc_sid=f7ccc5&efg=eyJ2ZW5jb2RlX3RhZyI6InByb2ZpbGVfcGljLnd3dy4xMDgwLkMzIn0%3D&_nc_ohc=6UUlO3rgWigQ7kNvwFDEc7W&_nc_oc=Ado6J-5W-MfosqAXMk2LFyoq_QhAaQ4KDdZAx6uJ-QUI8LRv4aSo9Mg9fvrHfB--HnM&_nc_zt=24&_nc_ht=scontent-ams2-1.cdninstagram.com&_nc_gid=TeAbnj_QbobdhGQxSIVrJw&_nc_ss=7b6a8&oh=00_Af-9SlMUO5qjdrnZBqy6B2wO4BNTr-25qTeQx0erFgkihQ&oe=6A2C27AB,laury_fabry,https://www.instagram.com/laury_fabry,Stracchino #prodottomisteriosopenny #accettoregolamento #holettoprivacypolicy,0,0,2026-05-25T15:53:45.000Z,18131377975601210,474154406,2026-06-08T05:01:50.331Z,https://www.instagram.com/p/DYwzWgzjEDa
https://scontent-ams2-1.cdninstagram.com/v/t51.2885-19/40705461_328188894619736_2340893515761844224_n.jpg?stp=dst-jpg_s150x150_tt6&_nc_cat=106&ccb=7-5&_nc_sid=f7ccc5&efg=eyJ2ZW5jb2RlX3RhZyI6InByb2ZpbGVfcGljLnd3dy4xMDgwLkMzIn0%3D&_nc_ohc=-LdNlVRhAEsQ7kNvwGjFtv3&_nc_oc=AdrcQ6z0ILsHhulalHOnIydRbH068hLWSkPzfcpMv1_KYOrfVJIkjyvPaok7oZvsfCk&_nc_zt=24&_nc_ht=scontent-ams2-1.cdninstagram.com&_nc_ss=7b6a8&oh=00_Af8QgUA5aaey5H2j_rmmDNvTT_FlUjWW_7HlstprrWv_Hg&oe=6A2C32EE,alelumary,https://www.instagram.com/alelumary,Stracchino #prodottomisteriosopenny #accettoregolamento #holettoprivacypolicy,0,0,2026-05-25T15:50:13.000Z,17901367122438812,2339149249,2026-06-08T05:01:50.331Z,https://www.instagram.com/p/DYwzWgzjEDa
https://scontent-ams2-1.cdninstagram.com/v/t51.2885-19/159647022_915915569226477_4628207700390786772_n.jpg?stp=dst-jpg_s150x150_tt6&_nc_cat=110&ccb=7-5&_nc_sid=f7ccc5&efg=eyJ2ZW5jb2RlX3RhZyI6InByb2ZpbGVfcGljLnd3dy4xMDgwLkMzIn0%3D&_nc_ohc=8odoFBFBYKsQ7kNvwGfhgAv&_nc_oc=AdrvtlwCdumAHZ2VdLAfRZng9n2Gpg8Gw3muWQfRKPP5Y1iKsMas8GcAH5i2FtV6ziM&_nc_zt=24&_nc_ht=scontent-ams2-1.cdninstagram.com&_nc_ss=7b6a8&oh=00_Af8Gks7bg6rhl9KHUjtjiB-eON8mZJ6XxKAtxo4LIJP6uA&oe=6A2C363D,jennyeccher,https://www.instagram.com/jennyeccher,Stracchino #prodottomisteriosopenny #accettoregolamento #holettoprivacypolicy,0,0,2026-05-25T15:25:09.000Z,17930164467299086,46257207871,2026-06-08T05:01:50.331Z,https://www.instagram.com/p/DYwzWgzjEDa
https://scontent-ams2-1.cdninstagram.com/v/t51.2885-19/273985877_683098456155327_1719325374113789414_n.jpg?stp=dst-jpg_s150x150_tt6&_nc_cat=107&ccb=7-5&_nc_sid=f7ccc5&efg=eyJ2ZW5jb2RlX3RhZyI6InByb2ZpbGVfcGljLnd3dy4xMDgwLkMzIn0%3D&_nc_ohc=sYAHWExBPAMQ7kNvwHAPBmJ&_nc_oc=AdoIE3AlFmujyI0H7GvQBs3gsIniIQZNq7kiDTKUi8R2l_9rqgYKBgymDz5SmC9tfCk&_nc_zt=24&_nc_ht=scontent-ams2-1.cdninstagram.com&_nc_ss=7b6a8&oh=00_Af9rzxDiIt7qZRcO8ok61xR8dkx3HpRy8XgdqUXIO6Pmqw&oe=6A2C2369,pzauli,https://www.instagram.com/pzauli,"Stracchino 
#prodottomisteriosopenny
#accettoregolamento 
#holettoprivacypolicy",0,0,2026-05-25T15:17:03.000Z,17860060308638540,2519745946,2026-06-08T05:01:50.331Z,https://www.instagram.com/p/DYwzWgzjEDa
https://scontent-ams2-1.cdninstagram.com/v/t51.82787-19/689212783_18582222043030280_1590973065662663777_n.jpg?stp=dst-jpg_s150x150_tt6&_nc_cat=110&ccb=7-5&_nc_sid=f7ccc5&efg=eyJ2ZW5jb2RlX3RhZyI6InByb2ZpbGVfcGljLnd3dy4xMDY0LkMzIn0%3D&_nc_ohc=PbelvlUmJ9EQ7kNvwGuKPia&_nc_oc=Adqd8NAQoxmhln5vgoxAgceaJJtAFAxaxFx3Tbhptjgx_Iv8yVGVzoDsyPTGJ4cxILs&_nc_zt=24&_nc_ht=scontent-ams2-1.cdninstagram.com&_nc_gid=TeAbnj_QbobdhGQxSIVrJw&_nc_ss=7b6a8&oh=00_Af_qKPstJRP-2URvkxnDls2K3u1VGugrAJZ-DMbdKEgSiw&oe=6A2C2DED,marinellacocco,https://www.instagram.com/marinellacocco,Stracchino #prodottomisteriosopenny #accettoregolamento #holettoprivacypolicy,0,0,2026-05-25T15:00:50.000Z,18126524710543962,1225694279,2026-06-08T05:01:50.331Z,https://www.instagram.com/p/DYwzWgzjEDa
https://scontent-ams2-1.cdninstagram.com/v/t51.2885-19/468177205_893745599193312_9211915826209729517_n.jpg?stp=dst-jpg_s150x150_tt6&_nc_cat=104&ccb=7-5&_nc_sid=f7ccc5&efg=eyJ2ZW5jb2RlX3RhZyI6InByb2ZpbGVfcGljLnd3dy4xMDgwLkMzIn0%3D&_nc_ohc=6q-qUaz30boQ7kNvwH-tveB&_nc_oc=AdqynHc97NSYZjdyS1n4hxP_tWWC7EDoHksmeN4bKLHgl7xTxrslRhMx-okU1VcQrdc&_nc_zt=24&_nc_ht=scontent-ams2-1.cdninstagram.com&_nc_ss=7b6a8&oh=00_Af8CS9mHAbpVxdbE7JCr9qX2n5zWi1OXQ9svbqyQLROr_A&oe=6A2C0C3A,sarys220,https://www.instagram.com/sarys220,Stracchino #prodottomisteriosopenny #accettoregolamento #holettoprivacypolicy,0,0,2026-05-25T14:57:21.000Z,18035602520797724,70506137698,2026-06-08T05:01:50.331Z,https://www.instagram.com/p/DYwzWgzjEDa
https://scontent-ams2-1.cdninstagram.com/v/t51.2885-19/165128975_765203647515763_3316479348525081850_n.jpg?stp=dst-jpg_s150x150_tt6&_nc_cat=111&ccb=7-5&_nc_sid=f7ccc5&efg=eyJ2ZW5jb2RlX3RhZyI6InByb2ZpbGVfcGljLnd3dy4zMjAuQzMifQ%3D%3D&_nc_ohc=Uq5RgCeM_HAQ7kNvwH_5crm&_nc_oc=AdralD1RzL9j5vVMjTaTHrHwfVd923YuOBNAnt_lOtik5u-Hgo-wge04qpxsItmztAQ&_nc_zt=24&_nc_ht=scontent-ams2-1.cdninstagram.com&_nc_ss=7b6a8&oh=00_Af8GRGC_tWO_Ph_cvD8tK_mMUe2gZIpP6IkrB_guPuPHkw&oe=6A2C1E61,kliziacatani,https://www.instagram.com/kliziacatani,Stracchino #prodottomisteriosopenny #accettoregolamento #holettoprivacypolicy,0,0,2026-05-25T14:54:08.000Z,18085585799433121,46532747755,2026-06-08T05:01:50.331Z,https://www.instagram.com/p/DYwzWgzjEDa
https://scontent-ams2-1.cdninstagram.com/v/t51.82787-19/567093706_18368597812152474_6027988877819037079_n.jpg?stp=dst-jpg_s150x150_tt6&_nc_cat=107&ccb=7-5&_nc_sid=f7ccc5&efg=eyJ2ZW5jb2RlX3RhZyI6InByb2ZpbGVfcGljLnd3dy4xMDgwLkMzIn0%3D&_nc_ohc=nj-WMwCORjIQ7kNvwErjiLY&_nc_oc=AdpDwnx69NGCfM2cy8niAxJkLyzpwysllt7kqoAzSsaiZqhlCDaqXxVPPOopOTRxa4w&_nc_zt=24&_nc_ht=scontent-ams2-1.cdninstagram.com&_nc_gid=TeAbnj_QbobdhGQxSIVrJw&_nc_ss=7b6a8&oh=00_Af8nHK6gnXmNBhO7lRROFg4iruvbsYXxTQC43-NspWBRYg&oe=6A2C3A8B,silvanasamuele,https://www.instagram.com/silvanasamuele,Stracchino #prodottomisteriosopenny #accettoregolamento #holettoprivacypolicy,0,0,2026-05-25T14:53:44.000Z,18009407750714934,4693632473,2026-06-08T05:01:50.331Z,https://www.instagram.com/p/DYwzWgzjEDa
https://scontent-ams2-1.cdninstagram.com/v/t51.2885-19/277700016_137487835466929_7620159817465750907_n.jpg?stp=dst-jpg_s150x150_tt6&_nc_cat=106&ccb=7-5&_nc_sid=f7ccc5&efg=eyJ2ZW5jb2RlX3RhZyI6InByb2ZpbGVfcGljLnd3dy4xMDgwLkMzIn0%3D&_nc_ohc=TQEbtmTdQn4Q7kNvwHfeLEO&_nc_oc=Adp9c2Qd1ktaFtoRycYfigeOCAOZkx3u--hrKApHq3vj4Tpza_9IzMpQKhMRz4YMw5Q&_nc_zt=24&_nc_ht=scontent-ams2-1.cdninstagram.com&_nc_ss=7b6a8&oh=00_Af8-fY2ZuiJeTa3j_ilzMB69pAE7TWxM3aJs8A_RfhvsmQ&oe=6A2C29AC,michelameacci_75,https://www.instagram.com/michelameacci_75,Stracchino #prodottomisteriosopenny #accettoregolamento #holettoprivacypolicy,0,0,2026-05-25T14:50:28.000Z,18592470538014237,5702072622,2026-06-08T05:01:50.331Z,https://www.instagram.com/p/DYwzWgzjEDa
https://scontent-ams2-1.cdninstagram.com/v/t51.2885-19/158802042_2728219557439699_7929136848557047023_n.jpg?stp=dst-jpg_s150x150_tt6&_nc_cat=103&ccb=7-5&_nc_sid=f7ccc5&efg=eyJ2ZW5jb2RlX3RhZyI6InByb2ZpbGVfcGljLnd3dy43MjAuQzMifQ%3D%3D&_nc_ohc=Pz5GeNXxgdkQ7kNvwE3PE0Y&_nc_oc=AdpvNpXp5txAqymMSIGCuvbXX-nm8Ho-zAeyJPgmdotcnLmSwGTIfk6PeRkgPxwCJUo&_nc_zt=24&_nc_ht=scontent-ams2-1.cdninstagram.com&_nc_ss=7b6a8&oh=00_Af8wdXmO4JGj9g_D-zvBSevqAdi3x7QVqRcHUEfELdaIPA&oe=6A2C14EB,deborah979,https://www.instagram.com/deborah979,"Stracchino
#holettoprivacypolicy 
#accettoregolamento
#prodottomisteriosopenny",0,0,2026-05-25T13:29:56.000Z,17859489528639850,1478701772,2026-06-08T05:01:50.331Z,https://www.instagram.com/p/DYwzWgzjEDa
https://scontent-ams2-1.cdninstagram.com/v/t51.2885-19/50543083_1997980380504150_192039236323508224_n.jpg?stp=dst-jpg_s150x150_tt6&_nc_cat=105&ccb=7-5&_nc_sid=f7ccc5&efg=eyJ2ZW5jb2RlX3RhZyI6InByb2ZpbGVfcGljLnd3dy45OTYuQzMifQ%3D%3D&_nc_ohc=v5Z9uNeRdm0Q7kNvwHwYXAq&_nc_oc=AdrxQzgzhs8yrwynzGiEth8m4cdtbFuiFWcZZS5DAGTchuhrOJKdvx7DadYQIyA2zk0&_nc_zt=24&_nc_ht=scontent-ams2-1.cdninstagram.com&_nc_ss=7b2a8&oh=00_Af-nlsKZU1ucKScTIjMh6jScER4gLshGvmgNaMaUprKY9Q&oe=6A2C155A,pensierieparole908,https://www.instagram.com/pensierieparole908,Stracchino val bonta' #prodottomisteriosopenny #accettoregolamento #holettoprivacypolicy,0,0,2026-05-27T06:55:57.000Z,17906789577245542,1102213481,2026-06-08T05:01:58.784Z,https://www.instagram.com/p/DYwzWgzjEDa
https://scontent-ams2-1.cdninstagram.com/v/t51.2885-19/11007922_810925828990075_271623548_a.jpg?_nc_cat=103&ccb=7-5&_nc_sid=f7ccc5&efg=eyJ2ZW5jb2RlX3RhZyI6InByb2ZpbGVfcGljLnd3dy4xNTAuQzMifQ%3D%3D&_nc_ohc=VICBPXZ4ajQQ7kNvwFW282_&_nc_oc=Adryl67h6wbOA-LrJBe13ftrQ2crs5H2KhMNLOD-uB77M_rTJeRtzQCPVeV19QgwXTk&_nc_zt=24&_nc_ht=scontent-ams2-1.cdninstagram.com&_nc_ss=7b2a8&oh=00_Af8L-pS78mrEsRwnkbySQrFnwCMY-h7ANXEi51LAOtobAA&oe=6A2C2E73,p.dellarossa,https://www.instagram.com/p.dellarossa,Stracchino #prodottomisteriosopenny #accettoregolamento #holettoprivacypolicy,0,0,2026-05-25T14:43:42.000Z,17862421461691704,1784660838,2026-06-08T05:01:58.784Z,https://www.instagram.com/p/DYwzWgzjEDa
https://scontent-ams2-1.cdninstagram.com/v/t51.2885-19/105967990_286280682731432_2228967536556025555_n.jpg?stp=dst-jpg_s150x150_tt6&_nc_cat=103&ccb=7-5&_nc_sid=f7ccc5&efg=eyJ2ZW5jb2RlX3RhZyI6InByb2ZpbGVfcGljLnd3dy43NjguQzMifQ%3D%3D&_nc_ohc=_SXDzJYiX1cQ7kNvwF0EI_w&_nc_oc=AdrI6_vR3-oYad9CCdSs3Ru8PfZI-MRvmgQ958mEDvstfqdeQGAVV3VzVaIzovVssCA&_nc_zt=24&_nc_ht=scontent-ams2-1.cdninstagram.com&_nc_ss=7b2a8&oh=00_Af98UdYujbsvRhg1h6T15I5FAbviGHlgBxtyev_Me2bzSg&oe=6A2C0A1E,isonusiu,https://www.instagram.com/isonusiu,Stracchino #prodottomisteriosopenny #accettoregolamento #holettoprivacypolicy,0,0,2026-05-25T17:10:48.000Z,18010942538712172,2603676471,2026-06-08T05:01:58.784Z,https://www.instagram.com/p/DYwzWgzjEDa
https://scontent-ams2-1.cdninstagram.com/v/t51.82787-19/537019990_18520335916045035_5740055643626948639_n.jpg?stp=dst-jpg_s150x150_tt6&_nc_cat=108&ccb=7-5&_nc_sid=f7ccc5&efg=eyJ2ZW5jb2RlX3RhZyI6InByb2ZpbGVfcGljLnd3dy4xMDgwLkMzIn0%3D&_nc_ohc=gEdNoHGXZ-kQ7kNvwGayjou&_nc_oc=AdpufNs02hmcBm-SomDKYS3or0RaOSMAz21gGv6DIBvlRxy1Hj_f3bKPDacu4XHKxjo&_nc_zt=24&_nc_ht=scontent-ams2-1.cdninstagram.com&_nc_gid=8iiOIaXVfncolWHLMEj1yg&_nc_ss=7b2a8&oh=00_Af_btmhNyIT5BnVGfcEGb2nJQIL20wIGFd6IM7s25rH30g&oe=6A2C2430,marypontuti,https://www.instagram.com/marypontuti,Stracchino #prodottomisteriosopenny #accettoregolamento #holettoprivacypolicy,0,0,2026-05-25T14:40:40.000Z,18101410307018089,11117034,2026-06-08T05:01:58.784Z,https://www.instagram.com/p/DYwzWgzjEDa
https://scontent-ams2-1.cdninstagram.com/v/t51.82787-19/552521940_18539965162036302_8809335160671033844_n.jpg?stp=dst-jpg_s150x150_tt6&_nc_cat=101&ccb=7-5&_nc_sid=f7ccc5&efg=eyJ2ZW5jb2RlX3RhZyI6InByb2ZpbGVfcGljLnd3dy45OTIuQzMifQ%3D%3D&_nc_ohc=HKbJkWqGK4wQ7kNvwEYoV2G&_nc_oc=AdrHTwemyCPJ5M9dya56gradPrVEWw3GIxKYWFimmJcXJ4jNMAXpvmfiO8bSKD_zeQ0&_nc_zt=24&_nc_ht=scontent-ams2-1.cdninstagram.com&_nc_gid=8iiOIaXVfncolWHLMEj1yg&_nc_ss=7b2a8&oh=00_Af9TfezgF_kuOAL4XZXDDLEwJlttAvFDfcZ4k_pEfqrqoQ&oe=6A2C1762,enza_licenza_di_sorridere,https://www.instagram.com/enza_licenza_di_sorridere,Stracchino #prodottomisteriosopenny #accettoregolamento #holettoprivacypolicy,0,0,2026-05-25T14:37:56.000Z,18083008118440227,1819044301,2026-06-08T05:01:58.784Z,https://www.instagram.com/p/DYwzWgzjEDa
https://scontent-ams2-1.cdninstagram.com/v/t51.2885-19/486548397_4109158889321357_8742700366796634096_n.jpg?stp=dst-jpg_s150x150_tt6&_nc_cat=101&ccb=7-5&_nc_sid=f7ccc5&efg=eyJ2ZW5jb2RlX3RhZyI6InByb2ZpbGVfcGljLnd3dy44MjguQzMifQ%3D%3D&_nc_ohc=PODza4zRvoQQ7kNvwH6_4ZB&_nc_oc=AdrnvY86Y-prrCHfJhjuHOe-pKEl5_A7Wv-7s67DYdGEUrL971JQaXI0lKfqVvDddNk&_nc_zt=24&_nc_ht=scontent-ams2-1.cdninstagram.com&_nc_ss=7b2a8&oh=00_Af83zhXLGySJj9h-PqJIUeEPVwM-sGVnw-AkZsCqtS8XuQ&oe=6A2C14BA,istantvale,https://www.instagram.com/istantvale,Stracchino #holettoprivacypolicy #accettoregolamento #prodottomisteriosopenny,0,0,2026-05-25T21:58:44.000Z,17863373376630091,41971759898,2026-06-08T05:01:58.784Z,https://www.instagram.com/p/DYwzWgzjEDa
https://scontent-ams2-1.cdninstagram.com/v/t51.2885-19/357367070_1916547832045934_7624563081641031720_n.jpg?stp=dst-jpg_s150x150_tt6&_nc_cat=105&ccb=7-5&_nc_sid=f7ccc5&efg=eyJ2ZW5jb2RlX3RhZyI6InByb2ZpbGVfcGljLnd3dy4xMDgwLkMzIn0%3D&_nc_ohc=7DXiHJQE3fkQ7kNvwHgmYA6&_nc_oc=AdpTbxC8jKEGuJvF14S6JL10xOJUKiRDfKHnOtEkisE-NY9YRyqBz058IwYsU2lXljo&_nc_zt=24&_nc_ht=scontent-ams2-1.cdninstagram.com&_nc_ss=7b2a8&oh=00_Af9i8fjMUuEVx2BflkO8AoAvENwlyQiREKvyMjWoynm0MQ&oe=6A2C11B6,a_unicorn_on_the_beach,https://www.instagram.com/a_unicorn_on_the_beach,Stracchino #prodottomisteriosopenny #accettoregolamento #holettoprivacypolicy,0,0,2026-05-25T14:32:58.000Z,17965925597919057,50420382609,2026-06-08T05:01:58.784Z,https://www.instagram.com/p/DYwzWgzjEDa
https://scontent-ams2-1.cdninstagram.com/v/t51.2885-19/13329018_1716542411951885_1644758039_a.jpg?stp=dst-jpg_s150x150_tt6&_nc_cat=101&ccb=7-5&_nc_sid=f7ccc5&efg=eyJ2ZW5jb2RlX3RhZyI6InByb2ZpbGVfcGljLnd3dy4yMDAuQzMifQ%3D%3D&_nc_ohc=K1xQqf8aMrsQ7kNvwEZvtSY&_nc_oc=AdrL5MOHTqRHF6bblmxmBmJMOgET-NqEtCCI1CiC2A_GbKNwb_UP9uYcUkJoTzAMVA0&_nc_zt=24&_nc_ht=scontent-ams2-1.cdninstagram.com&_nc_ss=7b2a8&oh=00_Af96na3m7gW1MfoZwtA2kpuLxAp4m4qpHFUWQDU8nM9V1Q&oe=6A2C12D0,bruny_84,https://www.instagram.com/bruny_84,Stracchino #prodottomisteriosopenny #accettoregolamento #holettoprivacypolicy,0,0,2026-05-25T14:28:16.000Z,18050064275527934,3300603268,2026-06-08T05:01:58.784Z,https://www.instagram.com/p/DYwzWgzjEDa
https://scontent-ams2-1.cdninstagram.com/v/t51.89012-19/573323465_1219825463302212_7278921664109726296_n.jpg?stp=dst-jpg_s150x150_tt6&_nc_cat=1&ccb=7-5&_nc_sid=f7ccc5&efg=eyJ2ZW5jb2RlX3RhZyI6InByb2ZpbGVfcGljLnd3dy5DMyJ9&_nc_ohc=YQQEIw1CjK0Q7kNvwGGNPon&_nc_oc=Adp7JMSj7AOEo1lF5QYw3Jy1M1xQO7rN0cMzWMAfIgmY47pgvLcGGpfiNyLdn_i3N0A&_nc_zt=24&_nc_ht=scontent-ams2-1.cdninstagram.com&_nc_gid=8iiOIaXVfncolWHLMEj1yg&_nc_ss=7b2a8&oh=00_Af_dV9PL4O2EPKhYuqek7heiRghBCp5wqBh_oj6xdTNL6w&oe=6A2C03A2,patrizia_per,https://www.instagram.com/patrizia_per,Stracchino #prodottomisteriosopenny #accettoregolamento #holettoprivacypolicy,0,0,2026-05-25T14:24:07.000Z,18176896165397712,219242506,2026-06-08T05:01:58.784Z,https://www.instagram.com/p/DYwzWgzjEDa
https://scontent-ams2-1.cdninstagram.com/v/t51.82787-19/588248551_18538209916062743_4310495872679115368_n.jpg?stp=dst-jpg_s150x150_tt6&_nc_cat=100&ccb=7-5&_nc_sid=f7ccc5&efg=eyJ2ZW5jb2RlX3RhZyI6InByb2ZpbGVfcGljLnd3dy4xMDgwLkMzIn0%3D&_nc_ohc=Db4u1wvRW0wQ7kNvwFEqRha&_nc_oc=AdqM80AJKV5BI5ubj13YlBhKk1wznBH1hha0BynXE9VnUdpngcsL1ls4EBMUozi2SXg&_nc_zt=24&_nc_ht=scontent-ams2-1.cdninstagram.com&_nc_gid=8iiOIaXVfncolWHLMEj1yg&_nc_ss=7b2a8&oh=00_Af8gJor_iZlYylHrwJngKFS3dQIyHQrbwhpw1y4J4oiLpw&oe=6A2C21E8,fede1469,https://www.instagram.com/fede1469,Stracchino #prodottomisteriosopenny #accettoregolamento #holettoprivacypolicy,0,0,2026-05-25T14:10:33.000Z,18127180078533062,611774742,2026-06-08T05:01:58.784Z,https://www.instagram.com/p/DYwzWgzjEDa
https://scontent-ams2-1.cdninstagram.com/v/t51.82787-19/704366819_18360518527231246_2199893396887363396_n.jpg?stp=dst-jpg_s150x150_tt6&_nc_cat=108&ccb=7-5&_nc_sid=f7ccc5&efg=eyJ2ZW5jb2RlX3RhZyI6InByb2ZpbGVfcGljLnd3dy4xMDgwLkMzIn0%3D&_nc_ohc=JQU7wfYVEV4Q7kNvwFrjuTT&_nc_oc=AdoSA7XpH5grcHDwsaDEsyRp65mcTdx2NacsLNZxO_llnq7tym2eYjD6YAyf4ar4ICU&_nc_zt=24&_nc_ht=scontent-ams2-1.cdninstagram.com&_nc_gid=8iiOIaXVfncolWHLMEj1yg&_nc_ss=7b2a8&oh=00_Af-keZBlD8Q_uG3wgYt_qW4r_jJzwhk6lLG5vDcDoST68Q&oe=6A2C30B4,margheritaligato,https://www.instagram.com/margheritaligato,Stracchino,0,0,2026-05-26T21:23:08.000Z,18393215269084444,6942159245,2026-06-08T05:01:58.784Z,https://www.instagram.com/p/DYwzWgzjEDa
https://scontent-ams2-1.cdninstagram.com/v/t51.82787-19/656748002_18183355729374216_875612053680176189_n.jpg?stp=dst-jpg_s150x150_tt6&_nc_cat=101&ccb=7-5&_nc_sid=f7ccc5&efg=eyJ2ZW5jb2RlX3RhZyI6InByb2ZpbGVfcGljLnd3dy4xMDgwLkMzIn0%3D&_nc_ohc=J9O-z-U9cZsQ7kNvwHALk21&_nc_oc=AdpA7D4RS8V6QWJVx7MKCsUU54CzJupP5PyK2XAHR9SH4C5rtAl6vybasRfzWPpW44w&_nc_zt=24&_nc_ht=scontent-ams2-1.cdninstagram.com&_nc_gid=8iiOIaXVfncolWHLMEj1yg&_nc_ss=7b2a8&oh=00_Af9i90jqZ7O_pMA8rr3KBN1NV5SPTPU-8Akg7IDskl5HZg&oe=6A2C233F,commissoelisabetta,https://www.instagram.com/commissoelisabetta,Stracchino,0,0,2026-05-30T11:20:52.000Z,17954957829153419,11118390215,2026-06-08T05:01:58.784Z,https://www.instagram.com/p/DYwzWgzjEDa
https://scontent-ams2-1.cdninstagram.com/v/t51.2885-19/43913107_945932925598075_4115180501860352000_n.jpg?stp=dst-jpg_s150x150_tt6&_nc_cat=102&ccb=7-5&_nc_sid=f7ccc5&efg=eyJ2ZW5jb2RlX3RhZyI6InByb2ZpbGVfcGljLnd3dy4xMDgwLkMzIn0%3D&_nc_ohc=x4xsAIVpr2QQ7kNvwHuI7pe&_nc_oc=AdrS6MpabaXKalZ5Ok91CWRnGDTUM7XICyzKX6RvKa2RyK1-aRjhlicDvMg0JoPkPMY&_nc_zt=24&_nc_ht=scontent-ams2-1.cdninstagram.com&_nc_ss=7b2a8&oh=00_Af98IKkHumaGQAFUayJtPnY6Hu78sPAiDlUWldfdzkX_Dg&oe=6A2C18F3,m.teresa14.66,https://www.instagram.com/m.teresa14.66,Stracchino,0,0,2026-05-28T22:25:30.000Z,17989306739797657,9146672922,2026-06-08T05:01:58.784Z,https://www.instagram.com/p/DYwzWgzjEDa
https://scontent-ams2-1.cdninstagram.com/v/t51.2885-19/10963953_532872256854524_1425453751_a.jpg?_nc_cat=100&ccb=7-5&_nc_sid=f7ccc5&efg=eyJ2ZW5jb2RlX3RhZyI6InByb2ZpbGVfcGljLnd3dy4xNTAuQzMifQ%3D%3D&_nc_ohc=1ltz3Kzmo04Q7kNvwHkIOQU&_nc_oc=AdqZ5yZr4To01l8xcifA9DSVcl0EQauivseKmxUhBQ8WvbRUeaMjaMyM3Jz1LONhLzM&_nc_zt=24&_nc_ht=scontent-ams2-1.cdninstagram.com&_nc_ss=7b2a8&oh=00_Af_s1wAmGdhM8cR_ZmQcQAT00Q4F5N5rK5Fs6acqnTrYHg&oe=6A2C22F6,sippy_love,https://www.instagram.com/sippy_love,Stracchino,0,0,2026-05-28T21:57:39.000Z,18116240701838009,1695802637,2026-06-08T05:01:58.784Z,https://www.instagram.com/p/DYwzWgzjEDa
https://scontent-ams2-1.cdninstagram.com/v/t51.2885-19/13704132_148152675622464_656845158_a.jpg?stp=dst-jpg_s150x150_tt6&_nc_cat=108&ccb=7-5&_nc_sid=f7ccc5&efg=eyJ2ZW5jb2RlX3RhZyI6InByb2ZpbGVfcGljLnd3dy4xNjAuQzMifQ%3D%3D&_nc_ohc=M-8IzvZeNeIQ7kNvwHlTAZH&_nc_oc=AdrBv-_tNNP_H-yfimGuCMs1WTxItslT7k9L-F1CkxMDCZDM1qdIZTYpq1CpLh-TpZQ&_nc_zt=24&_nc_ht=scontent-ams2-1.cdninstagram.com&_nc_ss=7b2a8&oh=00_Af8PVZWx50QIovsCp-jCevyJB83k21l9N8RizAITV5mdXw&oe=6A2C2ED6,minasalvadori,https://www.instagram.com/minasalvadori,Stracchino,0,0,2026-05-28T15:37:12.000Z,17913266355402194,3639401848,2026-06-08T05:01:58.784Z,https://www.instagram.com/p/DYwzWgzjEDa
https://scontent-ams2-1.cdninstagram.com/v/t51.2885-19/130719553_3433902823346112_8293066318153897679_n.jpg?stp=dst-jpg_s150x150_tt6&_nc_cat=111&ccb=7-5&_nc_sid=f7ccc5&efg=eyJ2ZW5jb2RlX3RhZyI6InByb2ZpbGVfcGljLnd3dy4xMDgwLkMzIn0%3D&_nc_ohc=f8M_HvCw324Q7kNvwGcNwkM&_nc_oc=AdoRI-LyxG2fmwo5uKs5ExxISWv_2xX4m5-UMprdUCP0ZuMdumXd50dBFTKyyaPJW6M&_nc_zt=24&_nc_ht=scontent-ams2-1.cdninstagram.com&_nc_ss=7b6a8&oh=00_Af_VkFSUqAvvWr8V-OMgLQcLC2bagYNlqw5qGWDbO5vCgA&oe=6A2C2380,monicatro53,https://www.instagram.com/monicatro53,Stracchino,0,0,2026-05-28T15:06:22.000Z,18112312834672249,32103090782,2026-06-08T05:02:06.690Z,https://www.instagram.com/p/DYwzWgzjEDa
https://scontent-ams2-1.cdninstagram.com/v/t51.2885-19/73264269_2680037395352951_1776431506219073536_n.jpg?stp=dst-jpg_s150x150_tt6&_nc_cat=100&ccb=7-5&_nc_sid=f7ccc5&efg=eyJ2ZW5jb2RlX3RhZyI6InByb2ZpbGVfcGljLnd3dy4xMDgwLkMzIn0%3D&_nc_ohc=fomcz1A81xAQ7kNvwGjpXHO&_nc_oc=Adp7kw5Foyy9GHxoR4uK-2h5Do72ubwUOW6QyO6o6Udz2rMJDILlcJATMfkAaySYdJQ&_nc_zt=24&_nc_ht=scontent-ams2-1.cdninstagram.com&_nc_ss=7b6a8&oh=00_Af9SRjfNicCVEnU24EFnKEy9UStv4i3Gpk06SVKdkEjGhw&oe=6A2C1363,sweetcookitaly7,https://www.instagram.com/sweetcookitaly7,Stracchino,0,0,2026-05-28T09:39:45.000Z,18077232590648918,24360714459,2026-06-08T05:02:06.690Z,https://www.instagram.com/p/DYwzWgzjEDa
https://scontent-ams2-1.cdninstagram.com/v/t51.2885-19/275183356_988292458738312_7628172347274145147_n.jpg?stp=dst-jpg_s150x150_tt6&_nc_cat=109&ccb=7-5&_nc_sid=f7ccc5&efg=eyJ2ZW5jb2RlX3RhZyI6InByb2ZpbGVfcGljLnd3dy4xMDgwLkMzIn0%3D&_nc_ohc=L2R2Rsv-R_8Q7kNvwEfY-IN&_nc_oc=AdrpQomSTFu-smWpxP6_QOtMyzfP8_NQknu48pUEeBciRiiyGwEgfZy-BioycF5wkJo&_nc_zt=24&_nc_ht=scontent-ams2-1.cdninstagram.com&_nc_ss=7b6a8&oh=00_Af__qicsDU3lvojjHBbqgnMyp9Rbd4saRHddH6nuu16jYA&oe=6A2C0895,valefadda86,https://www.instagram.com/valefadda86,Stracchino,0,0,2026-05-27T17:08:00.000Z,18122201563635943,50037570448,2026-06-08T05:02:06.690Z,https://www.instagram.com/p/DYwzWgzjEDa
https://scontent-ams2-1.cdninstagram.com/v/t51.2885-19/298240110_786914109113775_6322001694014588526_n.jpg?stp=dst-jpg_s150x150_tt6&_nc_cat=110&ccb=7-5&_nc_sid=f7ccc5&efg=eyJ2ZW5jb2RlX3RhZyI6InByb2ZpbGVfcGljLnd3dy40OTcuQzMifQ%3D%3D&_nc_ohc=-PP1Bc--W4IQ7kNvwHZMnN3&_nc_oc=Adoixm6jF99-dlh0RBbkxWmrNXfT4gvmn3L0_uTXUF2TqGbY0j6eWbHKlUOX6wdrbZU&_nc_zt=24&_nc_ht=scontent-ams2-1.cdninstagram.com&_nc_ss=7b6a8&oh=00_Af9QcrHA9_Dk5IPXieJHTCk9HVYvM6n3PshmftLarpTQrQ&oe=6A2C05B2,crissibianchi,https://www.instagram.com/crissibianchi,Stracchino,0,0,2026-05-27T16:49:25.000Z,17883118527575122,54637024866,2026-06-08T05:02:06.690Z,https://www.instagram.com/p/DYwzWgzjEDa
https://scontent-ams2-1.cdninstagram.com/v/t51.2885-19/118234213_115994776717326_2593314456161684341_n.jpg?stp=dst-jpg_s150x150_tt6&_nc_cat=110&ccb=7-5&_nc_sid=f7ccc5&efg=eyJ2ZW5jb2RlX3RhZyI6InByb2ZpbGVfcGljLnd3dy41MDAuQzMifQ%3D%3D&_nc_ohc=P-kdbCdNHUoQ7kNvwG9OBrz&_nc_oc=AdqKtdn5vtpIH6XVHIUtv0K19aOUqlwdFq53o3kbFwwwnDv2RmHS9rGQvJFtJOEaz2Y&_nc_zt=24&_nc_ht=scontent-ams2-1.cdninstagram.com&_nc_ss=7b6a8&oh=00_Af-oaVPOXeEX40wh0BdMLAnB40ppIe6AS7Xab0sJEIqGOA&oe=6A2C34D2,vichy_.30,https://www.instagram.com/vichy_.30,Stracchino,0,0,2026-05-26T19:05:48.000Z,18146171935501458,32683745616,2026-06-08T05:02:06.690Z,https://www.instagram.com/p/DYwzWgzjEDa
https://scontent-ams2-1.cdninstagram.com/v/t51.2885-19/255184371_267378925208625_2052067968185817012_n.jpg?stp=dst-jpg_s150x150_tt6&_nc_cat=104&ccb=7-5&_nc_sid=f7ccc5&efg=eyJ2ZW5jb2RlX3RhZyI6InByb2ZpbGVfcGljLnd3dy45NTcuQzMifQ%3D%3D&_nc_ohc=DBPQRix2fUAQ7kNvwHvks2b&_nc_oc=AdqpRBb7coGbJiwg4SDkL57jUfQ6-z-Lun7tdUWBoULXwTFnmJKjZb-ScfJulkl7z9U&_nc_zt=24&_nc_ht=scontent-ams2-1.cdninstagram.com&_nc_ss=7b6a8&oh=00_Af8aqvYnMPOC7SVnqDiKuWAXibHt4nVdx9o8ewOLtB-gyw&oe=6A2C1F36,anna.mariacatoni2,https://www.instagram.com/anna.mariacatoni2,Stracchino,0,0,2026-05-26T06:34:53.000Z,18151776481483822,48971802009,2026-06-08T05:02:06.690Z,https://www.instagram.com/p/DYwzWgzjEDa
https://scontent-ams2-1.cdninstagram.com/v/t51.75761-19/510964229_18015268640726859_9134452372563988796_n.jpg?stp=dst-jpg_s150x150_tt6&_nc_cat=101&ccb=7-5&_nc_sid=f7ccc5&efg=eyJ2ZW5jb2RlX3RhZyI6InByb2ZpbGVfcGljLnd3dy4xMDgwLkMzIn0%3D&_nc_ohc=y7en8guc-64Q7kNvwF9iy0n&_nc_oc=AdqW0hYItjgPaDo1ta9azKzfyUFLv2mQPhhuUkODj3AepPLLLFYkzfJ2f7GRQvLvfZg&_nc_zt=24&_nc_ht=scontent-ams2-1.cdninstagram.com&_nc_gid=VrwBYuhLNTez6kXj1d08sQ&_nc_ss=7b6a8&oh=00_Af9xKYVm01IGFp1uEe6sWd8LY8Smi8OksrDNfkmdwvUitQ&oe=6A2C1D34,sara_tart4,https://www.instagram.com/sara_tart4,Stracchino #prodottomisteriosopenny #accettoregolamento #holettoprivacypolicy,0,0,2026-05-25T14:00:29.000Z,17952982362138473,51767886858,2026-06-08T05:02:06.690Z,https://www.instagram.com/p/DYwzWgzjEDa
https://scontent-ams2-1.cdninstagram.com/v/t51.2885-19/293827760_604387381031483_5102183395944733951_n.jpg?stp=dst-jpg_s150x150_tt6&_nc_cat=111&ccb=7-5&_nc_sid=f7ccc5&efg=eyJ2ZW5jb2RlX3RhZyI6InByb2ZpbGVfcGljLnd3dy45OTkuQzMifQ%3D%3D&_nc_ohc=FL9Orq-AFpoQ7kNvwHcqJ0X&_nc_oc=Adr3Cf-BtrXXjseasel7_2t2SEpX6OpwhgMLiOG4LkMgfAzIIIc2dvcOFiXCq66bwo0&_nc_zt=24&_nc_ht=scontent-ams2-1.cdninstagram.com&_nc_ss=7b6a8&oh=00_Af9cFn0ot8823uXAnMOpAd1u-I9MbySL1M393-4yredv0Q&oe=6A2C3824,debgio75,https://www.instagram.com/debgio75,Stracchino #prodottomisteriosopenny #accettoregolamento #holettoprivacypolicy,0,0,2026-05-25T18:04:27.000Z,17968052667109950,2023479123,2026-06-08T05:02:06.690Z,https://www.instagram.com/p/DYwzWgzjEDa
https://scontent-ams2-1.cdninstagram.com/v/t51.2885-19/405782730_3192491017720123_7424918943880807469_n.jpg?stp=dst-jpg_s150x150_tt6&_nc_cat=106&ccb=7-5&_nc_sid=f7ccc5&efg=eyJ2ZW5jb2RlX3RhZyI6InByb2ZpbGVfcGljLnd3dy4xMDgwLkMzIn0%3D&_nc_ohc=bKa2J27lw_wQ7kNvwGRgRel&_nc_oc=AdreNNK9iW7c1UTHR2fs2eaSq9dXNhuh89A3WKxxw-lmGS_OtVylePF4wMvDqDs3qY4&_nc_zt=24&_nc_ht=scontent-ams2-1.cdninstagram.com&_nc_ss=7b6a8&oh=00_Af90PTjonODrotwWW8ekZjY0unNevgvRmB_wKYAgOBKNCQ&oe=6A2C2C61,saradosse278,https://www.instagram.com/saradosse278,Stracchino valbontà #prodottomisteriosopenny #accettoregolamento #holettoprivacypolicy,0,0,2026-05-26T13:47:53.000Z,18097569101150058,63464623704,2026-06-08T05:02:06.690Z,https://www.instagram.com/p/DYwzWgzjEDa
https://scontent-ams2-1.cdninstagram.com/v/t51.2885-19/21980230_117386265604075_590056587243028480_n.jpg?stp=dst-jpg_s150x150_tt6&_nc_cat=106&ccb=7-5&_nc_sid=f7ccc5&efg=eyJ2ZW5jb2RlX3RhZyI6InByb2ZpbGVfcGljLnd3dy4yNDguQzMifQ%3D%3D&_nc_ohc=turkOzLOn3kQ7kNvwEEdqnp&_nc_oc=AdqLZPAGw2jJr3LJAJ19jfGaVWrUhNtCk7UkwVWGxnyI7FkACsjlUZ3oKEzHKbBSsOc&_nc_zt=24&_nc_ht=scontent-ams2-1.cdninstagram.com&_nc_ss=7b6a8&oh=00_Af-1X6pooye--Ku9Wc7AXqcwXXS9tZ01JoUJB-ckJMDmxw&oe=6A2C3265,claudia_cavenati,https://www.instagram.com/claudia_cavenati,Stracchino #prodottomisteriosopenny #accettoregolamento #holettoprivacypolicy,0,0,2026-05-25T18:33:42.000Z,18160227073395081,1375923516,2026-06-08T05:02:06.690Z,https://www.instagram.com/p/DYwzWgzjEDa
https://scontent-ams2-1.cdninstagram.com/v/t51.75761-19/504473377_18508691242010510_9031074924045487764_n.jpg?stp=dst-jpg_s150x150_tt6&_nc_cat=107&ccb=7-5&_nc_sid=f7ccc5&efg=eyJ2ZW5jb2RlX3RhZyI6InByb2ZpbGVfcGljLnd3dy4xMDgwLkMzIn0%3D&_nc_ohc=e4LGwHwOeI8Q7kNvwGxc3kt&_nc_oc=Adq2GtJfSXhjqhkSKy9iTpUkBIKB8V84ZKsmv_k3QhV0EUhwX1kAAJQ8LyzwZGqLhkI&_nc_zt=24&_nc_ht=scontent-ams2-1.cdninstagram.com&_nc_gid=VrwBYuhLNTez6kXj1d08sQ&_nc_ss=7b6a8&oh=00_Af87XwCb-OZ50N6KJNe7mKDDPIISgWeFSXmU-zblBJVcIg&oe=6A2C1D4D,mbilla82,https://www.instagram.com/mbilla82,Stracchino #prodottomisteriosopenny #accettoregolamento #holettoprivacypolicy,0,0,2026-05-25T18:24:51.000Z,18090202610582167,374986509,2026-06-08T05:02:06.690Z,https://www.instagram.com/p/DYwzWgzjEDa
https://scontent-ams2-1.cdninstagram.com/v/t51.82787-19/573051797_18535815184043350_4506265987515555087_n.jpg?stp=dst-jpg_s150x150_tt6&_nc_cat=108&ccb=7-5&_nc_sid=f7ccc5&efg=eyJ2ZW5jb2RlX3RhZyI6InByb2ZpbGVfcGljLnd3dy4xMDgwLkMzIn0%3D&_nc_ohc=ToUsW3QIFSQQ7kNvwG7Xrlh&_nc_oc=AdpFLm1f01vxzKhiSJ05iugU7BuIWL97oaCDmoKuM7jB0FyNkzOZ_PexVC8NtK-FTF8&_nc_zt=24&_nc_ht=scontent-ams2-1.cdninstagram.com&_nc_gid=VrwBYuhLNTez6kXj1d08sQ&_nc_ss=7b6a8&oh=00_Af8syrtrensgk39YyBlWUXwxZBeTrnaNbb6W1k2v3zwVEQ&oe=6A2C321A,frt82,https://www.instagram.com/frt82,Stracchino #prodottomisteriosopenny #accettoregolamento #holettoprivacypolicy,0,0,2026-05-25T13:39:16.000Z,18104673449068103,431659349,2026-06-08T05:02:06.690Z,https://www.instagram.com/p/DYwzWgzjEDa
https://scontent-ams2-1.cdninstagram.com/v/t51.82787-19/589118650_18541110214054704_6550306527238038221_n.jpg?stp=dst-jpg_s150x150_tt6&_nc_cat=110&ccb=7-5&_nc_sid=f7ccc5&efg=eyJ2ZW5jb2RlX3RhZyI6InByb2ZpbGVfcGljLnd3dy4xMDgwLkMzIn0%3D&_nc_ohc=5zQ2x9JjHqAQ7kNvwFoPt3s&_nc_oc=AdpNXeWhimnvCwv7sdGE_RObkvot2HRYQgPqbNLWlO6EY4PKFM3CHjftZZxbnNWxC7U&_nc_zt=24&_nc_ht=scontent-ams2-1.cdninstagram.com&_nc_gid=VrwBYuhLNTez6kXj1d08sQ&_nc_ss=7b6a8&oh=00_Af-_NbqojOGvKq-ppFZIN9fWSzy0A2UcgL76ZVuhoC6Yxw&oe=6A2C3908,picci77,https://www.instagram.com/picci77,Stracchino #prodottomisteriosopenny #accettoregolamento #holettoprivacypolicy,0,0,2026-05-25T18:55:34.000Z,18104366201062768,402998703,2026-06-08T05:02:06.690Z,https://www.instagram.com/p/DYwzWgzjEDa
https://scontent-ams2-1.cdninstagram.com/v/t51.2885-19/315658144_145375141583927_588328381319631755_n.jpg?stp=dst-jpg_s150x150_tt6&_nc_cat=103&ccb=7-5&_nc_sid=f7ccc5&efg=eyJ2ZW5jb2RlX3RhZyI6InByb2ZpbGVfcGljLnd3dy4xMDgwLkMzIn0%3D&_nc_ohc=VB9qo_2PaSkQ7kNvwHl64cS&_nc_oc=AdrrFNVAbz19wYVFaCbI5dd_xedRUJwIY-vDyvGa7VDz8QH6X7vU0BUtGiYhoXy4R7o&_nc_zt=24&_nc_ht=scontent-ams2-1.cdninstagram.com&_nc_ss=7b6a8&oh=00_Af9eVyxIpU0G0EBCD9ylX_Y6p7UxcNH_9vaLTGX-7uZyuA&oe=6A2C37AA,el.dorado1410,https://www.instagram.com/el.dorado1410,Stracchino #prodottomisteriosopenny #accettoregolamento #holettoprivacypolicy,0,0,2026-05-25T13:34:00.000Z,18138246019531012,56685446039,2026-06-08T05:02:06.690Z,https://www.instagram.com/p/DYwzWgzjEDa
https://scontent-ams2-1.cdninstagram.com/v/t51.2885-19/291605137_577430287075983_5271288367704447549_n.jpg?stp=dst-jpg_s150x150_tt6&_nc_cat=104&ccb=7-5&_nc_sid=f7ccc5&efg=eyJ2ZW5jb2RlX3RhZyI6InByb2ZpbGVfcGljLnd3dy4zNjYuQzMifQ%3D%3D&_nc_ohc=IWkPOV9Vlk4Q7kNvwGNq1wl&_nc_oc=AdpUxA7fdyjhp8PfY0Q1dRxikJqdVigAbM2kRMyp0vh_1eCZHDAKai9-V37F5Ag4UuM&_nc_zt=24&_nc_ht=scontent-ams2-1.cdninstagram.com&_nc_ss=7b6a8&oh=00_Af_CHZtzyVL00iecutL_22vJe9l8DgqLBcIOMmPoehH-SA&oe=6A2C0E11,v_venere_,https://www.instagram.com/v_venere_,Mozzarella ValBontà #prodottomisteriosopenny #accettoregolamento #holettoprivacypolicy,0,0,2026-05-29T13:00:38.000Z,18109990588925677,54072828575,2026-06-08T05:02:06.690Z,https://www.instagram.com/p/DYwzWgzjEDa
https://scontent-ams2-1.cdninstagram.com/v/t51.2885-19/18723614_307063906414627_1984895277303070720_a.jpg?stp=dst-jpg_s150x150_tt6&_nc_cat=100&ccb=7-5&_nc_sid=f7ccc5&efg=eyJ2ZW5jb2RlX3RhZyI6InByb2ZpbGVfcGljLnd3dy4zMDkuQzMifQ%3D%3D&_nc_ohc=4jDd3C_MGH0Q7kNvwE59acH&_nc_oc=AdrXBupPAm-ZmSUr00Xbcv_6TVaVXAQw9SBuJuUeLv_Lx5moANmH0Pq9q6EryPMONeI&_nc_zt=24&_nc_ht=scontent-ams2-1.cdninstagram.com&_nc_ss=7b6a8&oh=00_Af9LdFDVq3jw5I7DGefG3tIdlLhwVpAnQJR8X0JzJowd6Q&oe=6A2C3164,tianaba23,https://www.instagram.com/tianaba23,Stracchino #prodottomisteriosopenny #accettoregolamento #holettoprivacypolicy,0,0,2026-05-25T19:22:48.000Z,18064191944422035,1645505937,2026-06-08T05:02:15.769Z,https://www.instagram.com/p/DYwzWgzjEDa
https://scontent-ams2-1.cdninstagram.com/v/t51.2885-19/11426379_1456378131351827_1088646825_a.jpg?_nc_cat=101&ccb=7-5&_nc_sid=f7ccc5&efg=eyJ2ZW5jb2RlX3RhZyI6InByb2ZpbGVfcGljLnd3dy4xNTAuQzMifQ%3D%3D&_nc_ohc=YThJjdvGqg8Q7kNvwHl8Ww7&_nc_oc=Adr0cHHikx_ktY1BoIiqOa9Ul_G1gxSihygiqAtc7wJh8UbNXr4AMydTYQQocnS16BI&_nc_zt=24&_nc_ht=scontent-ams2-1.cdninstagram.com&_nc_ss=7b6a8&oh=00_Af-x-OAcVtpTmQ7nDH5E9rWxoMMI_CIFPJEn8URao002-Q&oe=6A2C2C9F,bene_erbetti,https://www.instagram.com/bene_erbetti,"Stracchino
#prodottomisteriosopenny
#accettoregolamento
#holettoprivacypolicy",0,0,2026-05-25T19:31:49.000Z,18093073130352936,190492078,2026-06-08T05:02:15.769Z,https://www.instagram.com/p/DYwzWgzjEDa
https://scontent-ams2-1.cdninstagram.com/v/t51.89012-19/573323465_1219825463302212_7278921664109726296_n.jpg?stp=dst-jpg_s150x150_tt6&_nc_cat=1&ccb=7-5&_nc_sid=f7ccc5&efg=eyJ2ZW5jb2RlX3RhZyI6InByb2ZpbGVfcGljLnd3dy5DMyJ9&_nc_ohc=YQQEIw1CjK0Q7kNvwGGNPon&_nc_oc=Adp7JMSj7AOEo1lF5QYw3Jy1M1xQO7rN0cMzWMAfIgmY47pgvLcGGpfiNyLdn_i3N0A&_nc_zt=24&_nc_ht=scontent-ams2-1.cdninstagram.com&_nc_gid=4T0oZ1F4VMBU3KIfN_jfoQ&_nc_ss=7b6a8&oh=00_Af8RJ7gPSF4n7582vVU2cC8Gr39l6h2FB02Ezfleag7q2Q&oe=6A2C03A2,forzika1984,https://www.instagram.com/forzika1984,Stracchino #prodottottomisteriosopenny  #accettoregolamento #holettoprivacypolicy,0,0,2026-05-25T22:46:12.000Z,18010192088912052,45678464235,2026-06-08T05:02:15.769Z,https://www.instagram.com/p/DYwzWgzjEDa
https://scontent-ams2-1.cdninstagram.com/v/t51.2885-19/307291393_456483759583540_8506684516718099749_n.jpg?stp=dst-jpg_s150x150_tt6&_nc_cat=106&ccb=7-5&_nc_sid=f7ccc5&efg=eyJ2ZW5jb2RlX3RhZyI6InByb2ZpbGVfcGljLnd3dy43MjAuQzMifQ%3D%3D&_nc_ohc=7cBJumWseugQ7kNvwHdg_6Y&_nc_oc=Adr9LvwXUNzObJfTXBQokj79laddF3hzxysEZqVUxC7xQdQZSBjL-QaloNnEx-5Sg_M&_nc_zt=24&_nc_ht=scontent-ams2-1.cdninstagram.com&_nc_ss=7b6a8&oh=00_Af_08HVMq-sk8rz_Fu8SnSXUI9YaNIOdHNmjjB0GBRT0OQ&oe=6A2C251E,barbara_meneghelli,https://www.instagram.com/barbara_meneghelli,Stracchino #prodottomisteriosopenny #accettoregolamento #holettoprivacypolicy,0,0,2026-05-25T19:59:18.000Z,17857759446648159,1259883112,2026-06-08T05:02:15.770Z,https://www.instagram.com/p/DYwzWgzjEDa
https://scontent-ams2-1.cdninstagram.com/v/t51.2885-19/374804338_1816002462152520_6072280456075479598_n.jpg?stp=dst-jpg_s150x150_tt6&_nc_cat=111&ccb=7-5&_nc_sid=f7ccc5&efg=eyJ2ZW5jb2RlX3RhZyI6InByb2ZpbGVfcGljLnd3dy4xMDgwLkMzIn0%3D&_nc_ohc=rA0Qowrx0yUQ7kNvwGHe7Pj&_nc_oc=AdoACc2M2wC-O58IR2tBcmXIeIb4RkhCJr9T_5IQJcKFzO8VvA9T9lGbty29kBWH5Ec&_nc_zt=24&_nc_ht=scontent-ams2-1.cdninstagram.com&_nc_ss=7b6a8&oh=00_Af_XIDPBMUKTT1CgqwpL1hIdJQfefXB6Jb26e8NbUoGqVA&oe=6A2C2FE2,vittorisonia,https://www.instagram.com/vittorisonia,Stracchino #prodottomisteriosopenny #accettoregolamento #holettoprivacypolicy,0,0,2026-05-25T19:50:17.000Z,17863031526631288,2139266808,2026-06-08T05:02:15.770Z,https://www.instagram.com/p/DYwzWgzjEDa
https://scontent-ams2-1.cdninstagram.com/v/t51.2885-19/46792471_2315628445113965_2076651116073844736_n.jpg?stp=dst-jpg_s150x150_tt6&_nc_cat=106&ccb=7-5&_nc_sid=f7ccc5&efg=eyJ2ZW5jb2RlX3RhZyI6InByb2ZpbGVfcGljLnd3dy41NzQuQzMifQ%3D%3D&_nc_ohc=RXwBf4SfyHsQ7kNvwHegzF_&_nc_oc=AdoAWr733GcpjOJCA-Nx2qEI4pfNiN9--XYBgGAyOc5ircEbT3JVc6OyB8W_RvKywpk&_nc_zt=24&_nc_ht=scontent-ams2-1.cdninstagram.com&_nc_ss=7b6a8&oh=00_Af-6pEleiJMHZsxJEEAHlvJT3DK2ZoVL7Hoimj0jX8l4XA&oe=6A2C3A33,mignemia,https://www.instagram.com/mignemia,Stracchino val bonta#prodotto misteriosopenny#accetto regolamento#holettoprivacypolice,0,0,2026-05-26T07:20:17.000Z,17950711119175774,9485797631,2026-06-08T05:02:15.770Z,https://www.instagram.com/p/DYwzWgzjEDa
https://scontent-ams2-1.cdninstagram.com/v/t51.2885-19/338760041_737341238031165_5020133662061629432_n.jpg?stp=dst-jpg_s150x150_tt6&_nc_cat=102&ccb=7-5&_nc_sid=f7ccc5&efg=eyJ2ZW5jb2RlX3RhZyI6InByb2ZpbGVfcGljLnd3dy4xMDgwLkMzIn0%3D&_nc_ohc=QCHqUTHy1l8Q7kNvwEcIzFe&_nc_oc=Adr41Als8fwMBzXJ9qvFIpBly7tHowMA601WkwuDGREGNNr2n5YaWoukLnokA8P9ELQ&_nc_zt=24&_nc_ht=scontent-ams2-1.cdninstagram.com&_nc_ss=7b6a8&oh=00_Af-yvL02V_rUAyLVPNzC4IIDWl8wsdYVhdMuGjzNbV37-Q&oe=6A2C08D0,milli.zucchero,https://www.instagram.com/milli.zucchero,Stracchino #prodottomisteriosopenny #accettoregolamento #holettoprivacypolicy,0,0,2026-05-25T20:27:41.000Z,17943943398190839,55017253078,2026-06-08T05:02:15.770Z,https://www.instagram.com/p/DYwzWgzjEDa
https://scontent-ams2-1.cdninstagram.com/v/t51.2885-19/29088281_572132576475118_363521243044904960_n.jpg?stp=dst-jpg_s150x150_tt6&_nc_cat=100&ccb=7-5&_nc_sid=f7ccc5&efg=eyJ2ZW5jb2RlX3RhZyI6InByb2ZpbGVfcGljLnd3dy4xMDgwLkMzIn0%3D&_nc_ohc=ae2CwDQvaHsQ7kNvwHeVPva&_nc_oc=AdqPMkLhsomi1DYGf52cMStGiPgdJU_Qmh-ZpSXEQdUcZtpknoMP9l_EbIFt9Eoms8U&_nc_zt=24&_nc_ht=scontent-ams2-1.cdninstagram.com&_nc_ss=7b6a8&oh=00_Af-sqvPq-Cil9b04eTJDFKqsYCgSImNPIyBEVFkK266vOQ&oe=6A2C2124,minu.87,https://www.instagram.com/minu.87,Stracchino #prodottomisteriosopenny #accettoregolamento#holettoprivacypolicy,0,0,2026-05-25T19:19:04.000Z,18081938231314720,3203979460,2026-06-08T05:02:15.770Z,https://www.instagram.com/p/DYwzWgzjEDa
https://scontent-ams2-1.cdninstagram.com/v/t51.89012-19/573323465_1219825463302212_7278921664109726296_n.jpg?stp=dst-jpg_s150x150_tt6&_nc_cat=1&ccb=7-5&_nc_sid=f7ccc5&efg=eyJ2ZW5jb2RlX3RhZyI6InByb2ZpbGVfcGljLnd3dy5DMyJ9&_nc_ohc=YQQEIw1CjK0Q7kNvwGGNPon&_nc_oc=Adp7JMSj7AOEo1lF5QYw3Jy1M1xQO7rN0cMzWMAfIgmY47pgvLcGGpfiNyLdn_i3N0A&_nc_zt=24&_nc_ht=scontent-ams2-1.cdninstagram.com&_nc_gid=4T0oZ1F4VMBU3KIfN_jfoQ&_nc_ss=7b6a8&oh=00_Af8RJ7gPSF4n7582vVU2cC8Gr39l6h2FB02Ezfleag7q2Q&oe=6A2C03A2,reynard_conigiiocurioso,https://www.instagram.com/reynard_conigiiocurioso,Stracchino Valbonta #prodottomisteriosopenny #accettoregolamento #holettoprivacypolicy,0,0,2026-05-26T01:22:58.000Z,17903758914430608,26021103243,2026-06-08T05:02:15.770Z,https://www.instagram.com/p/DYwzWgzjEDa
https://scontent-ams2-1.cdninstagram.com/v/t51.2885-19/237738079_836296623756279_4885088232079626891_n.jpg?stp=dst-jpg_s150x150_tt6&_nc_cat=111&ccb=7-5&_nc_sid=f7ccc5&efg=eyJ2ZW5jb2RlX3RhZyI6InByb2ZpbGVfcGljLnd3dy43NTIuQzMifQ%3D%3D&_nc_ohc=aG1PLjMIRXUQ7kNvwEjuWuB&_nc_oc=AdqXLU_wJm3dcPBMQkn2HClTTVs0kKRetpcJivFDg6qMlbMBRWpAOTSP_pulY9unRwE&_nc_zt=24&_nc_ht=scontent-ams2-1.cdninstagram.com&_nc_ss=7b6a8&oh=00_Af-cKkMZqPu8Po7mo9VZPrUmre9EwxHcTzJ-G093PwnUCw&oe=6A2C3300,little_einstein,https://www.instagram.com/little_einstein,Stracchino #prodottomisteriosopenny #accettoregolamento #holettoprivacypolicy,0,0,2026-05-25T13:32:03.000Z,18004944332743231,208882964,2026-06-08T05:02:15.770Z,https://www.instagram.com/p/DYwzWgzjEDa
https://scontent-ams2-1.cdninstagram.com/v/t51.75761-19/496318812_18504351334042825_1280225838814291992_n.jpg?stp=dst-jpg_s150x150_tt6&_nc_cat=104&ccb=7-5&_nc_sid=f7ccc5&efg=eyJ2ZW5jb2RlX3RhZyI6InByb2ZpbGVfcGljLnd3dy4xMDgwLkMzIn0%3D&_nc_ohc=Jxe21PnyxVUQ7kNvwGFVQxw&_nc_oc=AdqCVvxWR0mTvFrv25IcK_9RMf8McjZoC4iAgC8z_CF_VIkSR8Ia53R7cqNfVWWMT1A&_nc_zt=24&_nc_ht=scontent-ams2-1.cdninstagram.com&_nc_gid=4T0oZ1F4VMBU3KIfN_jfoQ&_nc_ss=7b6a8&oh=00_Af-2qomlBtFjF4kxbYgJ9iOf-Kl4kFVkQGDPvGXAC-QvBQ&oe=6A2C1F4D,lucygram83,https://www.instagram.com/lucygram83,Stracchino #prodottomisteriosopenny #accettoregolamento #holettoprivacypolicy,0,0,2026-05-25T21:45:22.000Z,18098477084165617,1710826824,2026-06-08T05:02:15.770Z,https://www.instagram.com/p/DYwzWgzjEDa
https://scontent-ams2-1.cdninstagram.com/v/t51.2885-19/295890060_1108554533077785_2980259732416534938_n.jpg?stp=dst-jpg_s150x150_tt6&_nc_cat=108&ccb=7-5&_nc_sid=f7ccc5&efg=eyJ2ZW5jb2RlX3RhZyI6InByb2ZpbGVfcGljLnd3dy4xMDgwLkMzIn0%3D&_nc_ohc=Ft8iqmu-dmUQ7kNvwGIl4Zb&_nc_oc=Adr67UgP3TBYA7XSeGRR4hhwDrHo7HJV2CDbidiaJZXK8EwwnoiYHloQpsEfhzbvVtc&_nc_zt=24&_nc_ht=scontent-ams2-1.cdninstagram.com&_nc_ss=7b6a8&oh=00_Af8DGofFE_ig44RVBVqVbtT7yC59QIWONHM5jjNkMuw7GA&oe=6A2C1900,luceanemone,https://www.instagram.com/luceanemone,Stracchino #prodottomisteriosopenny #accettoregolamento #holettoprivacypolicy,0,0,2026-05-25T21:40:56.000Z,18468103252102483,3112098357,2026-06-08T05:02:15.770Z,https://www.instagram.com/p/DYwzWgzjEDa
https://scontent-ams2-1.cdninstagram.com/v/t51.2885-19/337310108_162923600000998_6415471318166762391_n.jpg?stp=dst-jpg_s150x150_tt6&_nc_cat=109&ccb=7-5&_nc_sid=f7ccc5&_nc_aid=0&efg=eyJ2ZW5jb2RlX3RhZyI6InByb2ZpbGVfcGljLnd3dy4xMDgwLkMzIn0%3D&_nc_ohc=YaivecuMVM8Q7kNvwFAlL29&_nc_oc=Adqd70XvDGPKke86UOeMGFX0Aez0HunMba-74Xi58lsR8j5NFFkEViBl5y5HRMUw3qc&_nc_zt=24&_nc_ht=scontent-ams2-1.cdninstagram.com&_nc_ss=7b6a8&oh=00_Af_ujzN8AUjDU2vaTN_H_qK8j-BmXW847wriV9m9mwnU_A&oe=6A2C2C6B,fedeemamba,https://www.instagram.com/fedeemamba,Stracchino Valbonta’ #prodottomisteriosopenny #accettoregolamento #holettoprivacypolicy @88cristy88 😃,1,0,2026-05-27T11:48:29.000Z,18131497450608271,1376208301,2026-06-08T05:02:15.770Z,https://www.instagram.com/p/DYwzWgzjEDa
https://scontent-ams2-1.cdninstagram.com/v/t51.2885-19/286913165_531179475376191_8533790131060180142_n.jpg?stp=dst-jpg_s150x150_tt6&_nc_cat=107&ccb=7-5&_nc_sid=f7ccc5&efg=eyJ2ZW5jb2RlX3RhZyI6InByb2ZpbGVfcGljLnd3dy41NDkuQzMifQ%3D%3D&_nc_ohc=a1qnr7RNgu4Q7kNvwEpJdA5&_nc_oc=AdoK6RyvMKcJV-p_NgOWdyiAMQhGpxTVhIQD-PUI9KrErG1DowZqgRGoYwh9DFIl8kw&_nc_zt=24&_nc_ht=scontent-ams2-1.cdninstagram.com&_nc_ss=7b6a8&oh=00_Af_T0WMEcSP5dWQbac2oXpcCE4rIl95vjlm98DP9GbvjGw&oe=6A2C20CE,catiachiappini,https://www.instagram.com/catiachiappini,Stracchino valbontà #prodottomisteriosopenny #accettoregolamento #holettoprivacypolicy,0,0,2026-05-30T12:02:52.000Z,18180494851392430,3410245169,2026-06-08T05:02:15.770Z,https://www.instagram.com/p/DYwzWgzjEDa
https://scontent-ams2-1.cdninstagram.com/v/t51.2885-19/120536651_3391226470985474_6243604439733822416_n.jpg?stp=dst-jpg_s150x150_tt6&_nc_cat=107&ccb=7-5&_nc_sid=f7ccc5&efg=eyJ2ZW5jb2RlX3RhZyI6InByb2ZpbGVfcGljLnd3dy4xMDc0LkMzIn0%3D&_nc_ohc=5WuAlR5bETgQ7kNvwHnYQFT&_nc_oc=AdrQRSQfQetmb6H-e4M5Rh3z8mca1LSgMOVxvz1C7wC5WVDI124u8TFxgQUnq8Y7rEc&_nc_zt=24&_nc_ht=scontent-ams2-1.cdninstagram.com&_nc_ss=7b6a8&oh=00_Af89Ze-OKiKcpjl23pNwvPsMHuC7ROnN2KkEVz6oZI0kIg&oe=6A2C1FF5,fashionloverlauretta,https://www.instagram.com/fashionloverlauretta,Stracchino valbontà #prodottomisteriosopenny #accettoregolamento #holettoprivacypolicy,0,0,2026-05-31T14:53:29.000Z,17886844926559660,2027244973,2026-06-08T05:02:15.770Z,https://www.instagram.com/p/DYwzWgzjEDa
https://scontent-ams2-1.cdninstagram.com/v/t51.2885-19/57156542_598174910699757_4373970513580523520_n.jpg?stp=dst-jpg_s150x150_tt6&_nc_cat=101&ccb=7-5&_nc_sid=f7ccc5&efg=eyJ2ZW5jb2RlX3RhZyI6InByb2ZpbGVfcGljLnd3dy43MDQuQzMifQ%3D%3D&_nc_ohc=zahyWGbQJZQQ7kNvwGfP52k&_nc_oc=AdqCtcAftamjyHS9JLqOREm01UNNjhzWuDa86wiW0t8_gS9nwxlKOzTKPFhQ9uVpZx0&_nc_zt=24&_nc_ht=scontent-ams2-1.cdninstagram.com&_nc_ss=7b6a8&oh=00_Af-6-UlPXKtavyLM2jO3VI4dJgiYX6gOyxJ6A5hhX65lvA&oe=6A2C2AC3,unicorn_girl_around_the_world,https://www.instagram.com/unicorn_girl_around_the_world,Stracchino valbontà #prodottomisteriosopenny #accettoregolamento #holettoprivacypolicy,0,0,2026-05-31T14:48:09.000Z,18096341915600123,12896503580,2026-06-08T05:02:25.614Z,https://www.instagram.com/p/DYwzWgzjEDa
https://scontent-ams2-1.cdninstagram.com/v/t51.2885-19/271270615_1357332211383273_1474280838736258303_n.jpg?stp=dst-jpg_s150x150_tt6&_nc_cat=106&ccb=7-5&_nc_sid=f7ccc5&efg=eyJ2ZW5jb2RlX3RhZyI6InByb2ZpbGVfcGljLnd3dy41NjguQzMifQ%3D%3D&_nc_ohc=_GGAzyKxu9UQ7kNvwEDowxh&_nc_oc=Ado9OOziI_hQtgzxrQJAVopgn5zSj0brFsP_W9FzCggH6hI8WnSH-T040Ec_ntPAZlk&_nc_zt=24&_nc_ht=scontent-ams2-1.cdninstagram.com&_nc_ss=7b6a8&oh=00_Af9rRxKZHv4hPK0nr-K8q8yfZTY2j1h0rhJHVy6KMVHyMQ&oe=6A2C1D68,trillyviola,https://www.instagram.com/trillyviola,Stracchino valbonta'  #prodottomisteriosopenny.  #accettoregolamento.  #holettoprovacypolicy.  #tizianopanella,0,0,2026-05-27T22:58:44.000Z,17888964237484433,1824507468,2026-06-08T05:02:25.614Z,https://www.instagram.com/p/DYwzWgzjEDa
https://scontent-ams2-1.cdninstagram.com/v/t51.2885-19/474801018_604521885864807_4839046717428387983_n.jpg?stp=dst-jpg_s150x150_tt6&_nc_cat=108&ccb=7-5&_nc_sid=f7ccc5&efg=eyJ2ZW5jb2RlX3RhZyI6InByb2ZpbGVfcGljLnd3dy4xMDgwLkMzIn0%3D&_nc_ohc=Rr6JYdjPpPMQ7kNvwGm2BX8&_nc_oc=Adpa8Z5cVbl0A-THldSoe7xhV-5fz9rXxYzjv-txUA6HgCIiKd3Fh5Gj6r4w8_fZGAM&_nc_zt=24&_nc_ht=scontent-ams2-1.cdninstagram.com&_nc_ss=7b6a8&oh=00_Af9kI8Mj5sD9mmN0VJVLDoybFp9XjCNfywdnWZZmpg7UMQ&oe=6A2C3B9C,gaiacolombo27,https://www.instagram.com/gaiacolombo27,Stracchino valbontà #prodottomisteriosopenny #accettoregolamento #holettoprivacypolicy,0,0,2026-05-31T14:53:51.000Z,18114304825669768,72099990474,2026-06-08T05:02:25.614Z,https://www.instagram.com/p/DYwzWgzjEDa
https://scontent-ams2-1.cdninstagram.com/v/t51.75761-19/491462413_17843064159474433_2923350439848711401_n.jpg?stp=dst-jpg_s150x150_tt6&_nc_cat=106&ccb=7-5&_nc_sid=f7ccc5&efg=eyJ2ZW5jb2RlX3RhZyI6InByb2ZpbGVfcGljLnd3dy4xMDgwLkMzIn0%3D&_nc_ohc=AcnJJa_vT4AQ7kNvwHPsWWS&_nc_oc=AdqvaEm6QcxO8EJzWzXlQ8Us1ivJcMgMTIITmJkvS6Wj0QcNDhBJ06_2VFJ7o2DWiJc&_nc_zt=24&_nc_ht=scontent-ams2-1.cdninstagram.com&_nc_gid=hkzHOgQ2x0ahHXZwm7hPOw&_nc_ss=7b6a8&oh=00_Af9S1D7AFn6GAecibbEN9atsbdDFjG6_fEPzUTVJI7zbaA&oe=6A2C2F26,lastelladelmattino_bologna,https://www.instagram.com/lastelladelmattino_bologna,Stracchino valbontà #prodottomisteriosopenny #accettoregolamento #holettoprivacypolicy,0,0,2026-05-31T15:00:17.000Z,17974743765042015,74215882432,2026-06-08T05:02:25.614Z,https://www.instagram.com/p/DYwzWgzjEDa
https://scontent-ams2-1.cdninstagram.com/v/t51.75761-19/499970352_17846497734481694_4961921240782831996_n.jpg?stp=dst-jpg_s150x150_tt6&_nc_cat=105&ccb=7-5&_nc_sid=f7ccc5&efg=eyJ2ZW5jb2RlX3RhZyI6InByb2ZpbGVfcGljLnd3dy4zMjAuQzMifQ%3D%3D&_nc_ohc=guxww_MWuUcQ7kNvwF3PyRA&_nc_oc=AdrcnWIIU201F9ufYcfjpz85uzwBYb-AbA6E-lq4jf-S4LzyPp4aI4t52ZkFPRvcmT0&_nc_zt=24&_nc_ht=scontent-ams2-1.cdninstagram.com&_nc_gid=hkzHOgQ2x0ahHXZwm7hPOw&_nc_ss=7b6a8&oh=00_Af8UPP9CIMbmmRfLBkE6My6k0QEPn9MEL8E5DYxmTHhXjA&oe=6A2C2FD4,amoreleo64,https://www.instagram.com/amoreleo64,Stracchino valbontà #prodottomisteriosopenny #accettoregolamento #holettoprivacypolicy,0,0,2026-05-31T14:59:46.000Z,17978682074860204,74615257693,2026-06-08T05:02:25.614Z,https://www.instagram.com/p/DYwzWgzjEDa
https://scontent-ams2-1.cdninstagram.com/v/t51.2885-19/162847715_272072021084578_6249247529862207135_n.jpg?stp=dst-jpg_s150x150_tt6&_nc_cat=110&ccb=7-5&_nc_sid=f7ccc5&efg=eyJ2ZW5jb2RlX3RhZyI6InByb2ZpbGVfcGljLnd3dy4xMDAwLkMzIn0%3D&_nc_ohc=xHaE6lKq53kQ7kNvwHQA4oN&_nc_oc=Ado-T6DQ6AUJWvpIkhTNezoByX-4lDsBhH6Dnv2VTfq2m7IoA9Yq4BT66miy-_kruro&_nc_zt=24&_nc_ht=scontent-ams2-1.cdninstagram.com&_nc_ss=7b6a8&oh=00_Af_PChhDkZP8s7zN5QzHcdb9al9oX6Mo5drnHMdt6sIUWg&oe=6A2C0AB2,luxuryunicornworld,https://www.instagram.com/luxuryunicornworld,Stracchino valbontà #prodottomisteriosopenny #accettoregolamento #holettoprivacypolicy,0,0,2026-05-31T15:01:58.000Z,18078607259221412,46874001582,2026-06-08T05:02:25.614Z,https://www.instagram.com/p/DYwzWgzjEDa
https://scontent-ams2-1.cdninstagram.com/v/t51.2885-19/70974126_914206755628030_652224082779045888_n.jpg?stp=dst-jpg_s150x150_tt6&_nc_cat=111&ccb=7-5&_nc_sid=f7ccc5&efg=eyJ2ZW5jb2RlX3RhZyI6InByb2ZpbGVfcGljLnd3dy4xMDgwLkMzIn0%3D&_nc_ohc=dP3AzlJPStAQ7kNvwEPleMp&_nc_oc=AdrTRYipbP9THva_zJ3-oTW94ViYxlthcBrE8A-X3QF3sS-l_u6xo1vqGFEy_SbKgEM&_nc_zt=24&_nc_ht=scontent-ams2-1.cdninstagram.com&_nc_ss=7b6a8&oh=00_Af9MK4etoajIdGL-7aB-NfxU4iGwqWYEZdySU4e8Y-kywQ&oe=6A2C23F7,mark.deringer,https://www.instagram.com/mark.deringer,Stracchino valbontà #prodottomisteriosopenny #accettoregolamento #holettoprivacypolicy,0,0,2026-05-31T15:01:39.000Z,18152580001490751,21972626444,2026-06-08T05:02:25.614Z,https://www.instagram.com/p/DYwzWgzjEDa
https://scontent-ams2-1.cdninstagram.com/v/t51.2885-19/449695560_2750437595117697_6918933773953306339_n.jpg?stp=dst-jpg_s150x150_tt6&_nc_cat=107&ccb=7-5&_nc_sid=f7ccc5&efg=eyJ2ZW5jb2RlX3RhZyI6InByb2ZpbGVfcGljLnd3dy4xMDgwLkMzIn0%3D&_nc_ohc=48RGByEHpH8Q7kNvwF8NYDK&_nc_oc=AdrEF961jvCF-RRA6-9b2Qyo-18ug9tAttXIgzTvkV3VdC_DcTVVpNuIs2KGp_BqoDc&_nc_zt=24&_nc_ht=scontent-ams2-1.cdninstagram.com&_nc_ss=7b6a8&oh=00_Af-e4uN5nzKS0tlGHwMOqARDwiM7ca-MiQDg8LwlU2FU2w&oe=6A2C16AA,claudiacasscla,https://www.instagram.com/claudiacasscla,Stracchino valbontà #prodottomisteriosopenny #accettoregolamento #holettoprivacypolicy,0,0,2026-05-31T15:02:44.000Z,18076442117269484,14763722725,2026-06-08T05:02:25.614Z,https://www.instagram.com/p/DYwzWgzjEDa
https://scontent-ams2-1.cdninstagram.com/v/t51.2885-19/14156416_1101417973276794_324913999_a.jpg?stp=dst-jpg_s150x150_tt6&_nc_cat=100&ccb=7-5&_nc_sid=f7ccc5&efg=eyJ2ZW5jb2RlX3RhZyI6InByb2ZpbGVfcGljLnd3dy4zMjYuQzMifQ%3D%3D&_nc_ohc=433niXUjlTMQ7kNvwFjPgWf&_nc_oc=AdpCdyPUSAjOrEy1utNFdDky_l8uWKyKrSf9tpznJh1vIlasv35KTz5UgKaggpyTRq8&_nc_zt=24&_nc_ht=scontent-ams2-1.cdninstagram.com&_nc_ss=7b6a8&oh=00_Af9FV4hdNo_x34R7NFL4sw7wt2sQ-U32ssZmJBJSHqyXwg&oe=6A2C30CD,sweetdreamtattoo,https://www.instagram.com/sweetdreamtattoo,Stracchino valbontà #prodottomisteriosopenny #accettoregolamento #holettoprivacypolicy,0,0,2026-05-31T15:02:20.000Z,17939398053258519,3916019427,2026-06-08T05:02:25.614Z,https://www.instagram.com/p/DYwzWgzjEDa
https://scontent-ams2-1.cdninstagram.com/v/t51.2885-19/277889531_1348696692266368_785743260677998055_n.jpg?stp=dst-jpg_s150x150_tt6&_nc_cat=100&ccb=7-5&_nc_sid=f7ccc5&efg=eyJ2ZW5jb2RlX3RhZyI6InByb2ZpbGVfcGljLnd3dy4xMDgwLkMzIn0%3D&_nc_ohc=PpYBHn9g6g0Q7kNvwG4eji6&_nc_oc=Adq-rLIWu8aiX6aF0EBa_ZhgUdDufUi1b1hVwi7TCVyW3caKlvYkaAc4-UPrRCi9xEw&_nc_zt=24&_nc_ht=scontent-ams2-1.cdninstagram.com&_nc_ss=7b6a8&oh=00_Af_FepdUpuzqvRMS5KOXszUFMiae6vVjdM7bvRgEcmLQgQ&oe=6A2C1749,isognidiniccolo,https://www.instagram.com/isognidiniccolo,Stracchino valbontà #prodottomisteriosopenny #accettoregolamento #holettoprivacypolicy,0,0,2026-05-31T15:03:19.000Z,18374489239165085,18330658533,2026-06-08T05:02:25.614Z,https://www.instagram.com/p/DYwzWgzjEDa
https://scontent-ams2-1.cdninstagram.com/v/t51.2885-19/450820683_444462645155726_2039746248092914130_n.jpg?stp=dst-jpg_s150x150_tt6&_nc_cat=105&ccb=7-5&_nc_sid=f7ccc5&efg=eyJ2ZW5jb2RlX3RhZyI6InByb2ZpbGVfcGljLnd3dy43MzYuQzMifQ%3D%3D&_nc_ohc=Pd5ERblfQKcQ7kNvwH2nkU-&_nc_oc=AdqtmddHPqB_5Q7wsAT1mezin4bSY6HQNL9UzbErI8F9o1pStJkqoFeOCuEtLpbzJEg&_nc_zt=24&_nc_ht=scontent-ams2-1.cdninstagram.com&_nc_ss=7b6a8&oh=00_Af_iBL7HWTuo3AFISZw6-nlqsrEWMwcQu2qeKorlyoczWw&oe=6A2C0C2E,alfamywanderlust,https://www.instagram.com/alfamywanderlust,Stracchino valbontà #prodottomisteriosopenny #accettoregolamento #holettoprivacypolicy,0,0,2026-05-31T15:03:02.000Z,18314428174275825,25359739358,2026-06-08T05:02:25.614Z,https://www.instagram.com/p/DYwzWgzjEDa
https://scontent-ams2-1.cdninstagram.com/v/t51.2885-19/289334597_748149093193895_4796716152266458497_n.jpg?stp=dst-jpg_s150x150_tt6&_nc_cat=108&ccb=7-5&_nc_sid=f7ccc5&efg=eyJ2ZW5jb2RlX3RhZyI6InByb2ZpbGVfcGljLnd3dy41OTcuQzMifQ%3D%3D&_nc_ohc=zFlbktPgy74Q7kNvwFgKXqX&_nc_oc=AdpKJTTOa3sQiEyVcD_Fo27qt9XeSsQkhKDKyGF7aaoZBtOSau_MPu4issQVi3yT5lA&_nc_zt=24&_nc_ht=scontent-ams2-1.cdninstagram.com&_nc_ss=7b6a8&oh=00_Af9qkEXifewQkYlWSdRD4efXJrSJKXyBqRz_HMbaPCr_vQ&oe=6A2C3934,beauty__poetry,https://www.instagram.com/beauty__poetry,Stracchino valbontà #prodottomisteriosopenny #accettoregolamento #holettoprivacypolicy,0,0,2026-05-31T15:03:58.000Z,18099912503034207,47560759410,2026-06-08T05:02:25.614Z,https://www.instagram.com/p/DYwzWgzjEDa
https://scontent-ams2-1.cdninstagram.com/v/t51.2885-19/64351231_312341016337559_6687424982231810048_n.jpg?stp=dst-jpg_s150x150_tt6&_nc_cat=100&ccb=7-5&_nc_sid=f7ccc5&efg=eyJ2ZW5jb2RlX3RhZyI6InByb2ZpbGVfcGljLnd3dy41MTYuQzMifQ%3D%3D&_nc_ohc=_TXlmTw4V34Q7kNvwFubJPX&_nc_oc=Adqh7qSVxSV5N9yggsIwuZaSNbkiowMSo83FLVgS3Nsf8fXH6Ufd9Pc6f--mMj3bdms&_nc_zt=24&_nc_ht=scontent-ams2-1.cdninstagram.com&_nc_ss=7b6a8&oh=00_Af9jIkCiwkea3jqq6fjiNEcYXt9gJL_98TGlpwvv-rkRgw&oe=6A2C3629,chiarettaesara,https://www.instagram.com/chiarettaesara,Stracchino valbontà #prodottomisteriosopenny #accettoregolamento #holettoprivacypolicy,0,0,2026-05-31T15:03:42.000Z,18091405820615616,15055756529,2026-06-08T05:02:25.614Z,https://www.instagram.com/p/DYwzWgzjEDa
https://scontent-ams2-1.cdninstagram.com/v/t51.2885-19/289180541_441904490696536_2137815610975996550_n.jpg?stp=dst-jpg_s150x150_tt6&_nc_cat=107&ccb=7-5&_nc_sid=f7ccc5&efg=eyJ2ZW5jb2RlX3RhZyI6InByb2ZpbGVfcGljLnd3dy4xMDgwLkMzIn0%3D&_nc_ohc=_l5eH1ixylMQ7kNvwHiQTQZ&_nc_oc=AdrSM4S0UZWxczrH8ew2uYTu0-UTP3NrB-fFVlHhNGVdvOZZ6QqrksRhgb_Z-s8E8jI&_nc_zt=24&_nc_ht=scontent-ams2-1.cdninstagram.com&_nc_ss=7b6a8&oh=00_Af_CWqQUZk1MlJpURpnOsDW_CNnmICKnrEo3knDbSwJVEQ&oe=6A2C3143,ambracorn,https://www.instagram.com/ambracorn,Stracchino valbontà #prodottomisteriosopenny #accettoregolamento #holettoprivacypolicy,0,0,2026-05-31T15:04:44.000Z,18018882698681272,14030214849,2026-06-08T05:02:25.614Z,https://www.instagram.com/p/DYwzWgzjEDa
https://scontent-ams2-1.cdninstagram.com/v/t51.2885-19/241030332_373684227677732_4291307255702548688_n.jpg?stp=dst-jpg_s150x150_tt6&_nc_cat=111&ccb=7-5&_nc_sid=f7ccc5&efg=eyJ2ZW5jb2RlX3RhZyI6InByb2ZpbGVfcGljLnd3dy4xMDgwLkMzIn0%3D&_nc_ohc=ZH4Frk2fSM8Q7kNvwGKwANS&_nc_oc=AdqmchAmUkZ07v6ZqJ8qeD28OvXTMyzyPyUMHa0dAEodDsfAfYHIdFDbWXxOClZRMBI&_nc_zt=24&_nc_ht=scontent-ams2-1.cdninstagram.com&_nc_ss=7b6a8&oh=00_Af9e2qvx1qmnd74R9YkvNG9Z1YH8mv6iq9byHyDRwPFKVw&oe=6A2C1383,flowerlauraaaaa,https://www.instagram.com/flowerlauraaaaa,Stracchino valbontà #prodottomisteriosopenny #accettoregolamento #holettoprivacypolicy,0,0,2026-05-31T15:04:11.000Z,17963020875086083,47766626704,2026-06-08T05:02:25.614Z,https://www.instagram.com/p/DYwzWgzjEDa
https://scontent-ams2-1.cdninstagram.com/v/t51.2885-19/461746858_1025934535691153_8386713040887116390_n.jpg?stp=dst-jpg_s150x150_tt6&_nc_cat=103&ccb=7-5&_nc_sid=f7ccc5&efg=eyJ2ZW5jb2RlX3RhZyI6InByb2ZpbGVfcGljLnd3dy4xMDgwLkMzIn0%3D&_nc_ohc=Fl-ig4KybgoQ7kNvwEtBMCg&_nc_oc=Adomeyro8Tubc0MHFNdIU3l5GnwJrYYF_Jshogzwiz--Ql-5FcmH89bGvHkCCcCKsj4&_nc_zt=24&_nc_ht=scontent-ams2-1.cdninstagram.com&_nc_ss=7b6a8&oh=00_Af-sYFDdaXFvfxhsuk46iKGPtwgUEteBffxANvMZ8j8z3w&oe=6A2C12B6,leochiccaforever23,https://www.instagram.com/leochiccaforever23,Stracchino valbontà #prodottomisteriosopenny #accettoregolamento #holettoprivacypolicy,0,0,2026-05-31T15:05:46.000Z,17975080361879499,69235514143,2026-06-08T05:02:34.932Z,https://www.instagram.com/p/DYwzWgzjEDa
https://scontent-ams2-1.cdninstagram.com/v/t51.2885-19/459791598_840298624948226_967062912751310317_n.jpg?stp=dst-jpg_s150x150_tt6&_nc_cat=107&ccb=7-5&_nc_sid=f7ccc5&efg=eyJ2ZW5jb2RlX3RhZyI6InByb2ZpbGVfcGljLnd3dy4zMjAuQzMifQ%3D%3D&_nc_ohc=7Bcb3hMN62AQ7kNvwHZNi2P&_nc_oc=AdrxztdcjQJ2azeE5qs_srvKL_8Ua9OCcVj_HDXayAQLSWmKggGQAUHr4Z9Et2SNE6g&_nc_zt=24&_nc_ht=scontent-ams2-1.cdninstagram.com&_nc_ss=7b6a8&oh=00_Af9YCYYcqtA5l66moJK9phahdYSeBrrcUgcfyArbLnELQQ&oe=6A2C2965,sognolaura234,https://www.instagram.com/sognolaura234,Stracchino valbontà #prodottomisteriosopenny #accettoregolamento #holettoprivacypolicy,0,0,2026-05-31T15:06:04.000Z,18339798763217671,69218375748,2026-06-08T05:02:34.932Z,https://www.instagram.com/p/DYwzWgzjEDa
https://scontent-ams2-1.cdninstagram.com/v/t51.89012-19/573323465_1219825463302212_7278921664109726296_n.jpg?stp=dst-jpg_s150x150_tt6&_nc_cat=1&ccb=7-5&_nc_sid=f7ccc5&efg=eyJ2ZW5jb2RlX3RhZyI6InByb2ZpbGVfcGljLnd3dy5DMyJ9&_nc_ohc=YQQEIw1CjK0Q7kNvwGGNPon&_nc_oc=Adp7JMSj7AOEo1lF5QYw3Jy1M1xQO7rN0cMzWMAfIgmY47pgvLcGGpfiNyLdn_i3N0A&_nc_zt=24&_nc_ht=scontent-ams2-1.cdninstagram.com&_nc_gid=lYO_evlH7KYYD8Sm8DsGVg&_nc_ss=7b6a8&oh=00_Af8ub1ZA-jS_y7poTYizpS4PlqzykxHxbkDaLDH5t1LWrQ&oe=6A2C03A2,daleo9105,https://www.instagram.com/daleo9105,Stracchino valbontà #prodottomisteriosopenny #accettoregolamento #holettoprivacypolicy,0,0,2026-05-31T15:06:50.000Z,18447228823117939,44748041963,2026-06-08T05:02:34.932Z,https://www.instagram.com/p/DYwzWgzjEDa
https://scontent-ams2-1.cdninstagram.com/v/t51.2885-19/461800251_882205543487097_3442247145037460520_n.jpg?stp=dst-jpg_s150x150_tt6&_nc_cat=104&ccb=7-5&_nc_sid=f7ccc5&efg=eyJ2ZW5jb2RlX3RhZyI6InByb2ZpbGVfcGljLnd3dy4xMDgwLkMzIn0%3D&_nc_ohc=jEWgRLvG7cUQ7kNvwF0XeCl&_nc_oc=AdpDLJCxPN5Tt_fovzRpr6rr7VCzz_tGIUTNbWu7YFI_oPxBcBIG4aHVdPqe_dLI3CI&_nc_zt=24&_nc_ht=scontent-ams2-1.cdninstagram.com&_nc_ss=7b6a8&oh=00_Af9FGy_X149jV0vkvvgRaiSV06HEsirZSvWoAl7ZjeP1Rg&oe=6A2C0F1C,amorelauryty,https://www.instagram.com/amorelauryty,Stracchino valbontà #prodottomisteriosopenny #accettoregolamento #holettoprivacypolicy,0,0,2026-05-31T15:06:36.000Z,18116745214805434,69047835262,2026-06-08T05:02:34.932Z,https://www.instagram.com/p/DYwzWgzjEDa
https://scontent-ams2-1.cdninstagram.com/v/t51.2885-19/58410364_423987081762597_7940219830978740224_n.jpg?stp=dst-jpg_s150x150_tt6&_nc_cat=107&ccb=7-5&_nc_sid=f7ccc5&efg=eyJ2ZW5jb2RlX3RhZyI6InByb2ZpbGVfcGljLnd3dy42MDUuQzMifQ%3D%3D&_nc_ohc=MK6Xa-9tse0Q7kNvwH0IEbH&_nc_oc=AdoZeCpjvSVn-mE1VZGW2-j-AR8yUeKlnWll9w9IdawVnrEKHjb5ewDUNlMV06quIx4&_nc_zt=24&_nc_ht=scontent-ams2-1.cdninstagram.com&_nc_ss=7b6a8&oh=00_Af8K-oW_umJOQRRNYC1kE4Pmc6t67zQwMOsXOr-x7B3_KA&oe=6A2C0D69,tattootattooroma,https://www.instagram.com/tattootattooroma,Stracchino valbontà #prodottomisteriosopenny #accettoregolamento #holettoprivacypolicy,0,0,2026-05-31T15:06:19.000Z,17903081520432543,7010179560,2026-06-08T05:02:34.932Z,https://www.instagram.com/p/DYwzWgzjEDa
https://scontent-ams2-1.cdninstagram.com/v/t51.2885-19/471986369_2037460026774476_4280492416012994511_n.jpg?stp=dst-jpg_s150x150_tt6&_nc_cat=111&ccb=7-5&_nc_sid=f7ccc5&efg=eyJ2ZW5jb2RlX3RhZyI6InByb2ZpbGVfcGljLnd3dy4xMDgwLkMzIn0%3D&_nc_ohc=6lqD3rv1Y20Q7kNvwF10nzX&_nc_oc=Adqg_wCeU8fu-bWSrloGDJzLFCPNbucs1P1Ya2XMO1ii5DazWWbdX6NQwc8ekRHapzM&_nc_zt=24&_nc_ht=scontent-ams2-1.cdninstagram.com&_nc_ss=7b6a8&oh=00_Af-qnxleEVDhE_zvQoNoJWJ24uIctpO6hxyJn9V7vxmxhQ&oe=6A2C274D,fabry_fabry56,https://www.instagram.com/fabry_fabry56,Stracchino valbontà #prodottomisteriosopenny #accettoregolamento #holettoprivacypolicy,0,0,2026-05-31T15:07:34.000Z,18111337238506536,72000715325,2026-06-08T05:02:34.932Z,https://www.instagram.com/p/DYwzWgzjEDa
https://scontent-ams2-1.cdninstagram.com/v/t51.82787-19/652857048_18041612825565580_2708042028347770555_n.jpg?stp=dst-jpg_s150x150_tt6&_nc_cat=107&ccb=7-5&_nc_sid=f7ccc5&efg=eyJ2ZW5jb2RlX3RhZyI6InByb2ZpbGVfcGljLnd3dy4xMDgwLkMzIn0%3D&_nc_ohc=Pwn97IucnO0Q7kNvwG2O3h7&_nc_oc=AdpdLz_iJfgcL5jBMEHyHgB9tRw3M5xrTWP-adNQxZjNV5Rvfyh3kZ3qAanyC5Pi0yE&_nc_zt=24&_nc_ht=scontent-ams2-1.cdninstagram.com&_nc_gid=lYO_evlH7KYYD8Sm8DsGVg&_nc_ss=7b6a8&oh=00_Af8R4NNnGwT95ajhZgQsGrWOCmsEaT0-xiL0yLM5QHLr5w&oe=6A2C0D44,laura615230,https://www.instagram.com/laura615230,Stracchino valbontà #prodottomisteriosopenny #accettoregolamento #holettoprivacypolicy,0,0,2026-05-31T15:07:14.000Z,18153594112467031,46913565579,2026-06-08T05:02:34.932Z,https://www.instagram.com/p/DYwzWgzjEDa
https://scontent-ams2-1.cdninstagram.com/v/t51.2885-19/56963303_432111884022430_499074181887950848_n.jpg?stp=dst-jpg_s150x150_tt6&_nc_cat=104&ccb=7-5&_nc_sid=f7ccc5&efg=eyJ2ZW5jb2RlX3RhZyI6InByb2ZpbGVfcGljLnd3dy43MjAuQzMifQ%3D%3D&_nc_ohc=zYNCM2KrhmUQ7kNvwEHi4iF&_nc_oc=AdpAgiTSUy0QqcJXWdVw6Sx3Ls_dgJhBACHaooIM5dsvvd2heu4o9UtdgDggzg-T4iI&_nc_zt=24&_nc_ht=scontent-ams2-1.cdninstagram.com&_nc_ss=7b6a8&oh=00_Af_7y6okSODOFew7AbvgC85xbKF7CXm1IR70Q_KkgPhOrQ&oe=6A2C2C74,brunduanna59,https://www.instagram.com/brunduanna59,Stacchino,0,0,2026-05-31T07:29:06.000Z,18070171304680252,13044377984,2026-06-08T05:02:34.932Z,https://www.instagram.com/p/DYwzWgzjEDa
https://scontent-ams2-1.cdninstagram.com/v/t51.2885-19/461312259_754653253453875_8392963533458977863_n.jpg?stp=dst-jpg_s150x150_tt6&_nc_cat=103&ccb=7-5&_nc_sid=f7ccc5&efg=eyJ2ZW5jb2RlX3RhZyI6InByb2ZpbGVfcGljLnd3dy4xMDgwLkMzIn0%3D&_nc_ohc=0Q1HnUzT-G4Q7kNvwF4Popp&_nc_oc=AdrloXnWMqkvQlzw0FyjUdBLx-QtkGOddIn66XLjrnBfOmXSX7s2UWaZx2sNzRuF-Yo&_nc_zt=24&_nc_ht=scontent-ams2-1.cdninstagram.com&_nc_ss=7b6a8&oh=00_Af_6WbKk_hOWyrehYryODvg-bs26alRGfUVrEh_LiZpBrg&oe=6A2C0DB9,babynovara1990,https://www.instagram.com/babynovara1990,Stracchino valbontà #prodottomisteriosopenny #accettoregolamento #holettoprivacypolicy,0,0,2026-05-31T15:09:36.000Z,17882620656590290,69385031233,2026-06-08T05:02:34.932Z,https://www.instagram.com/p/DYwzWgzjEDa
https://scontent-ams2-1.cdninstagram.com/v/t51.82787-19/670993126_18099912301838279_5286893172328148741_n.jpg?stp=dst-jpg_s150x150_tt6&_nc_cat=105&ccb=7-5&_nc_sid=f7ccc5&efg=eyJ2ZW5jb2RlX3RhZyI6InByb2ZpbGVfcGljLnd3dy4xMDgwLkMzIn0%3D&_nc_ohc=uQccHz4IIz0Q7kNvwHwWB-M&_nc_oc=Adpg-hpNYvz5tIhHOYwe3k7Eg2ZMP58j4OHau9wB3MDMNC5n_BuvHWEC5rQOj4eZilA&_nc_zt=24&_nc_ht=scontent-ams2-1.cdninstagram.com&_nc_gid=lYO_evlH7KYYD8Sm8DsGVg&_nc_ss=7b6a8&oh=00_Af-mOayN_1SnlGUCLqnKAhdiJctHLpRiQjM6CoKomH7mTg&oe=6A2C328C,reindeer.1828937,https://www.instagram.com/reindeer.1828937,Stracchino valbontà #prodottomisteriosopenny #accettoregolamento #holettoprivacypolicy,0,0,2026-05-31T15:09:07.000Z,18527157379077932,24977054278,2026-06-08T05:02:34.932Z,https://www.instagram.com/p/DYwzWgzjEDa
https://scontent-ams2-1.cdninstagram.com/v/t51.82787-19/670993126_18099912301838279_5286893172328148741_n.jpg?stp=dst-jpg_s150x150_tt6&_nc_cat=105&ccb=7-5&_nc_sid=f7ccc5&efg=eyJ2ZW5jb2RlX3RhZyI6InByb2ZpbGVfcGljLnd3dy4xMDgwLkMzIn0%3D&_nc_ohc=uQccHz4IIz0Q7kNvwHwWB-M&_nc_oc=Adpg-hpNYvz5tIhHOYwe3k7Eg2ZMP58j4OHau9wB3MDMNC5n_BuvHWEC5rQOj4eZilA&_nc_zt=24&_nc_ht=scontent-ams2-1.cdninstagram.com&_nc_gid=lYO_evlH7KYYD8Sm8DsGVg&_nc_ss=7b6a8&oh=00_Af-mOayN_1SnlGUCLqnKAhdiJctHLpRiQjM6CoKomH7mTg&oe=6A2C328C,reindeer.1828937,https://www.instagram.com/reindeer.1828937,Stracchino valbontà #prodottomisteriosopenny #accettoregolamento #holettoprivacypolicy,0,0,2026-05-31T15:09:02.000Z,18116660932768689,24977054278,2026-06-08T05:02:34.932Z,https://www.instagram.com/p/DYwzWgzjEDa
https://scontent-ams2-1.cdninstagram.com/v/t51.82787-19/565502820_17857460025535894_6800542981294905981_n.jpg?stp=dst-jpg_s150x150_tt6&_nc_cat=103&ccb=7-5&_nc_sid=f7ccc5&efg=eyJ2ZW5jb2RlX3RhZyI6InByb2ZpbGVfcGljLnd3dy4xMDgwLkMzIn0%3D&_nc_ohc=dtOHNYC31IQQ7kNvwGnQBc2&_nc_oc=AdoLu5wYJfRE-BdGpFbStV5pBSxmcpnaqZOCNFOEiHNaw1nVnVo4rxgtw5Jzaw7nKqM&_nc_zt=24&_nc_ht=scontent-ams2-1.cdninstagram.com&_nc_gid=lYO_evlH7KYYD8Sm8DsGVg&_nc_ss=7b6a8&oh=00_Af_c3yxY5gYyG279iacRoS9Hr5wKBxbQubt11FITVHYdjw&oe=6A2C0F22,paroleesogni3,https://www.instagram.com/paroleesogni3,Stracchino valbontà #prodottomisteriosopenny #accettoregolamento #holettoprivacypolicy,0,0,2026-05-31T15:08:30.000Z,18170141293418789,75941207893,2026-06-08T05:02:34.932Z,https://www.instagram.com/p/DYwzWgzjEDa
https://scontent-ams2-1.cdninstagram.com/v/t51.2885-19/480034793_3468097003498340_4750358360039583268_n.jpg?stp=dst-jpg_s150x150_tt6&_nc_cat=101&ccb=7-5&_nc_sid=f7ccc5&efg=eyJ2ZW5jb2RlX3RhZyI6InByb2ZpbGVfcGljLnd3dy4xMDgwLkMzIn0%3D&_nc_ohc=bwtbCLW3dIEQ7kNvwHOiWB9&_nc_oc=AdqQPSj11vl8E7FzK3QwFJ7nYzYHlPxZZQp2beBuQRMFi5NnzSy641UfBzB4yLh4Oi8&_nc_zt=24&_nc_ht=scontent-ams2-1.cdninstagram.com&_nc_ss=7b6a8&oh=00_Af-1oDX8g0n49LkDBT-vstKybWlBM74rbMFqw4JRqNBWSg&oe=6A2C10BA,kirali2344,https://www.instagram.com/kirali2344,Stracchino valbontà #prodottomisteriosopenny #accettoregolamento #holettoprivacypolicy,0,0,2026-05-31T15:10:34.000Z,18389758876090001,70529103465,2026-06-08T05:02:34.932Z,https://www.instagram.com/p/DYwzWgzjEDa
https://scontent-ams2-1.cdninstagram.com/v/t51.2885-19/472539891_1614232292546466_2667621959460577734_n.jpg?stp=dst-jpg_s150x150_tt6&_nc_cat=101&ccb=7-5&_nc_sid=f7ccc5&efg=eyJ2ZW5jb2RlX3RhZyI6InByb2ZpbGVfcGljLnd3dy4xMDgwLkMzIn0%3D&_nc_ohc=T5Zv4Zrsi9UQ7kNvwGrhSes&_nc_oc=AdoTHGMst3ixb6VCiQPpht9-yKIIBYj_cHh8aMFEi-XFKXWfzMmkPqay6Tu_USUriSI&_nc_zt=24&_nc_ht=scontent-ams2-1.cdninstagram.com&_nc_ss=7b6a8&oh=00_Af9y9y3AmjyzOAyy1uSWtaK7AOygVLyD7kNjJ7mLIw85mg&oe=6A2C25D9,bolognasogno,https://www.instagram.com/bolognasogno,Stracchino valbontà #prodottomisteriosopenny #accettoregolamento #holettoprivacypolicy,0,0,2026-05-31T15:10:08.000Z,18121090486675032,71820716873,2026-06-08T05:02:34.932Z,https://www.instagram.com/p/DYwzWgzjEDa
https://scontent-ams2-1.cdninstagram.com/v/t51.2885-19/489527962_680132691239600_658026952522137279_n.jpg?stp=dst-jpg_s150x150_tt6&_nc_cat=105&ccb=7-5&_nc_sid=f7ccc5&efg=eyJ2ZW5jb2RlX3RhZyI6InByb2ZpbGVfcGljLnd3dy4xMDgwLkMzIn0%3D&_nc_ohc=Wh7u4SQO-uoQ7kNvwFKGgw2&_nc_oc=AdpLyi4AxSZ1pZsRiiY-vqLf5N51548-tdQ4w_I6UZISC6m8_is_1q1EvAWTPU-hxsM&_nc_zt=24&_nc_ht=scontent-ams2-1.cdninstagram.com&_nc_ss=7b6a8&oh=00_Af_O7SEH7XMcEoD8GHcs00YF3_B6Uf5Cu7nB1nuwit2zqQ&oe=6A2C361D,madamespring24,https://www.instagram.com/madamespring24,Stracchino Valbonta' #prodottomisteriosopenny #accettoregolamento #holettoprivacypolicy,0,0,2026-05-25T17:39:09.000Z,17865111960566905,8753535423,2026-06-08T05:02:34.932Z,https://www.instagram.com/p/DYwzWgzjEDa
https://scontent-ams2-1.cdninstagram.com/v/t51.2885-19/11848940_1647296478888038_1957778896_a.jpg?_nc_cat=109&ccb=7-5&_nc_sid=f7ccc5&efg=eyJ2ZW5jb2RlX3RhZyI6InByb2ZpbGVfcGljLnd3dy4xNTAuQzMifQ%3D%3D&_nc_ohc=GrIHZGrUPp0Q7kNvwF2tQZT&_nc_oc=AdrK3E5ZDsO462dlzqRoGJfgFAW3I0jB-n4Mp7s8oNUIaCi7-lChCG3OiQ7B73YnlWo&_nc_zt=24&_nc_ht=scontent-ams2-1.cdninstagram.com&_nc_ss=7b6a8&oh=00_Af_S46k4DSdtIMTCyfNarIAxSdGslnJ5hkDfZk8gARTcdA&oe=6A2C2AEE,robertaumoret,https://www.instagram.com/robertaumoret,Stracchino #prodottomisteriosopenny #accettoregolamento #holettoprivacypolicy,0,0,2026-05-26T01:45:24.000Z,18458944234108196,340179008,2026-06-08T05:02:44.155Z,https://www.instagram.com/p/DYwzWgzjEDa
https://scontent-ams2-1.cdninstagram.com/v/t51.2885-19/364403181_1403597823525710_3404382905058103277_n.jpg?stp=dst-jpg_s150x150_tt6&_nc_cat=109&ccb=7-5&_nc_sid=f7ccc5&efg=eyJ2ZW5jb2RlX3RhZyI6InByb2ZpbGVfcGljLnd3dy4xMDgwLkMzIn0%3D&_nc_ohc=wgGdGfzaOdYQ7kNvwGtIGrx&_nc_oc=AdocZPyFHn55cVDh3qxp6iLyfTsUxy4b5xNitN6SompgmbzuAQWqJ67A-V_XqaRzgkM&_nc_zt=24&_nc_ht=scontent-ams2-1.cdninstagram.com&_nc_ss=7b6a8&oh=00_Af_T8bA6ElHkJ2jmUAJBrjpt1zvc_zdnMFNiRdKTuAp2QQ&oe=6A2C2017,leo_rosso12,https://www.instagram.com/leo_rosso12,Stracchino #prodottomisteriosopenny #accettoregolamento #holettoprivacypolicy,0,0,2026-05-26T01:53:23.000Z,18117451702785748,44521302648,2026-06-08T05:02:44.155Z,https://www.instagram.com/p/DYwzWgzjEDa
https://scontent-ams2-1.cdninstagram.com/v/t51.2885-19/469521235_584636501032227_6578934034276042807_n.jpg?stp=dst-jpg_s150x150_tt6&_nc_cat=102&ccb=7-5&_nc_sid=f7ccc5&efg=eyJ2ZW5jb2RlX3RhZyI6InByb2ZpbGVfcGljLnd3dy4xMDgwLkMzIn0%3D&_nc_ohc=zV5zcHVkuAcQ7kNvwEA9LI7&_nc_oc=AdqK_24_2e2YZTzfcFhUUkqwEw9KbVGwPlX2yzxpyVQc4e88pXDi35CmLAOexJpzv_o&_nc_zt=24&_nc_ht=scontent-ams2-1.cdninstagram.com&_nc_ss=7b6a8&oh=00_Af9aJPn78TLjX3RB1D1RSLXP83oxGPCc9hQzihKbvBhYRA&oe=6A2C0B2B,marymarymilano,https://www.instagram.com/marymarymilano,Stracchino valbontà #prodottomisteriosopenny #accettoregolamento #holettoprivacypolicy,0,0,2026-05-31T21:37:20.000Z,18010341002719219,71293102819,2026-06-08T05:02:44.155Z,https://www.instagram.com/p/DYwzWgzjEDa
https://scontent-ams2-1.cdninstagram.com/v/t51.2885-19/472848982_2945225588966214_622749598979311372_n.jpg?stp=dst-jpg_s150x150_tt6&_nc_cat=110&ccb=7-5&_nc_sid=f7ccc5&efg=eyJ2ZW5jb2RlX3RhZyI6InByb2ZpbGVfcGljLnd3dy4zMjAuQzMifQ%3D%3D&_nc_ohc=d4EgpXZox8wQ7kNvwFTj-_C&_nc_oc=AdpFA4PrR5rCAGEVRMSP5OExvhoPkLGBIwIPfh3C4yyK21oVP4OHr3YPoWzSphNt3rM&_nc_zt=24&_nc_ht=scontent-ams2-1.cdninstagram.com&_nc_ss=7b6a8&oh=00_Af9DASss6alKYfHkS5-yRDNNg0TBc-Ojl-betaf-EFSjvg&oe=6A2C1B5A,amarsidalontano2,https://www.instagram.com/amarsidalontano2,Stracchino valbontà #prodottomisteriosopenny #accettoregolamento #holettoprivacypolicy,0,0,2026-05-31T21:40:42.000Z,18109125374297706,71479445524,2026-06-08T05:02:44.155Z,https://www.instagram.com/p/DYwzWgzjEDa
https://scontent-ams2-1.cdninstagram.com/v/t51.82787-19/651601491_17857648278620849_1297003518487682903_n.jpg?stp=dst-jpg_s150x150_tt6&_nc_cat=111&ccb=7-5&_nc_sid=f7ccc5&efg=eyJ2ZW5jb2RlX3RhZyI6InByb2ZpbGVfcGljLnd3dy4xMDgwLkMzIn0%3D&_nc_ohc=PAxowKDo-awQ7kNvwFb5WIY&_nc_oc=Ado-3KLbh-dJVZHVTNFeHOYrlb6Qk628NVVSrwBIxO9BqI8jAoN_QXl3eMC5RbK37sA&_nc_zt=24&_nc_ht=scontent-ams2-1.cdninstagram.com&_nc_gid=zovV_xQze_s9B51GanuilA&_nc_ss=7b6a8&oh=00_Af9fRiIdnftHbwDoQBx60MJYDXPY8xpMhMmws5EjH9azXg&oe=6A2C3609,rabbit.1044492,https://www.instagram.com/rabbit.1044492,Stracchino valbontà #prodottomisteriosopenny #accettoregolamento #holettoprivacypolicy,0,0,2026-05-31T21:39:39.000Z,17853903327680020,78499276848,2026-06-08T05:02:44.155Z,https://www.instagram.com/p/DYwzWgzjEDa
https://scontent-ams2-1.cdninstagram.com/v/t51.2885-19/472254493_1975981466220505_4670759114177447185_n.jpg?stp=dst-jpg_s150x150_tt6&_nc_cat=103&ccb=7-5&_nc_sid=f7ccc5&efg=eyJ2ZW5jb2RlX3RhZyI6InByb2ZpbGVfcGljLnd3dy4zMjAuQzMifQ%3D%3D&_nc_ohc=oFU574e_xPgQ7kNvwEEPZw9&_nc_oc=AdpsAhY7MIJ00uoLWOqkiA0PITYdeqyifmrMXq1ObwimzPOc3Pjg58DIl5FZ2gFlJh8&_nc_zt=24&_nc_ht=scontent-ams2-1.cdninstagram.com&_nc_ss=7b6a8&oh=00_Af8jIIhzXLzT5p30BlUfnbddoKpt-Du2_tiEvYX7DuzRWw&oe=6A2C3548,chiccaleoamori,https://www.instagram.com/chiccaleoamori,Stracchino valbontà #prodottomisteriosopenny #accettoregolamento #holettoprivacypolicy,0,0,2026-05-31T21:37:58.000Z,18353212774212009,72019626637,2026-06-08T05:02:44.155Z,https://www.instagram.com/p/DYwzWgzjEDa
https://scontent-ams2-1.cdninstagram.com/v/t51.82787-19/638291062_17858955432610167_2479609868431334981_n.jpg?stp=dst-jpg_s150x150_tt6&_nc_cat=106&ccb=7-5&_nc_sid=f7ccc5&efg=eyJ2ZW5jb2RlX3RhZyI6InByb2ZpbGVfcGljLnd3dy4xMDgwLkMzIn0%3D&_nc_ohc=B2WriYpxNDQQ7kNvwGogmZl&_nc_oc=Ado_x1E9foG5Pa9fw3Tfu2IbKTdSE-es7fq-ecla34PFH2h6nm64zxHvxTUz3E7_g-8&_nc_zt=24&_nc_ht=scontent-ams2-1.cdninstagram.com&_nc_gid=zovV_xQze_s9B51GanuilA&_nc_ss=7b6a8&oh=00_Af8yLvcV8LjkuQmKU4-0yzhrdytjx48Y3U1xCkeUKY9xlw&oe=6A2C1FBA,llama.9756367,https://www.instagram.com/llama.9756367,Stracchino valbontà #prodottomisteriosopenny #accettoregolamento #holettoprivacypolicy,0,0,2026-05-31T21:41:29.000Z,17895132249465938,78371642166,2026-06-08T05:02:44.155Z,https://www.instagram.com/p/DYwzWgzjEDa
https://scontent-ams2-1.cdninstagram.com/v/t51.82787-19/548852295_17855663112527716_2782990262297633651_n.jpg?stp=dst-jpg_s150x150_tt6&_nc_cat=107&ccb=7-5&_nc_sid=f7ccc5&efg=eyJ2ZW5jb2RlX3RhZyI6InByb2ZpbGVfcGljLnd3dy4xMDgwLkMzIn0%3D&_nc_ohc=4o6sK5cdQOMQ7kNvwHm2wdo&_nc_oc=AdqUhJreeNjQMtrxruUx2zbWiosCIKS44NRCtgHJSNQAdUhpJqtI264x-nvHpL9Kubo&_nc_zt=24&_nc_ht=scontent-ams2-1.cdninstagram.com&_nc_gid=zovV_xQze_s9B51GanuilA&_nc_ss=7b6a8&oh=00_Af9BatSZZRS6hdO88dTcwRMYFNiyy2A1-0za5M6rD6ADrQ&oe=6A2C3690,babyckaudia,https://www.instagram.com/babyckaudia,Stracchino valbontà #prodottomisteriosopenny #accettoregolamento #holettoprivacypolicy,0,0,2026-05-31T21:41:07.000Z,18103618277474264,75769127715,2026-06-08T05:02:44.155Z,https://www.instagram.com/p/DYwzWgzjEDa
https://scontent-ams2-1.cdninstagram.com/v/t51.2885-19/471961142_2500109080380879_4501721665688468778_n.jpg?stp=dst-jpg_s150x150_tt6&_nc_cat=110&ccb=7-5&_nc_sid=f7ccc5&efg=eyJ2ZW5jb2RlX3RhZyI6InByb2ZpbGVfcGljLnd3dy4zNjAuQzMifQ%3D%3D&_nc_ohc=F3Rxq_W23w4Q7kNvwFJ-9TF&_nc_oc=AdodVCHwVWHoMz9BWoV9Ucf20BElFI_VBdU69DiYUisfObyerSi9t-FsJwriA-oNNDk&_nc_zt=24&_nc_ht=scontent-ams2-1.cdninstagram.com&_nc_ss=7b6a8&oh=00_Af99aN6lLNUbVf-e53mTeF7WJBlE2PjnH4QuWdbgG5qv2g&oe=6A2C39B1,gattygatty20245,https://www.instagram.com/gattygatty20245,Stracchino valbontà #prodottomisteriosopenny #accettoregolamento #holettoprivacypolicy,0,0,2026-05-31T21:42:43.000Z,17864127741689202,71617766492,2026-06-08T05:02:44.155Z,https://www.instagram.com/p/DYwzWgzjEDa
https://scontent-ams2-1.cdninstagram.com/v/t51.2885-19/495597836_1149524113526710_344205758290231819_n.jpg?stp=dst-jpg_s150x150_tt6&_nc_cat=105&ccb=7-5&_nc_sid=f7ccc5&efg=eyJ2ZW5jb2RlX3RhZyI6InByb2ZpbGVfcGljLnd3dy4xMDgwLkMzIn0%3D&_nc_ohc=s4zwkJ-FdBIQ7kNvwGnATkM&_nc_oc=AdpLQ8cLY3Hnl9IVDbAhO6cVzqz7LmDeZFJTzlq5gHw0PVqWxVyVlCvjvCszXarDWGs&_nc_zt=24&_nc_ht=scontent-ams2-1.cdninstagram.com&_nc_ss=7b6a8&oh=00_Af-3MmuWE6xOpjw8-GVEHs1geTuvEj9Bq9QwYhudsnXwtQ&oe=6A2C0CAE,laurettastelladelmattino,https://www.instagram.com/laurettastelladelmattino,Stracchino valbontà #prodottomisteriosopenny #accettoregolamento #holettoprivacypolicy,0,0,2026-05-31T21:42:18.000Z,18131951572595984,74092009743,2026-06-08T05:02:44.155Z,https://www.instagram.com/p/DYwzWgzjEDa
https://scontent-ams2-1.cdninstagram.com/v/t51.2885-19/464000220_3802986313274266_8639375378047035302_n.jpg?stp=dst-jpg_s150x150_tt6&_nc_cat=102&ccb=7-5&_nc_sid=f7ccc5&efg=eyJ2ZW5jb2RlX3RhZyI6InByb2ZpbGVfcGljLnd3dy4xMDgwLkMzIn0%3D&_nc_ohc=9xurjVLCtnUQ7kNvwERchx1&_nc_oc=Ado22qrC8Q7hASsacf_VxhLxyGazQ9_J006XKnzNalDV-FnG16N-Hp4WVE45PRXfGAU&_nc_zt=24&_nc_ht=scontent-ams2-1.cdninstagram.com&_nc_ss=7b6a8&oh=00_Af_bH1R3PeTmUZBopGUY-k_fGOFUAmME_e-qydy5yTRJ2Q&oe=6A2C048E,dreamersfairy23,https://www.instagram.com/dreamersfairy23,Stracchino valbontà #prodottomisteriosopenny #accettoregolamento #holettoprivacypolicy,0,0,2026-05-31T21:41:55.000Z,18103330175081857,14554767759,2026-06-08T05:02:44.155Z,https://www.instagram.com/p/DYwzWgzjEDa
https://scontent-ams2-1.cdninstagram.com/v/t51.2885-19/236337652_854940582068240_5515765349980137561_n.jpg?stp=dst-jpg_s150x150_tt6&_nc_cat=102&ccb=7-5&_nc_sid=f7ccc5&efg=eyJ2ZW5jb2RlX3RhZyI6InByb2ZpbGVfcGljLnd3dy4xMDgwLkMzIn0%3D&_nc_ohc=15MjAxouRg4Q7kNvwGuMNn3&_nc_oc=AdpVgiVG9fOwupIjnaRoKo14EaowErKw02I7hoBoI30gqSy9BdYnQtGtf9WhG8BRB4w&_nc_zt=24&_nc_ht=scontent-ams2-1.cdninstagram.com&_nc_ss=7b6a8&oh=00_Af-9qtDgKaRBDEFwvGNsMfVWpdkOsKSPaX9mFrU9dWRrVQ&oe=6A2C044E,messinacristina,https://www.instagram.com/messinacristina,Stracchino #prodottomisteriosopenny  #accettoregolamento  #holettoprivacypolicy,0,0,2026-05-26T05:20:31.000Z,17968600047065223,1184491411,2026-06-08T05:02:44.155Z,https://www.instagram.com/p/DYwzWgzjEDa
https://scontent-ams2-1.cdninstagram.com/v/t51.2885-19/59425040_1582890885176308_8019311438986215424_n.jpg?stp=dst-jpg_s150x150_tt6&_nc_cat=106&ccb=7-5&_nc_sid=f7ccc5&efg=eyJ2ZW5jb2RlX3RhZyI6InByb2ZpbGVfcGljLnd3dy4zNTkuQzMifQ%3D%3D&_nc_ohc=GYDD3wD_lmsQ7kNvwF_ryae&_nc_oc=Ado_FOvjpZtN_02-K0vbL__aZ2YiJuUUDXeZpQW2GMQE50sROh7bFWuQf0g4vnDJR1o&_nc_zt=24&_nc_ht=scontent-ams2-1.cdninstagram.com&_nc_ss=7b6a8&oh=00_Af8d_tKsgldxzEoWGMz_ZrJyCtXOb7qiUyLIn5N1lgsnBA&oe=6A2C3A5C,chiara.bezze,https://www.instagram.com/chiara.bezze,"Stracchino #prodottomisteriosoPENNY
#accettoregolamento
#holettoprivacypolicy",0,0,2026-05-25T13:14:31.000Z,17938909533252502,13233838763,2026-06-08T05:02:44.155Z,https://www.instagram.com/p/DYwzWgzjEDa
https://scontent-ams2-1.cdninstagram.com/v/t51.82787-19/553232271_18095554972679973_5171663953890921424_n.jpg?stp=dst-jpg_s150x150_tt6&_nc_cat=103&ccb=7-5&_nc_sid=f7ccc5&efg=eyJ2ZW5jb2RlX3RhZyI6InByb2ZpbGVfcGljLnd3dy4xMDgwLkMzIn0%3D&_nc_ohc=0pQ6NF96nhEQ7kNvwGuJY2j&_nc_oc=Adp5dYyJSY28U9HWdhiQANJBOuQFdWkbxuixv3Ix13PZbs_GtjfUZ0muXCdRpIC9kso&_nc_zt=24&_nc_ht=scontent-ams2-1.cdninstagram.com&_nc_gid=zovV_xQze_s9B51GanuilA&_nc_ss=7b6a8&oh=00_Af-qEo7ikBxip1vg7xK_qAnAsGxuNjEbq3I_XoMzkGxy-A&oe=6A2C04DE,no.instaname_,https://www.instagram.com/no.instaname_,Stracchino ValBontá #prodottomisteriosopenny #accettoregolamento #holettoprivacypolicy,0,0,2026-05-26T06:42:04.000Z,18074520719664385,20285943972,2026-06-08T05:02:44.155Z,https://www.instagram.com/p/DYwzWgzjEDa
https://scontent-ams2-1.cdninstagram.com/v/t51.2885-19/296035312_774601790348002_5955507449196443939_n.jpg?stp=dst-jpg_s150x150_tt6&_nc_cat=104&ccb=7-5&_nc_sid=f7ccc5&efg=eyJ2ZW5jb2RlX3RhZyI6InByb2ZpbGVfcGljLnd3dy4xMDgwLkMzIn0%3D&_nc_ohc=3pNAJrljxCgQ7kNvwEEQ934&_nc_oc=AdopBttolf4vocyIDxolNXuBI2d49ryG-pc-E6i3Wb9E8bunI83d7Tvsvz1Yt83YUyQ&_nc_zt=24&_nc_ht=scontent-ams2-1.cdninstagram.com&_nc_ss=7b6a8&oh=00_Af8BsqWL_VZizTboAZ5trGb4hu_blyCaBy4pP6ar4iU98Q&oe=6A2C0B9E,whalecat_honey,https://www.instagram.com/whalecat_honey,Stracchino Valbontà #prodottomisteriosopenny #accettoregolamento #holettoprivacypolicy,0,0,2026-05-25T14:58:47.000Z,18103009889069921,54170911598,2026-06-08T05:02:44.155Z,https://www.instagram.com/p/DYwzWgzjEDa
https://scontent-ams2-1.cdninstagram.com/v/t51.2885-19/331199889_194223713285522_4097362821994259532_n.jpg?stp=dst-jpg_s150x150_tt6&_nc_cat=105&ccb=7-5&_nc_sid=f7ccc5&efg=eyJ2ZW5jb2RlX3RhZyI6InByb2ZpbGVfcGljLnd3dy45NjAuQzMifQ%3D%3D&_nc_ohc=34hCyLunz2QQ7kNvwGmVMkj&_nc_oc=AdqEqZeSVLtH270HnXYFKqg0jPqZjUF_Rs-RejVHookTHbm_CWjH58MlGBkJzzOxJBc&_nc_zt=24&_nc_ht=scontent-ams2-1.cdninstagram.com&_nc_ss=7b6a8&oh=00_Af9QoQr3aZAP0nMkgywTOcirAH-HOTQTy1diuru5-IWwSA&oe=6A2C20F9,alwaysmartziana,https://www.instagram.com/alwaysmartziana,Stracchino #prodottomisteriosopenny #accettoregolamento #holettoprivacypolicy,0,0,2026-05-26T06:44:04.000Z,18097670786141779,28968184155,2026-06-08T05:02:53.779Z,https://www.instagram.com/p/DYwzWgzjEDa
https://scontent-ams2-1.cdninstagram.com/v/t51.82787-19/582774569_18097020838839350_74982978724104358_n.jpg?stp=dst-jpg_s150x150_tt6&_nc_cat=110&ccb=7-5&_nc_sid=f7ccc5&efg=eyJ2ZW5jb2RlX3RhZyI6InByb2ZpbGVfcGljLnd3dy4xMDgwLkMzIn0%3D&_nc_ohc=JL2MMqK7MC0Q7kNvwFdrQAp&_nc_oc=AdogiXmVueFftzEJ2lBkTCXmHtClUIJb2yXfi-BBf8VX61bss4iPvA_3YLE_3LemLGg&_nc_zt=24&_nc_ht=scontent-ams2-1.cdninstagram.com&_nc_gid=piLg6bq73H402DVWD2C6EQ&_nc_ss=7b6a8&oh=00_Af-BicoQir5mHC-4xjK0hEKTroH_gVWTzkl7spBATdY4mw&oe=6A2C2E2C,w4nnabeinfluencer,https://www.instagram.com/w4nnabeinfluencer,Stracchino #prodottomisteriosopenny #accettoregolamento #holettoprivacypolicy,0,0,2026-05-26T06:43:11.000Z,17973182967047086,25019519349,2026-06-08T05:02:53.779Z,https://www.instagram.com/p/DYwzWgzjEDa
https://scontent-ams2-1.cdninstagram.com/v/t51.2885-19/446678550_2226513691019732_6086020212346403854_n.jpg?stp=dst-jpg_s150x150_tt6&_nc_cat=111&ccb=7-5&_nc_sid=f7ccc5&efg=eyJ2ZW5jb2RlX3RhZyI6InByb2ZpbGVfcGljLnd3dy45NTguQzMifQ%3D%3D&_nc_ohc=f7dmWVnJVBUQ7kNvwGXWzvC&_nc_oc=AdrxP-fvgZXvJTVz-BFdYoAHNecs0YdkPLJ6g7fMvIOYWwb0_p3vPFQzaSRTVniIOxE&_nc_zt=24&_nc_ht=scontent-ams2-1.cdninstagram.com&_nc_ss=7b6a8&oh=00_Af8U6NstCajYAZ7MGWoFtnvSdcYngAJa0tamwI2iB63qQA&oe=6A2C27D6,robert_ina_91,https://www.instagram.com/robert_ina_91,Stracchino #prodottomisteriosopenny #accettoregolamento #holettoprivacypolicy,0,0,2026-05-26T07:19:00.000Z,18048718814750478,3051527021,2026-06-08T05:02:53.779Z,https://www.instagram.com/p/DYwzWgzjEDa
https://scontent-ams2-1.cdninstagram.com/v/t51.82787-19/645997642_18088669928144015_8683794656416167154_n.jpg?stp=dst-jpg_s150x150_tt6&_nc_cat=105&ccb=7-5&_nc_sid=f7ccc5&efg=eyJ2ZW5jb2RlX3RhZyI6InByb2ZpbGVfcGljLnd3dy4xMDgwLkMzIn0%3D&_nc_ohc=-8ZLlFk7PAgQ7kNvwHNdBFQ&_nc_oc=AdqYX92ebnypXGRaFNduj86R6oRcqiyBhZVIY3DEas1RbnXBZPoxe1V53IjOw0Pl4No&_nc_zt=24&_nc_ht=scontent-ams2-1.cdninstagram.com&_nc_gid=piLg6bq73H402DVWD2C6EQ&_nc_ss=7b6a8&oh=00_Af-qeQ3JLUYlVlnw6Jn9urfok8pYiZFISWSWsa0XaKug6A&oe=6A2C162A,eli_recensioni,https://www.instagram.com/eli_recensioni,stracchino valbontá #prodottomisteriosopenny #accettoregolamento #holettoprivacypolicy,0,0,2026-05-26T11:42:04.000Z,18121978981733032,34448520014,2026-06-08T05:02:53.779Z,https://www.instagram.com/p/DYwzWgzjEDa
https://scontent-ams2-1.cdninstagram.com/v/t51.2885-19/121661676_2086670064798366_5250902981405023418_n.jpg?stp=dst-jpg_s150x150_tt6&_nc_cat=101&ccb=7-5&_nc_sid=f7ccc5&efg=eyJ2ZW5jb2RlX3RhZyI6InByb2ZpbGVfcGljLnd3dy43NjguQzMifQ%3D%3D&_nc_ohc=erGpgA6ILtsQ7kNvwGJ8D5v&_nc_oc=Adqg9kzoGZjTkgPI_WURQPBFmwAY6iQcDIFpjh2SwvptErO6sRkOWvGVLR0bMav4yt0&_nc_zt=24&_nc_ht=scontent-ams2-1.cdninstagram.com&_nc_ss=7b6a8&oh=00_Af-f1XnFJnGOC5_rZ6GxBOn8g3bXGeiaAPbhJx85Kf5Pew&oe=6A2C225E,salvatore.pio.9,https://www.instagram.com/salvatore.pio.9,Stracchino #prodottomisteriosopenny #accettoregolamento #holettoprivacypolicy,0,0,2026-05-26T08:05:02.000Z,18121472635709412,44012200015,2026-06-08T05:02:53.779Z,https://www.instagram.com/p/DYwzWgzjEDa
https://scontent-ams2-1.cdninstagram.com/v/t51.82787-19/552587455_18484059208075707_3269179942451978602_n.jpg?stp=dst-jpg_s150x150_tt6&_nc_cat=111&ccb=7-5&_nc_sid=f7ccc5&efg=eyJ2ZW5jb2RlX3RhZyI6InByb2ZpbGVfcGljLnd3dy4xMDgwLkMzIn0%3D&_nc_ohc=zaWvhCKa6d8Q7kNvwHbByaW&_nc_oc=AdodGKWD9E_YzsJQPzojkiW_DU7oYfZukIPcou6VLkHpWC3Bcy1xUPRLGWxm1tqx9jE&_nc_zt=24&_nc_ht=scontent-ams2-1.cdninstagram.com&_nc_gid=piLg6bq73H402DVWD2C6EQ&_nc_ss=7b6a8&oh=00_Af-kpqGIUkByAa_vLyPLh4lwgqsT0um-lNoMKtC7GlHg5Q&oe=6A2C0390,pina.chidichimo,https://www.instagram.com/pina.chidichimo,"Stracchino Valbonta' 
#prodottomisteriosoPenny
#accettoregolamento
#holettoprivacypolicy",0,0,2026-05-26T22:07:14.000Z,18102103504833968,2316059706,2026-06-08T05:02:53.779Z,https://www.instagram.com/p/DYwzWgzjEDa
https://scontent-ams2-1.cdninstagram.com/v/t51.82787-19/619909240_18099987271861621_7231456534711246894_n.jpg?stp=dst-jpg_s150x150_tt6&_nc_cat=103&ccb=7-5&_nc_sid=f7ccc5&efg=eyJ2ZW5jb2RlX3RhZyI6InByb2ZpbGVfcGljLnd3dy4xMDgwLkMzIn0%3D&_nc_ohc=O31R602n-eoQ7kNvwFbJGI1&_nc_oc=AdpGKQkKHSqXZH0SZOroe3ed-qQejA5RfXENtekmIY78xqIgyL8mHVYmQUTIinCo3C0&_nc_zt=24&_nc_ht=scontent-ams2-1.cdninstagram.com&_nc_gid=piLg6bq73H402DVWD2C6EQ&_nc_ss=7b6a8&oh=00_Af_c2RRslG0D1BKgw0j--V_HreCB0RJTPC6E4dctMt-GHg&oe=6A2C1395,_lilaclillyflower_,https://www.instagram.com/_lilaclillyflower_,Stracchino Valbontà #prodottomisteriosopenny #accettoregolamento #holettoprivacypolicy,0,0,2026-05-25T17:58:56.000Z,17906940489244399,25701381620,2026-06-08T05:02:53.779Z,https://www.instagram.com/p/DYwzWgzjEDa
https://scontent-ams2-1.cdninstagram.com/v/t51.2885-19/71181401_637320623464704_9217967099685634048_n.jpg?stp=dst-jpg_s150x150_tt6&_nc_cat=108&ccb=7-5&_nc_sid=f7ccc5&efg=eyJ2ZW5jb2RlX3RhZyI6InByb2ZpbGVfcGljLnd3dy4xMDgwLkMzIn0%3D&_nc_ohc=vTh3-KndBhcQ7kNvwHSGG-a&_nc_oc=Adrx_K4JjCTGjx5aRAdV322FFKU5VpSr4X30cUHCRv4gi-kd1cnoONy4Z4bFJXiy5zk&_nc_zt=24&_nc_ht=scontent-ams2-1.cdninstagram.com&_nc_ss=7b6a8&oh=00_Af_ku32tqQaUOoCCdGg_YtzkTBNqN7s4FatUvssbMhxD7A&oe=6A2C1A45,madatester8,https://www.instagram.com/madatester8,Stracchino #prodottomisteriosopenny #accettoregolamento #holettoprivacypolicy,0,0,2026-05-26T14:00:08.000Z,18092939104977605,21564765511,2026-06-08T05:02:53.779Z,https://www.instagram.com/p/DYwzWgzjEDa
https://scontent-ams2-1.cdninstagram.com/v/t51.82787-19/606321027_18545700433024560_7176177209206144875_n.jpg?stp=dst-jpg_s150x150_tt6&_nc_cat=103&ccb=7-5&_nc_sid=f7ccc5&efg=eyJ2ZW5jb2RlX3RhZyI6InByb2ZpbGVfcGljLnd3dy4xMDgwLkMzIn0%3D&_nc_ohc=adYvT7u4CwIQ7kNvwHy9egP&_nc_oc=AdqCaKVikOoiqmo9el-Z7Yklcjq_EzZtAIilg-ASjLrb0xvH4aMjf5DIVeaAJzdYUi0&_nc_zt=24&_nc_ht=scontent-ams2-1.cdninstagram.com&_nc_gid=piLg6bq73H402DVWD2C6EQ&_nc_ss=7b6a8&oh=00_Af9eu3VYV6FWS85zW5nzL9LgA2kFpgdVCDmhWw-BhLJ7PQ&oe=6A2C1603,moira_71,https://www.instagram.com/moira_71,Stracchino Val Bontà #prodottomisteriosopenny #accettoilregolamento #holettolaprivacypolicy,0,0,2026-05-27T09:12:12.000Z,18536672125073556,450136559,2026-06-08T05:02:53.779Z,https://www.instagram.com/p/DYwzWgzjEDa
https://scontent-ams2-1.cdninstagram.com/v/t51.2885-19/109325466_1012194925899701_3580960421372712346_n.jpg?stp=dst-jpg_s150x150_tt6&_nc_cat=102&ccb=7-5&_nc_sid=f7ccc5&efg=eyJ2ZW5jb2RlX3RhZyI6InByb2ZpbGVfcGljLnd3dy4xMDgwLkMzIn0%3D&_nc_ohc=1DdZgJill7YQ7kNvwEeR9Pk&_nc_oc=AdpMfahQgW04t8AFSHGiYjUyN5sc0ebu_bOSdQ3_cS8k5yki4aaERghr2F6frSv3PxY&_nc_zt=24&_nc_ht=scontent-ams2-1.cdninstagram.com&_nc_ss=7b6a8&oh=00_Af_l7eaM9snjRKGe-bQmWv9VM0mY3uSIR1Mvh8bjGxI3bA&oe=6A2C1B9F,enricaasg,https://www.instagram.com/enricaasg,Stracchino  #prodottomisteriosopenny #accettoregolamento  #holettoprivacypolicy,0,0,2026-05-26T15:18:28.000Z,18151570324473931,5822438508,2026-06-08T05:02:53.779Z,https://www.instagram.com/p/DYwzWgzjEDa
https://scontent-ams2-1.cdninstagram.com/v/t51.2885-19/427550560_1148089076573002_4373654237779851396_n.jpg?stp=dst-jpg_s150x150_tt6&_nc_cat=107&ccb=7-5&_nc_sid=f7ccc5&efg=eyJ2ZW5jb2RlX3RhZyI6InByb2ZpbGVfcGljLnd3dy43MjAuQzMifQ%3D%3D&_nc_ohc=O62inb64ElYQ7kNvwFTXj-L&_nc_oc=AdoL29N3vKBbFKslcFuy1J2gxk1rk1dMPWx8ri366zlc8ECDwJ0dIx4IohGIDP---d8&_nc_zt=24&_nc_ht=scontent-ams2-1.cdninstagram.com&_nc_ss=7b6a8&oh=00_Af9h5d7IWppQ6BcFFiTD3FEiDeJYrM1t_jcNdfhShzeAJg&oe=6A2C3220,carmelacapo,https://www.instagram.com/carmelacapo,Stracchino #prodottomisteriosopenny #accettoilregolamento #holettoprivacypolicy,0,0,2026-05-25T14:57:11.000Z,17971609101027058,64638526835,2026-06-08T05:02:53.779Z,https://www.instagram.com/p/DYwzWgzjEDa
https://scontent-ams2-1.cdninstagram.com/v/t51.2885-19/458386968_1510826133126518_842472445541782177_n.jpg?stp=dst-jpg_s150x150_tt6&_nc_cat=110&ccb=7-5&_nc_sid=f7ccc5&efg=eyJ2ZW5jb2RlX3RhZyI6InByb2ZpbGVfcGljLnd3dy4xMDgwLkMzIn0%3D&_nc_ohc=gm4A40TYD34Q7kNvwEle4gG&_nc_oc=AdppnYkSAOHEtu40kSzUiAKjqdpG3dHtDItrivOyFmOUL5ZD6G1ZJgsByMVLjEczqus&_nc_zt=24&_nc_ht=scontent-ams2-1.cdninstagram.com&_nc_ss=7b6a8&oh=00_Af-wIAYYO4ToajCSsl5uGYLS-g3zRcduBT3gKBre5uQpYg&oe=6A2C1A51,cristinaalegi,https://www.instagram.com/cristinaalegi,"Stracciatella Valbontà #prodottomisteriosoPENNY
#accettoregolamento #holettoprivacypolicy",0,0,2026-05-30T21:42:19.000Z,18124422595650437,4779446118,2026-06-08T05:02:53.779Z,https://www.instagram.com/p/DYwzWgzjEDa
https://scontent-ams2-1.cdninstagram.com/v/t51.82787-19/645790712_18039184400568639_7257677888721388736_n.jpg?stp=dst-jpg_s150x150_tt6&_nc_cat=109&ccb=7-5&_nc_sid=f7ccc5&efg=eyJ2ZW5jb2RlX3RhZyI6InByb2ZpbGVfcGljLnd3dy4xMDgwLkMzIn0%3D&_nc_ohc=Jn-KP8Ftxh8Q7kNvwHcjZNM&_nc_oc=AdrU_QAPklJVL92JyXs2Qs8OOBHx2iM4HL5M8M93ykGAgpvTw217TfPNd3aF_t6j34U&_nc_zt=24&_nc_ht=scontent-ams2-1.cdninstagram.com&_nc_gid=piLg6bq73H402DVWD2C6EQ&_nc_ss=7b6a8&oh=00_Af_GXEo9PUpfORA4EFlpmZa4WOM0M-9JapTC80m4okDoog&oe=6A2C03D9,fablos883,https://www.instagram.com/fablos883,Stracchino #prodottomisteriosopenny #accettoregolamento #holettoprivacypolicy,0,0,2026-05-26T19:26:37.000Z,18077379218651732,47212000638,2026-06-08T05:02:53.779Z,https://www.instagram.com/p/DYwzWgzjEDa
https://scontent-ams2-1.cdninstagram.com/v/t51.2885-19/338147344_609427967368863_7911317177962977191_n.jpg?stp=dst-jpg_s150x150_tt6&_nc_cat=109&ccb=7-5&_nc_sid=f7ccc5&efg=eyJ2ZW5jb2RlX3RhZyI6InByb2ZpbGVfcGljLnd3dy4zMTguQzMifQ%3D%3D&_nc_ohc=iWR50_uQgyQQ7kNvwG_S0po&_nc_oc=Ado3wD4mv9fLl2JVSgyd4xST_PDEWFbtAINTvAEB1IrbI1wI9Clql_N6ct2wu_ugcPE&_nc_zt=24&_nc_ht=scontent-ams2-1.cdninstagram.com&_nc_ss=7b6a8&oh=00_Af_SEi3LkCcC4B_aGX2xQLf25Ij3s7SEWUm3EMJzZG9jdw&oe=6A2C1344,laura.liuzzo,https://www.instagram.com/laura.liuzzo,#prodottomisteriosopenny #accettoregolamento #holettoprivacypolicy STRACCHINO,0,0,2026-05-25T18:06:38.000Z,18145693513447822,4771291184,2026-06-08T05:02:53.779Z,https://www.instagram.com/p/DYwzWgzjEDa
https://scontent-ams2-1.cdninstagram.com/v/t51.82787-19/621657369_18403882669121621_229067169825839168_n.jpg?stp=dst-jpg_s150x150_tt6&_nc_cat=103&ccb=7-5&_nc_sid=f7ccc5&efg=eyJ2ZW5jb2RlX3RhZyI6InByb2ZpbGVfcGljLnd3dy4xMDgwLkMzIn0%3D&_nc_ohc=SaJTwYNcE1QQ7kNvwEvPJ_-&_nc_oc=AdrtQn5goY2SV63-N5olqG7R7Qq6i4yofVXpKUsLKEzbYLmYJpOBoAo_BSmHR_7f0hw&_nc_zt=24&_nc_ht=scontent-ams2-1.cdninstagram.com&_nc_gid=piLg6bq73H402DVWD2C6EQ&_nc_ss=7b6a8&oh=00_Af_0ra7OB8Wj1xCt0ghfYdu0bgu8V1TY9-CqWUHWPRD4rQ&oe=6A2C19DE,angelini_maria,https://www.instagram.com/angelini_maria,"Stracchino 
#prodottomisteriosopenny 
#accettoregolamento 
#holettoprivacypolicy",0,0,2026-05-27T03:52:08.000Z,18132200401580177,3683121620,2026-06-08T05:02:53.779Z,https://www.instagram.com/p/DYwzWgzjEDa
https://scontent-ams2-1.cdninstagram.com/v/t51.75761-19/491460761_18368231197120516_5829826418605379640_n.jpg?stp=dst-jpg_s150x150_tt6&_nc_cat=105&ccb=7-5&_nc_sid=f7ccc5&efg=eyJ2ZW5jb2RlX3RhZyI6InByb2ZpbGVfcGljLnd3dy4xMDgwLkMzIn0%3D&_nc_ohc=2QYsibyYdmMQ7kNvwFajCXy&_nc_oc=Adp-F0x5ARPcaTa77JEx2HR9bwkv_fdUfAlJ3hENI0G7aJDek3B4TikG0TxhJUJxWO0&_nc_zt=24&_nc_ht=scontent-ams2-1.cdninstagram.com&_nc_gid=g3IoLn-Oz1NQzjo_wRJ2xg&_nc_ss=7b6a8&oh=00_Af99YH7GAzCUdBITYe3XypOkujSuCJAq1zIXS9EMGywFoQ&oe=6A2C1BF4,rominanavarra,https://www.instagram.com/rominanavarra,Stracchino valbonta' #prodottomisteriosopenny #accettoregolamento #holettoprivacypolicy,0,0,2026-05-25T16:19:06.000Z,17869745139674721,3678752515,2026-06-08T05:03:03.728Z,https://www.instagram.com/p/DYwzWgzjEDa
https://scontent-ams2-1.cdninstagram.com/v/t51.2885-19/464254309_2203135023403182_4759084253324894609_n.jpg?stp=dst-jpg_s150x150_tt6&_nc_cat=101&ccb=7-5&_nc_sid=f7ccc5&efg=eyJ2ZW5jb2RlX3RhZyI6InByb2ZpbGVfcGljLnd3dy43MjAuQzMifQ%3D%3D&_nc_ohc=nk3Fj3m_NawQ7kNvwGxE90z&_nc_oc=AdrX73M9EHj_w27JJnRtIhL6ieof4OzEHuG4koFXWwqLcXF1rUJCk432h0Cfm4u4Cio&_nc_zt=24&_nc_ht=scontent-ams2-1.cdninstagram.com&_nc_ss=7b6a8&oh=00_Af9jMEzwrH5aOLA6Ftog_tKujIW70xFzcnWKZDVxKwzRig&oe=6A2C3B89,concettaritapopillo,https://www.instagram.com/concettaritapopillo,Stracchino #prodottomisteriosopenny #accettoregolamento #holettoprivacypolicy,0,0,2026-05-27T07:30:30.000Z,17870778819617184,56715088672,2026-06-08T05:03:03.728Z,https://www.instagram.com/p/DYwzWgzjEDa
https://scontent-ams2-1.cdninstagram.com/v/t51.75761-19/504087800_18512894929003775_3759535033130730415_n.jpg?stp=dst-jpg_s150x150_tt6&_nc_cat=107&ccb=7-5&_nc_sid=f7ccc5&efg=eyJ2ZW5jb2RlX3RhZyI6InByb2ZpbGVfcGljLnd3dy4xMDgwLkMzIn0%3D&_nc_ohc=SLr6bFIKe2UQ7kNvwEMmyAb&_nc_oc=AdqKvpfEQeTGdhfaJxGuRxQSY7HAjMv2ciHTcSAIU2e7Ta-FJqHqrsiJguYbt2nM4cU&_nc_zt=24&_nc_ht=scontent-ams2-1.cdninstagram.com&_nc_gid=g3IoLn-Oz1NQzjo_wRJ2xg&_nc_ss=7b6a8&oh=00_Af-rmoUzI0OU6LOkIuZCzJ69ISeCYohOHrvfKMZtcooRiA&oe=6A2C3AE9,matteogiacone,https://www.instagram.com/matteogiacone,Stracchino  #prodottomisteriosopenny  #accettoregolamento  #holettoprivacypolicy,0,0,2026-05-27T10:08:05.000Z,18592980676007629,1821891774,2026-06-08T05:03:03.728Z,https://www.instagram.com/p/DYwzWgzjEDa
https://scontent-ams2-1.cdninstagram.com/v/t51.82787-19/521537958_17887209843317741_8446104993256997089_n.jpg?stp=dst-jpg_s150x150_tt6&_nc_cat=103&ccb=7-5&_nc_sid=f7ccc5&efg=eyJ2ZW5jb2RlX3RhZyI6InByb2ZpbGVfcGljLnd3dy44MTEuQzMifQ%3D%3D&_nc_ohc=bWZ8RkH9jooQ7kNvwExxxSp&_nc_oc=AdoWeHY1_W9j6432k2wPLnU6G5YxnZBjB7FSgUb9Yw23KklHLqx14L5cjbNhD0Z8wGg&_nc_zt=24&_nc_ht=scontent-ams2-1.cdninstagram.com&_nc_gid=g3IoLn-Oz1NQzjo_wRJ2xg&_nc_ss=7b6a8&oh=00_Af8EtGDZtoMfg553seAwtIHTqMYvTFeaEiSsthbUxk6I0w&oe=6A2C0B37,angzap2024,https://www.instagram.com/angzap2024,Stracchino #prodottomisteriosopenny #accettoregolamento #holettoprivacypolicy,0,0,2026-05-27T09:21:02.000Z,18050728967592561,69429477740,2026-06-08T05:03:03.728Z,https://www.instagram.com/p/DYwzWgzjEDa
https://scontent-ams2-1.cdninstagram.com/v/t51.82787-19/588723211_18044562134686438_1811522846526177566_n.jpg?stp=dst-jpg_s150x150_tt6&_nc_cat=110&ccb=7-5&_nc_sid=f7ccc5&efg=eyJ2ZW5jb2RlX3RhZyI6InByb2ZpbGVfcGljLnd3dy4xMDgwLkMzIn0%3D&_nc_ohc=2CleFKJ3TLYQ7kNvwHh62kx&_nc_oc=AdoLSnNmB5vs4BjfaVYJerglCasBUozbgsjXPakheX01bURXhS4ViyHB470BUwmhcAo&_nc_zt=24&_nc_ht=scontent-ams2-1.cdninstagram.com&_nc_gid=g3IoLn-Oz1NQzjo_wRJ2xg&_nc_ss=7b6a8&oh=00_Af9AC-8mdXRkZD_6duMoNfDXvLr1M9kSqFWlVcGfwslopQ&oe=6A2C1165,nunzia.crochet81,https://www.instagram.com/nunzia.crochet81,Stracchino #prodottomisteriosopenny #accettoregolamento #holettoprivacypolicy,0,0,2026-05-27T11:04:26.000Z,18104395351966732,50432910437,2026-06-08T05:03:03.728Z,https://www.instagram.com/p/DYwzWgzjEDa
https://scontent-ams2-1.cdninstagram.com/v/t51.2885-19/308192890_357821249823157_4513201160204096104_n.jpg?stp=dst-jpg_s150x150_tt6&_nc_cat=106&ccb=7-5&_nc_sid=f7ccc5&efg=eyJ2ZW5jb2RlX3RhZyI6InByb2ZpbGVfcGljLnd3dy45NjAuQzMifQ%3D%3D&_nc_ohc=xRnjElthmrUQ7kNvwE3Cor6&_nc_oc=AdqXP9lmmI6ImOI5A_lisna6exnV6oaTyvfu2XBxkdTGUOLe-5aKVxM60UtYiP0SfWc&_nc_zt=24&_nc_ht=scontent-ams2-1.cdninstagram.com&_nc_ss=7b6a8&oh=00_Af8yYsNYccAniNelI4RskeZNAmc4VxMNYGdkeZQF8dzeMQ&oe=6A2C13BE,campo3735,https://www.instagram.com/campo3735,Stracchino #prodottomisteriosopenny #accettoregolamento #holettoprivacypolicy,0,0,2026-05-27T12:07:22.000Z,18111194755860826,7109924742,2026-06-08T05:03:03.728Z,https://www.instagram.com/p/DYwzWgzjEDa
https://scontent-ams2-1.cdninstagram.com/v/t51.82787-19/531388527_18494471953067925_8076579134578473094_n.jpg?stp=dst-jpg_s150x150_tt6&_nc_cat=111&ccb=7-5&_nc_sid=f7ccc5&efg=eyJ2ZW5jb2RlX3RhZyI6InByb2ZpbGVfcGljLnd3dy4xMDgwLkMzIn0%3D&_nc_ohc=I0DmTIFY-eoQ7kNvwErKgzN&_nc_oc=AdqpLpCKUgZ399wD50Sw7BsgULrcoEoqNT1IPg_msxPBxF5h7WYd-Fc8A7T-iq0roLQ&_nc_zt=24&_nc_ht=scontent-ams2-1.cdninstagram.com&_nc_gid=g3IoLn-Oz1NQzjo_wRJ2xg&_nc_ss=7b6a8&oh=00_Af9GLuRL1dmy8aknaWtspvpXyKVFYnBZJvTCLd3zOoGcRg&oe=6A2C2B29,therealmikachu,https://www.instagram.com/therealmikachu,Stracchino val bontà #prodottomisteriosopenny #accettoregolamento #holettoprivacypolicy,0,0,2026-05-28T13:41:15.000Z,17900617671444436,2046947924,2026-06-08T05:03:03.728Z,https://www.instagram.com/p/DYwzWgzjEDa
https://scontent-ams2-1.cdninstagram.com/v/t51.2885-19/453575640_938643507944191_8685627174471424531_n.jpg?stp=dst-jpg_s150x150_tt6&_nc_cat=104&ccb=7-5&_nc_sid=f7ccc5&efg=eyJ2ZW5jb2RlX3RhZyI6InByb2ZpbGVfcGljLnd3dy4xMDgwLkMzIn0%3D&_nc_ohc=7f7vwTQnhlsQ7kNvwEIoWlM&_nc_oc=Adr-L4IhGAOp9im56iPCu0fkpOA7s_PTw5JFBLOHH5WSCBXP-TD-KIC8s-hk1fCUPUc&_nc_zt=24&_nc_ht=scontent-ams2-1.cdninstagram.com&_nc_ss=7b6a8&oh=00_Af_lGW4CYrO_hc42aNA4Niub42SfRJr8YXzlaik_z_UgwA&oe=6A2C2A50,ambrasole10,https://www.instagram.com/ambrasole10,#prodottomisteriosopenny #accettoilregolamento #holettoprivasypolicy kefir,0,0,2026-05-26T11:53:13.000Z,17952712584137749,10455398413,2026-06-08T05:03:03.728Z,https://www.instagram.com/p/DYwzWgzjEDa
https://scontent-ams2-1.cdninstagram.com/v/t51.2885-19/456574248_882137233272924_1925236368147856409_n.jpg?stp=dst-jpg_s150x150_tt6&_nc_cat=109&ccb=7-5&_nc_sid=f7ccc5&efg=eyJ2ZW5jb2RlX3RhZyI6InByb2ZpbGVfcGljLnd3dy45NTAuQzMifQ%3D%3D&_nc_ohc=e7diKlA7QbIQ7kNvwGuaeCM&_nc_oc=AdpxJuwOJvE-pERXHUUXE4Ypr-HhXdK2r0YAkf1__ii6_gP4sv8_boi1ptMhmjV7fBs&_nc_zt=24&_nc_ht=scontent-ams2-1.cdninstagram.com&_nc_ss=7b6a8&oh=00_Af-J1vwL7Zay3y_B_x0v7x1bNdLF-X3zzPEAXB1JBZPUvw&oe=6A2C1EC9,annarita_spc,https://www.instagram.com/annarita_spc,Stracchino #prodottomisteriosopenny #accettoregolamento #holettoprivacypolicy,0,0,2026-05-28T05:27:26.000Z,17917041204380530,50841117,2026-06-08T05:03:03.728Z,https://www.instagram.com/p/DYwzWgzjEDa
https://scontent-ams2-1.cdninstagram.com/v/t51.2885-19/477621999_1391611155535122_722705791256999825_n.jpg?stp=dst-jpg_s150x150_tt6&_nc_cat=107&ccb=7-5&_nc_sid=f7ccc5&efg=eyJ2ZW5jb2RlX3RhZyI6InByb2ZpbGVfcGljLnd3dy4xMDgwLkMzIn0%3D&_nc_ohc=eFBJ0Zx2MQ0Q7kNvwFyhjLT&_nc_oc=AdojMqGUUeroCeU7mRloVTeHYNROcS99hZUodRcSQgH_OpbKodJAjjLQfCXzI6hlUBc&_nc_zt=24&_nc_ht=scontent-ams2-1.cdninstagram.com&_nc_ss=7b6a8&oh=00_Af8HCLkJydAH4DzTrs35BFTo9Mo5pMzaYOF8TrIS9N7RhA&oe=6A2C1F82,arianna_purgante,https://www.instagram.com/arianna_purgante,Stracchino #prodottomisteriosopenny #accettoregolamento #holettoprivacypolicy,0,0,2026-05-28T10:59:05.000Z,18231791245313287,5417811024,2026-06-08T05:03:03.728Z,https://www.instagram.com/p/DYwzWgzjEDa
https://scontent-ams2-1.cdninstagram.com/v/t51.2885-19/465886581_859465449735615_6982130368779519996_n.jpg?stp=dst-jpg_s150x150_tt6&_nc_cat=105&ccb=7-5&_nc_sid=f7ccc5&efg=eyJ2ZW5jb2RlX3RhZyI6InByb2ZpbGVfcGljLnd3dy4xMDgwLkMzIn0%3D&_nc_ohc=819tbYTEZ5kQ7kNvwGPJd7j&_nc_oc=AdpzFgmsXI60Kh2w_Ut0oeaYluoLaGZHKyiLYcVzZRySbxXMtrh4WcoaFJUpLqz0NJU&_nc_zt=24&_nc_ht=scontent-ams2-1.cdninstagram.com&_nc_ss=7b6a8&oh=00_Af9A-SxpD2U7uFGhsxaoEXKZMjijC4AIjCYWDbYWrYY_kQ&oe=6A2C2E8F,er_sombrero_,https://www.instagram.com/er_sombrero_,Stracchino #prodottomisteriosopenny #accettoregolamento #holettoprivacypolicy,0,0,2026-05-28T10:48:32.000Z,18102783868998530,574692929,2026-06-08T05:03:03.728Z,https://www.instagram.com/p/DYwzWgzjEDa
https://scontent-ams2-1.cdninstagram.com/v/t51.2885-19/177930057_176375477680440_4006431308397914290_n.jpg?stp=dst-jpg_s150x150_tt6&_nc_cat=106&ccb=7-5&_nc_sid=f7ccc5&efg=eyJ2ZW5jb2RlX3RhZyI6InByb2ZpbGVfcGljLnd3dy4xMDgwLkMzIn0%3D&_nc_ohc=YX0_h61dVGwQ7kNvwHqrRZL&_nc_oc=AdoNtmR73JFDOZGuwRa7mYD4zJ-nMEZ7CWgXVle7V2P6ByHaSrre_hXHd83pTy9cuyo&_nc_zt=24&_nc_ht=scontent-ams2-1.cdninstagram.com&_nc_ss=7b6a8&oh=00_Af_uhm35rQEy-NG5ksRasTI8cYro0Y4hl0UyY-QoX6_eZw&oe=6A2C2F4C,carlapulli,https://www.instagram.com/carlapulli,Stracchino #prodottomisteriosopenny #accettoregolamento #holettoprivacypolicy,0,0,2026-05-28T12:25:54.000Z,18112832218876316,44089273618,2026-06-08T05:03:03.728Z,https://www.instagram.com/p/DYwzWgzjEDa
https://scontent-ams2-1.cdninstagram.com/v/t51.89012-19/573323465_1219825463302212_7278921664109726296_n.jpg?stp=dst-jpg_s150x150_tt6&_nc_cat=1&ccb=7-5&_nc_sid=f7ccc5&efg=eyJ2ZW5jb2RlX3RhZyI6InByb2ZpbGVfcGljLnd3dy5DMyJ9&_nc_ohc=YQQEIw1CjK0Q7kNvwGGNPon&_nc_oc=Adp7JMSj7AOEo1lF5QYw3Jy1M1xQO7rN0cMzWMAfIgmY47pgvLcGGpfiNyLdn_i3N0A&_nc_zt=24&_nc_ht=scontent-ams2-1.cdninstagram.com&_nc_gid=g3IoLn-Oz1NQzjo_wRJ2xg&_nc_ss=7b6a8&oh=00_Af948vLLSl47bDUVwt7n2iJzbBUTrT3YMtp2BijimdWQFA&oe=6A2C03A2,p062775,https://www.instagram.com/p062775,Stracchino #prodottomisteriosopenny #accettoregolamento #holettoprivacypolicy,0,0,2026-05-28T13:32:20.000Z,17966218527071931,7347260839,2026-06-08T05:03:03.728Z,https://www.instagram.com/p/DYwzWgzjEDa
https://scontent-ams2-1.cdninstagram.com/v/t51.2885-19/21820509_629983397392651_7480476447031689216_n.jpg?_nc_cat=103&ccb=7-5&_nc_sid=f7ccc5&efg=eyJ2ZW5jb2RlX3RhZyI6InByb2ZpbGVfcGljLnd3dy4xNTAuQzMifQ%3D%3D&_nc_ohc=jUcxBY13HC8Q7kNvwGJYYYW&_nc_oc=AdpQuHzmBaka1M9jpizAdPO5D_iadyUD3W4u92GRbkTgxJ3BpvsfvMqUxTWrziGFOjk&_nc_zt=24&_nc_ht=scontent-ams2-1.cdninstagram.com&_nc_ss=7b6a8&oh=00_Af_5W8usSEq4fiO-q5nXHGn7UVb1nJH3E0XKxnqZXPCn8Q&oe=6A2C21E2,crllmr69,https://www.instagram.com/crllmr69,Stracchino #prodottomisteriosopenny #accettoregolamento #holettoprivacypolicy,0,0,2026-05-28T13:31:57.000Z,18080600417182657,6050789052,2026-06-08T05:03:03.728Z,https://www.instagram.com/p/DYwzWgzjEDa
https://scontent-ams2-1.cdninstagram.com/v/t51.89012-19/573323465_1219825463302212_7278921664109726296_n.jpg?stp=dst-jpg_s150x150_tt6&_nc_cat=1&ccb=7-5&_nc_sid=f7ccc5&efg=eyJ2ZW5jb2RlX3RhZyI6InByb2ZpbGVfcGljLnd3dy5DMyJ9&_nc_ohc=YQQEIw1CjK0Q7kNvwGGNPon&_nc_oc=Adp7JMSj7AOEo1lF5QYw3Jy1M1xQO7rN0cMzWMAfIgmY47pgvLcGGpfiNyLdn_i3N0A&_nc_zt=24&_nc_ht=scontent-ams2-1.cdninstagram.com&_nc_gid=g3IoLn-Oz1NQzjo_wRJ2xg&_nc_ss=7b6a8&oh=00_Af948vLLSl47bDUVwt7n2iJzbBUTrT3YMtp2BijimdWQFA&oe=6A2C03A2,aleabbo98,https://www.instagram.com/aleabbo98,Stracchino #prodottomisteriosopenny #accettoregolamento #holettoprivacypolicy,0,0,2026-05-28T13:32:41.000Z,18109267087902963,7346863050,2026-06-08T05:03:03.728Z,https://www.instagram.com/p/DYwzWgzjEDa
https://scontent-ams2-1.cdninstagram.com/v/t51.82787-19/687907415_18591743722046455_479825935211587631_n.jpg?stp=dst-jpg_s150x150_tt6&_nc_cat=110&ccb=7-5&_nc_sid=f7ccc5&efg=eyJ2ZW5jb2RlX3RhZyI6InByb2ZpbGVfcGljLnd3dy4xMDgwLkMzIn0%3D&_nc_ohc=NGrVPTG_LckQ7kNvwEJIzY_&_nc_oc=Adph3H2qHS8OnKvyZAcJobt7Sdme2wR4CgrlIpCezAqLh_WZ3d7vrKt82jdZKwrYUI4&_nc_zt=24&_nc_ht=scontent-ams2-1.cdninstagram.com&_nc_gid=vLAXgqfNrDh1qee9Da0_mQ&_nc_ss=7b2a8&oh=00_Af9ZZ0dkyKq9IKACqPDYpd0YowjmlhGcKGV9jEAji5gPWw&oe=6A2C2D70,danina49,https://www.instagram.com/danina49,Stracchino#prodottomisteriosopenny #accettoregolamento #holettoprivacypolicy,0,0,2026-05-27T06:27:57.000Z,17917258662379629,1811758454,2026-06-08T05:03:13.654Z,https://www.instagram.com/p/DYwzWgzjEDa
https://scontent-ams2-1.cdninstagram.com/v/t51.89012-19/573323465_1219825463302212_7278921664109726296_n.jpg?stp=dst-jpg_s150x150_tt6&_nc_cat=1&ccb=7-5&_nc_sid=f7ccc5&efg=eyJ2ZW5jb2RlX3RhZyI6InByb2ZpbGVfcGljLnd3dy5DMyJ9&_nc_ohc=YQQEIw1CjK0Q7kNvwGGNPon&_nc_oc=Adp7JMSj7AOEo1lF5QYw3Jy1M1xQO7rN0cMzWMAfIgmY47pgvLcGGpfiNyLdn_i3N0A&_nc_zt=24&_nc_ht=scontent-ams2-1.cdninstagram.com&_nc_gid=vLAXgqfNrDh1qee9Da0_mQ&_nc_ss=7b2a8&oh=00_Af8FV30r_FsEd859RM_IzHxX1dhYVouYolSCdwAE1gPKEg&oe=6A2C03A2,diotticarla,https://www.instagram.com/diotticarla,Stracchino #prodottomisteriosopenny #accettoregolamento #holettoprivacypolicy,0,0,2026-05-28T13:36:35.000Z,18115789519796916,7347862194,2026-06-08T05:03:13.654Z,https://www.instagram.com/p/DYwzWgzjEDa
https://scontent-ams2-1.cdninstagram.com/v/t51.89012-19/573323465_1219825463302212_7278921664109726296_n.jpg?stp=dst-jpg_s150x150_tt6&_nc_cat=1&ccb=7-5&_nc_sid=f7ccc5&efg=eyJ2ZW5jb2RlX3RhZyI6InByb2ZpbGVfcGljLnd3dy5DMyJ9&_nc_ohc=YQQEIw1CjK0Q7kNvwGGNPon&_nc_oc=Adp7JMSj7AOEo1lF5QYw3Jy1M1xQO7rN0cMzWMAfIgmY47pgvLcGGpfiNyLdn_i3N0A&_nc_zt=24&_nc_ht=scontent-ams2-1.cdninstagram.com&_nc_gid=vLAXgqfNrDh1qee9Da0_mQ&_nc_ss=7b2a8&oh=00_Af8FV30r_FsEd859RM_IzHxX1dhYVouYolSCdwAE1gPKEg&oe=6A2C03A2,cesanomad,https://www.instagram.com/cesanomad,Stracchino #prodottomisteriosopenny #accettoregolamento #holettoprivacypolicy,0,0,2026-05-28T13:37:14.000Z,17942180577216810,44041527667,2026-06-08T05:03:13.654Z,https://www.instagram.com/p/DYwzWgzjEDa
https://scontent-ams2-1.cdninstagram.com/v/t51.89012-19/573323465_1219825463302212_7278921664109726296_n.jpg?stp=dst-jpg_s150x150_tt6&_nc_cat=1&ccb=7-5&_nc_sid=f7ccc5&efg=eyJ2ZW5jb2RlX3RhZyI6InByb2ZpbGVfcGljLnd3dy5DMyJ9&_nc_ohc=YQQEIw1CjK0Q7kNvwGGNPon&_nc_oc=Adp7JMSj7AOEo1lF5QYw3Jy1M1xQO7rN0cMzWMAfIgmY47pgvLcGGpfiNyLdn_i3N0A&_nc_zt=24&_nc_ht=scontent-ams2-1.cdninstagram.com&_nc_gid=vLAXgqfNrDh1qee9Da0_mQ&_nc_ss=7b2a8&oh=00_Af8FV30r_FsEd859RM_IzHxX1dhYVouYolSCdwAE1gPKEg&oe=6A2C03A2,kukka2002,https://www.instagram.com/kukka2002,Stracchino #prodottomisteriosopenny #accettoregolamento #holettoprivacypolicy,0,0,2026-05-28T13:36:55.000Z,17967929436110528,39143644413,2026-06-08T05:03:13.654Z,https://www.instagram.com/p/DYwzWgzjEDa
https://scontent-ams2-1.cdninstagram.com/v/t51.89012-19/573323465_1219825463302212_7278921664109726296_n.jpg?stp=dst-jpg_s150x150_tt6&_nc_cat=1&ccb=7-5&_nc_sid=f7ccc5&efg=eyJ2ZW5jb2RlX3RhZyI6InByb2ZpbGVfcGljLnd3dy5DMyJ9&_nc_ohc=YQQEIw1CjK0Q7kNvwGGNPon&_nc_oc=Adp7JMSj7AOEo1lF5QYw3Jy1M1xQO7rN0cMzWMAfIgmY47pgvLcGGpfiNyLdn_i3N0A&_nc_zt=24&_nc_ht=scontent-ams2-1.cdninstagram.com&_nc_gid=vLAXgqfNrDh1qee9Da0_mQ&_nc_ss=7b2a8&oh=00_Af8FV30r_FsEd859RM_IzHxX1dhYVouYolSCdwAE1gPKEg&oe=6A2C03A2,patri.patti,https://www.instagram.com/patri.patti,Stracchino #prodottomisteriosopenny #accettoregolamento #holettoprivacypolicy,0,0,2026-05-28T13:37:33.000Z,18105463375788174,7865012805,2026-06-08T05:03:13.654Z,https://www.instagram.com/p/DYwzWgzjEDa
https://scontent-ams2-1.cdninstagram.com/v/t51.82787-19/527480776_17848668111530792_6354328947686642878_n.jpg?stp=dst-jpg_s150x150_tt6&_nc_cat=101&ccb=7-5&_nc_sid=f7ccc5&efg=eyJ2ZW5jb2RlX3RhZyI6InByb2ZpbGVfcGljLnd3dy42MTIuQzMifQ%3D%3D&_nc_ohc=JBn_0EBuZCIQ7kNvwEjjWgR&_nc_oc=AdqKmnrycxwf5eZHdVlL9VX4QiymRXOSIjsr2vVGeUFGuYKoIjkCj4ckIjbVafGrSfw&_nc_zt=24&_nc_ht=scontent-ams2-1.cdninstagram.com&_nc_gid=vLAXgqfNrDh1qee9Da0_mQ&_nc_ss=7b2a8&oh=00_Af9zV5eul1fcufeyQ1jha0-BH9jbMmdh_qhIIjeuPT_Ddg&oe=6A2C363D,genna.concorsi,https://www.instagram.com/genna.concorsi,Stracchino #prodottomisteriosopenny #accettoregolamento #holettoprivacypolicy,0,0,2026-05-28T15:12:48.000Z,18226331905314388,76052882791,2026-06-08T05:03:13.654Z,https://www.instagram.com/p/DYwzWgzjEDa
https://scontent-ams2-1.cdninstagram.com/v/t51.2885-19/480854119_595338653322327_3633835850554737369_n.jpg?stp=dst-jpg_s150x150_tt6&_nc_cat=106&ccb=7-5&_nc_sid=f7ccc5&efg=eyJ2ZW5jb2RlX3RhZyI6InByb2ZpbGVfcGljLnd3dy4zMjAuQzMifQ%3D%3D&_nc_ohc=-3SP_0UIFvIQ7kNvwG0ND-7&_nc_oc=Ado3URoGNPvrYKtlVISUSOoGdNMOPDpfHl2TVLAtdw7vuiaweUSd3jLySNZAMdmrbT0&_nc_zt=24&_nc_ht=scontent-ams2-1.cdninstagram.com&_nc_ss=7b2a8&oh=00_Af_nCOLD5i6Y6xt7bLH89D4zNOiSYfZ7iTc3pkEhg95qhw&oe=6A2C0736,michiacquistapace,https://www.instagram.com/michiacquistapace,Stracchino #prodottomisteriosopenny #accettoregolamento #holettoprivacypolicy,0,0,2026-05-28T14:47:39.000Z,18117224533748410,1811293623,2026-06-08T05:03:13.654Z,https://www.instagram.com/p/DYwzWgzjEDa
https://scontent-ams2-1.cdninstagram.com/v/t51.2885-19/11356759_875315299203540_1071711511_a.jpg?_nc_cat=106&ccb=7-5&_nc_sid=f7ccc5&efg=eyJ2ZW5jb2RlX3RhZyI6InByb2ZpbGVfcGljLnd3dy4xNTAuQzMifQ%3D%3D&_nc_ohc=qIVMSCgNDCEQ7kNvwFZ1B-2&_nc_oc=Adp7iM3Mnowi3vK-V3CQ-zNkINuVkyhUQtH0aD6Nodi19IkSqifr2qgQfcOP4_0hpbw&_nc_zt=24&_nc_ht=scontent-ams2-1.cdninstagram.com&_nc_ss=7b2a8&oh=00_Af83a_c6fGmCwVnTeie66VvV_4N2OAKL2v0LgFXxh2cqhA&oe=6A2C3AE2,ttony2981,https://www.instagram.com/ttony2981,Stracchino #prodottomisteriosopenny  #accettoregolamento #holettoprivacypolicy,0,0,2026-05-28T20:31:00.000Z,17896373373464494,395378871,2026-06-08T05:03:13.654Z,https://www.instagram.com/p/DYwzWgzjEDa
https://scontent-ams2-1.cdninstagram.com/v/t51.2885-19/120673386_2740570189556803_2615331930494175242_n.jpg?stp=dst-jpg_s150x150_tt6&_nc_cat=106&ccb=7-5&_nc_sid=f7ccc5&efg=eyJ2ZW5jb2RlX3RhZyI6InByb2ZpbGVfcGljLnd3dy4xMDgwLkMzIn0%3D&_nc_ohc=OUoRA9PXZEYQ7kNvwEmVzcp&_nc_oc=AdqNEmqQT40V8Kfzy8qxqW2g6-Bn55ZvDDWLooJQPjL2vfkV-B0xKzRiJmNz3YFQJiA&_nc_zt=24&_nc_ht=scontent-ams2-1.cdninstagram.com&_nc_ss=7b2a8&oh=00_Af9UeC6suT02guHM30E0XahnKeRboGgKdBEOZjluSvvLjA&oe=6A2C11BF,sandysalguero82,https://www.instagram.com/sandysalguero82,Lo Stracchino! #prodottomisteriosopenny #accettoregolamento #holettoprivacypolicy,0,0,2026-05-25T22:02:34.000Z,18579518302054749,8660080156,2026-06-08T05:03:13.654Z,https://www.instagram.com/p/DYwzWgzjEDa
https://scontent-ams2-1.cdninstagram.com/v/t51.2885-19/13556778_1696289770623604_286683398_a.jpg?stp=dst-jpg_s150x150_tt6&_nc_cat=111&ccb=7-5&_nc_sid=f7ccc5&efg=eyJ2ZW5jb2RlX3RhZyI6InByb2ZpbGVfcGljLnd3dy4yMDAuQzMifQ%3D%3D&_nc_ohc=4387E1Dtr5QQ7kNvwFHfeaX&_nc_oc=AdoJ4HvqM05MgssvplP45xUqL4rmANQPlchjQEL_cZrk92XR4S0TwK5_9DSS2sHRnwQ&_nc_zt=24&_nc_ht=scontent-ams2-1.cdninstagram.com&_nc_ss=7b2a8&oh=00_Af-bdYziJCrD5Rqycw0Dzv2seFCyGbKtTNt3kdf9b4BDwQ&oe=6A2C0EB9,letizia.reina,https://www.instagram.com/letizia.reina,Stracchino #prodottomisteriosopenny #accettoregolamento #holettoprivacypolicy,0,0,2026-05-29T14:36:10.000Z,18111069712901128,3472312972,2026-06-08T05:03:13.654Z,https://www.instagram.com/p/DYwzWgzjEDa
https://scontent-ams2-1.cdninstagram.com/v/t51.2885-19/475643336_1323096248716295_4530566391702417454_n.jpg?stp=dst-jpg_s150x150_tt6&_nc_cat=105&ccb=7-5&_nc_sid=f7ccc5&efg=eyJ2ZW5jb2RlX3RhZyI6InByb2ZpbGVfcGljLnd3dy4xMDgwLkMzIn0%3D&_nc_ohc=TysryNyQqWAQ7kNvwH5VJWl&_nc_oc=AdrV08t5I-GnZJrwJE7WSHRs9sdBbeqR7IS-k3OnWGvkDcLrUPqIbCGLVu-TxesM8Ck&_nc_zt=24&_nc_ht=scontent-ams2-1.cdninstagram.com&_nc_ss=7b2a8&oh=00_Af9GalyHjXubIAi9YL93u89w7Y5uUSHdbfF7FJiCtrGxyg&oe=6A2C11D3,charlottehome11,https://www.instagram.com/charlottehome11,Stracchino #prodottomisteriosopenny #accettoregolamento #holettoprivacypolicy,0,0,2026-05-30T04:08:21.000Z,17850614316697074,44374053668,2026-06-08T05:03:13.654Z,https://www.instagram.com/p/DYwzWgzjEDa
https://scontent-ams2-1.cdninstagram.com/v/t51.82787-19/718333936_18590948179010995_6746493514812287848_n.jpg?stp=dst-jpg_s150x150_tt6&_nc_cat=105&ccb=7-5&_nc_sid=f7ccc5&efg=eyJ2ZW5jb2RlX3RhZyI6InByb2ZpbGVfcGljLnd3dy4xMDgwLkMzIn0%3D&_nc_ohc=fTZ9wcyIP0sQ7kNvwHhiJNY&_nc_oc=AdoOlztekBluqhVtbDGfNNdIysktBUU1GiOtl_GGNZzlUWj8CRYn5f4smZkKpWz-MmE&_nc_zt=24&_nc_ht=scontent-ams2-1.cdninstagram.com&_nc_gid=vLAXgqfNrDh1qee9Da0_mQ&_nc_ss=7b2a8&oh=00_Af8F_pA-J112N8851HOrdV737iTw8Wts-iXshyzyosnZUw&oe=6A2C1AAE,antomilo79,https://www.instagram.com/antomilo79,Lo stracchino #prodottomisteriosoprnny  #accettoregolamento #holettoprivacypolicy,0,0,2026-05-29T06:12:39.000Z,18401108164153276,340938994,2026-06-08T05:03:13.654Z,https://www.instagram.com/p/DYwzWgzjEDa
https://scontent-ams2-1.cdninstagram.com/v/t51.2885-19/95253474_2931349123610802_5074975851360026624_n.jpg?stp=dst-jpg_s150x150_tt6&_nc_cat=100&ccb=7-5&_nc_sid=f7ccc5&efg=eyJ2ZW5jb2RlX3RhZyI6InByb2ZpbGVfcGljLnd3dy43MTguQzMifQ%3D%3D&_nc_ohc=fyLnxw3f2WwQ7kNvwHs0tKg&_nc_oc=AdrNZVl1f-NfQXuC7SolNRgoaqLbtIPKUiN441Vdmy-pwxXRQQs8ajv8knptZp-5NBQ&_nc_zt=24&_nc_ht=scontent-ams2-1.cdninstagram.com&_nc_ss=7b2a8&oh=00_Af9AxmvIDaBITKcHii9zzmEI9FKT65Utb7Uth39I-2mOcg&oe=6A2C2A65,innafotos,https://www.instagram.com/innafotos,Stracchino #prodottomisteriosopenny #accettoregolamento #holettoprivacypolicy,0,0,2026-05-30T13:21:06.000Z,18001285067941865,34431096231,2026-06-08T05:03:13.654Z,https://www.instagram.com/p/DYwzWgzjEDa
https://scontent-ams2-1.cdninstagram.com/v/t51.82787-19/561484241_17984432903884216_6415239559645314965_n.jpg?stp=dst-jpg_s150x150_tt6&_nc_cat=100&ccb=7-5&_nc_sid=f7ccc5&efg=eyJ2ZW5jb2RlX3RhZyI6InByb2ZpbGVfcGljLnd3dy4xMDgwLkMzIn0%3D&_nc_ohc=DqsWz3rsLLcQ7kNvwEXnS7X&_nc_oc=AdqmB_5QsGCod-cW5249gUjCs-j0UrSeg0K8FkCoaldZRNQXzIlyBc3N5YcJbTzh4Co&_nc_zt=24&_nc_ht=scontent-ams2-1.cdninstagram.com&_nc_gid=vLAXgqfNrDh1qee9Da0_mQ&_nc_ss=7b2a8&oh=00_Af-99j5a0mDw0d3PsEWnoogwlirBDKAPHkc4DZ2lD6dRLQ&oe=6A2C2294,lui.12021,https://www.instagram.com/lui.12021,Stracchino #prodottomisteriosopenny #accettoregolamento #holettoprivacypolicy,0,0,2026-05-30T15:00:41.000Z,18092520041604620,56512084215,2026-06-08T05:03:13.654Z,https://www.instagram.com/p/DYwzWgzjEDa
https://scontent-ams2-1.cdninstagram.com/v/t51.82787-19/520146720_17953190990995977_5147213756078027384_n.jpg?stp=dst-jpg_s150x150_tt6&_nc_cat=111&ccb=7-5&_nc_sid=f7ccc5&efg=eyJ2ZW5jb2RlX3RhZyI6InByb2ZpbGVfcGljLnd3dy4xMDgwLkMzIn0%3D&_nc_ohc=VrfyQAQToEIQ7kNvwEB4uZS&_nc_oc=Adp0ol2_0QZGjcDnq8VgSrX6nTWgPz0Njt-OqKWn6nMQTq1EL-akNf1yx26PvOoh5eE&_nc_zt=24&_nc_ht=scontent-ams2-1.cdninstagram.com&_nc_gid=vLAXgqfNrDh1qee9Da0_mQ&_nc_ss=7b2a8&oh=00_Af8p0jXQb4el1MCvbgPjb13hoSCkr5bzEDF0DivX-vrilA&oe=6A2C17F8,_z_andrea_,https://www.instagram.com/_z_andrea_,"Stracchino 
#prodottomisteriosopenny #accettoregolamento
#holettoprivacypolicy",0,0,2026-05-30T20:10:55.000Z,18100504781017203,59913267976,2026-06-08T05:03:13.654Z,https://www.instagram.com/p/DYwzWgzjEDa
https://scontent-ams2-1.cdninstagram.com/v/t51.2885-19/331107704_2382023748632385_3010387561564197464_n.jpg?stp=dst-jpg_s150x150_tt6&_nc_cat=111&ccb=7-5&_nc_sid=f7ccc5&efg=eyJ2ZW5jb2RlX3RhZyI6InByb2ZpbGVfcGljLnd3dy45NjAuQzMifQ%3D%3D&_nc_ohc=T11qvwz04MkQ7kNvwFIOlq4&_nc_oc=AdqDP3Bc295BmV5vwjHS7z1mLGNVpX77t52aiim7HMb5HCF3ze34ZzsOeMuREkiBbHs&_nc_zt=24&_nc_ht=scontent-ams2-1.cdninstagram.com&_nc_ss=7b6a8&oh=00_Af8c_sZWdXxCqN6OC-psmo0EnwAcE3UWjT4MPjG4FVLDXw&oe=6A2C076B,chicas_75,https://www.instagram.com/chicas_75,Stracchino Valbonta' #prodottomisteriosopenny #accettoregolamento #holettoprivacypolicy,0,0,2026-05-26T07:29:19.000Z,18412366399197556,58176957643,2026-06-08T05:03:24.029Z,https://www.instagram.com/p/DYwzWgzjEDa
https://scontent-ams2-1.cdninstagram.com/v/t51.2885-19/475773942_1130432161825442_8657924612330694673_n.jpg?stp=dst-jpg_s150x150_tt6&_nc_cat=106&ccb=7-5&_nc_sid=f7ccc5&efg=eyJ2ZW5jb2RlX3RhZyI6InByb2ZpbGVfcGljLnd3dy4xMDI5LkMzIn0%3D&_nc_ohc=8E1Q-sO1S04Q7kNvwF3Nf6s&_nc_oc=Adps1bvC6S_UkIL7fWMNZy8o7wPWi4ESTtL45u-Lj7pBn8-900GWIm7WvKTYR7tM2Lo&_nc_zt=24&_nc_ht=scontent-ams2-1.cdninstagram.com&_nc_ss=7b6a8&oh=00_Af8i7Wz9eZon3ViJVgVaFXXf2T50-DLxtHS8w0DfmgMMAA&oe=6A2C2012,marigio81,https://www.instagram.com/marigio81,Stracchino #prodottomisteriosopenny #accettoregolamento #holettoprivacypolicy,0,0,2026-05-31T18:36:51.000Z,18049245674777349,70990668471,2026-06-08T05:03:24.029Z,https://www.instagram.com/p/DYwzWgzjEDa
https://scontent-ams2-1.cdninstagram.com/v/t51.2885-19/58408985_2642133279161552_7675234273099513856_n.jpg?stp=dst-jpg_s150x150_tt6&_nc_cat=109&ccb=7-5&_nc_sid=f7ccc5&efg=eyJ2ZW5jb2RlX3RhZyI6InByb2ZpbGVfcGljLnd3dy42NDAuQzMifQ%3D%3D&_nc_ohc=c4aKinTY8NEQ7kNvwFxRjuj&_nc_oc=AdpADaBkqOOo0zEYHguIOAEI967K0O653kEJO44G_bbqR4qUj7GjNhLqYANMGAvyZeY&_nc_zt=24&_nc_ht=scontent-ams2-1.cdninstagram.com&_nc_ss=7b6a8&oh=00_Af8kO1ERUu13l_ZhS3pCJdne1y6LqPxZa1kpCVsgAEMOGg&oe=6A2C068D,paola_carac_,https://www.instagram.com/paola_carac_,Stracchino #prodottomisteriosopenny #accettoregolamento #holettoprivacypolicy,0,0,2026-06-01T21:38:28.000Z,17927203860318461,5484303443,2026-06-08T05:03:24.029Z,https://www.instagram.com/p/DYwzWgzjEDa
https://scontent-ams2-1.cdninstagram.com/v/t51.2885-19/322657321_1123048825074062_5641141772775273619_n.jpg?stp=dst-jpg_s150x150_tt6&_nc_cat=104&ccb=7-5&_nc_sid=f7ccc5&efg=eyJ2ZW5jb2RlX3RhZyI6InByb2ZpbGVfcGljLnd3dy4xMDgwLkMzIn0%3D&_nc_ohc=v-56EPQcwmIQ7kNvwE3mFx-&_nc_oc=AdpWFS2d6n52koAiF-LTt3P9fA8VhyCKIU0gfgXeJ1t8rZD6FHLR2kcqxoyVtZvzxGk&_nc_zt=24&_nc_ht=scontent-ams2-1.cdninstagram.com&_nc_ss=7b6a8&oh=00_Af_B0u6lD2TZTyTt-jKc0B5sj-Q8MNbB3-ahdXpPQEbDEw&oe=6A2C21A8,bigne78,https://www.instagram.com/bigne78,#prodottomisteriosopenny #accettoregolamento #holettoprivacypolicy  STRACCHINO,0,0,2026-05-26T03:55:02.000Z,18014898743850640,571458446,2026-06-08T05:03:24.029Z,https://www.instagram.com/p/DYwzWgzjEDa
https://scontent-ams2-1.cdninstagram.com/v/t51.82787-19/684151006_18120808507727481_1764929513742502385_n.jpg?stp=dst-jpg_s150x150_tt6&_nc_cat=105&ccb=7-5&_nc_sid=f7ccc5&efg=eyJ2ZW5jb2RlX3RhZyI6InByb2ZpbGVfcGljLnd3dy4xMDgwLkMzIn0%3D&_nc_ohc=1wpnD66dBQQQ7kNvwENoq2A&_nc_oc=AdqBB6KP_wIn0s2HEtxRIvN258HlgO3pd4HIrAQJtl3YcZ1TxPuAXmBTd8TYynXmQSY&_nc_zt=24&_nc_ht=scontent-ams2-1.cdninstagram.com&_nc_gid=ZdbBomoUcQ9VUQMctawRnA&_nc_ss=7b6a8&oh=00_Af-c4lWHg_-il9iwkcI-C27JTzfUVQWv3ptH8ZIu7xgGbA&oe=6A2C0FF9,graziella4520,https://www.instagram.com/graziella4520,Stracchino #prodottomisteriosopenny #accettoilregolamento #holettoprivacypolicy,0,0,2026-05-26T04:35:37.000Z,18101301986015260,21693847480,2026-06-08T05:03:24.029Z,https://www.instagram.com/p/DYwzWgzjEDa
https://scontent-ams2-1.cdninstagram.com/v/t51.2885-19/430991626_949047520261901_2574734827482874134_n.jpg?stp=dst-jpg_s150x150_tt6&_nc_cat=106&ccb=7-5&_nc_sid=f7ccc5&efg=eyJ2ZW5jb2RlX3RhZyI6InByb2ZpbGVfcGljLnd3dy4zMzYuQzMifQ%3D%3D&_nc_ohc=gKhqgvzl1b8Q7kNvwGVrmfd&_nc_oc=Adq8IgN8a1yQmRfmt_5HQFZq3VMKJ25dn6mbSUpqmlAt0pZWf692gy79DeDSANV_Dhc&_nc_zt=24&_nc_ht=scontent-ams2-1.cdninstagram.com&_nc_ss=7b6a8&oh=00_Af9OIpJoZA0nx_tM6rcjm_SrzeDcz0880zuXRZGZw7Z-Sw&oe=6A2C12BE,sandro_melli,https://www.instagram.com/sandro_melli,Stracchino #prodottomisteriosopenny #accettoregolamento #holettoprivacypolicy,0,0,2026-05-25T14:40:22.000Z,18052107011510264,61390355079,2026-06-08T05:03:24.029Z,https://www.instagram.com/p/DYwzWgzjEDa
https://scontent-ams2-1.cdninstagram.com/v/t51.82787-19/622337721_17853745062614685_3703005331432951657_n.jpg?stp=dst-jpg_s150x150_tt6&_nc_cat=107&ccb=7-5&_nc_sid=f7ccc5&efg=eyJ2ZW5jb2RlX3RhZyI6InByb2ZpbGVfcGljLnd3dy4xMDgwLkMzIn0%3D&_nc_ohc=owq6miQY1mUQ7kNvwEgZn8s&_nc_oc=AdqYCaBRmgIw4EIO1C4cZXPlQBYOutEW653Dw7gWu_zVJ5Rajzq_tktgl63u_D-EK9c&_nc_zt=24&_nc_ht=scontent-ams2-1.cdninstagram.com&_nc_gid=ZdbBomoUcQ9VUQMctawRnA&_nc_ss=7b6a8&oh=00_Af80gLpocyciE5vyiC8-vGbtwS8I-3l3yy15A_aKg5_LyA&oe=6A2C2EEA,franc.k5371,https://www.instagram.com/franc.k5371,Stracchino Valbontà #prodottomisteriosopenny #accettoregolamento #holettoprivacypolicy,0,0,2026-05-26T08:11:02.000Z,18145205254448399,78412598684,2026-06-08T05:03:24.029Z,https://www.instagram.com/p/DYwzWgzjEDa
https://scontent-ams2-1.cdninstagram.com/v/t51.2885-19/464839937_1563466557597589_4747725018400618810_n.jpg?stp=dst-jpg_s150x150_tt6&_nc_cat=103&ccb=7-5&_nc_sid=f7ccc5&efg=eyJ2ZW5jb2RlX3RhZyI6InByb2ZpbGVfcGljLnd3dy4xMDgwLkMzIn0%3D&_nc_ohc=aV6VF_MoMQMQ7kNvwEIZUXs&_nc_oc=AdrRV51UxUjZoI2iKRx9Vnk5ni9s2PG6utqlPFCBMgqrJ-DFHN5B1K-RVthsEza3K8g&_nc_zt=24&_nc_ht=scontent-ams2-1.cdninstagram.com&_nc_ss=7b6a8&oh=00_Af_RNjGp5i_vsnuZ-NQ6ACHXFdsPcm8h6y-U0QWVp7uemQ&oe=6A2C1D79,discombobulate_._,https://www.instagram.com/discombobulate_._,Stracchino Valbontà #prodottomisteriosopenny #accettoregolamento #holettoprivacypolicy,0,0,2026-05-26T10:06:32.000Z,18068469809345256,4255292927,2026-06-08T05:03:24.029Z,https://www.instagram.com/p/DYwzWgzjEDa
https://scontent-ams2-1.cdninstagram.com/v/t51.2885-19/327827767_908130523550645_463213302917510003_n.jpg?stp=dst-jpg_s150x150_tt6&_nc_cat=109&ccb=7-5&_nc_sid=f7ccc5&efg=eyJ2ZW5jb2RlX3RhZyI6InByb2ZpbGVfcGljLnd3dy4xMDgwLkMzIn0%3D&_nc_ohc=VBzfQSpd6YYQ7kNvwGXW7vl&_nc_oc=AdoCoFsv0bYAYrgRi8IZEC3zjbKKL6euPKp1AVhvowuDMo90Ags_90mAlhF77QDORe0&_nc_zt=24&_nc_ht=scontent-ams2-1.cdninstagram.com&_nc_ss=7b6a8&oh=00_Af-n4FXpjf4uw9wKWYpMkuwCB073Mhw90POnWtoEPBDrzg&oe=6A2C12A8,nadia.agostina.nadia,https://www.instagram.com/nadia.agostina.nadia,Stracchino #prodottomisteriosopenny #accettoregolamento #holettolaprivacypolicy,0,0,2026-05-25T13:50:04.000Z,18104275219795618,57775825773,2026-06-08T05:03:24.029Z,https://www.instagram.com/p/DYwzWgzjEDa
https://scontent-ams2-1.cdninstagram.com/v/t51.2885-19/292272538_163774879517828_7295240197688472123_n.jpg?stp=dst-jpg_s150x150_tt6&_nc_cat=102&ccb=7-5&_nc_sid=f7ccc5&efg=eyJ2ZW5jb2RlX3RhZyI6InByb2ZpbGVfcGljLnd3dy4xMDgwLkMzIn0%3D&_nc_ohc=q9my6kpr-SYQ7kNvwGoIdWd&_nc_oc=Adoeg6ZQsQP-19Bh4yvok8w14yZgqN3FSKG1U7Q17X9WrV0PBNTd1gMFgKZ6Tqhk60k&_nc_zt=24&_nc_ht=scontent-ams2-1.cdninstagram.com&_nc_ss=7b6a8&oh=00_Af_6tL5tO6EeirWlYDL3krvNGtUCrxPk12KsOsiX9SdRMA&oe=6A2C0D35,bluetherabbit2022,https://www.instagram.com/bluetherabbit2022,Stracchino #prodottomisteriosopenny #accettoregolamento #holettoprivacypolicy,0,0,2026-05-25T13:50:09.000Z,18076006370389023,54278885217,2026-06-08T05:03:24.029Z,https://www.instagram.com/p/DYwzWgzjEDa
https://scontent-ams2-1.cdninstagram.com/v/t51.2885-19/14334584_1791746694433533_176404120_a.jpg?stp=dst-jpg_s150x150_tt6&_nc_cat=104&ccb=7-5&_nc_sid=f7ccc5&efg=eyJ2ZW5jb2RlX3RhZyI6InByb2ZpbGVfcGljLnd3dy42MDAuQzMifQ%3D%3D&_nc_ohc=KhC6SFH-n3UQ7kNvwFM8kgY&_nc_oc=AdpmAqt4n0NNDUqXP51wv8uQYUnr13l3isZCGrilUIjoTQqYaJ2AfPezKVyQiqMD018&_nc_zt=24&_nc_ht=scontent-ams2-1.cdninstagram.com&_nc_ss=7b6a8&oh=00_Af9643mR5nLWAvPf_AexXPgWKQWe-5-fRnXkjeXqrD9zyA&oe=6A2C10B4,lareginadel_celebrita,https://www.instagram.com/lareginadel_celebrita,Stracchino Valbontà #prodottomisteriosopenny  #accettoregolamento  #holettoprivacypolicy,0,0,2026-05-26T19:16:45.000Z,17938811607051548,3957240645,2026-06-08T05:03:24.029Z,https://www.instagram.com/p/DYwzWgzjEDa
https://scontent-ams2-1.cdninstagram.com/v/t51.82787-19/649539878_18572266252022420_6036310850059898242_n.jpg?stp=dst-jpg_s150x150_tt6&_nc_cat=101&ccb=7-5&_nc_sid=f7ccc5&efg=eyJ2ZW5jb2RlX3RhZyI6InByb2ZpbGVfcGljLnd3dy4xMDgwLkMzIn0%3D&_nc_ohc=maEZG_T0ZHgQ7kNvwEkHs9U&_nc_oc=Adp2-N0rezEui9w4F5fX9dE2QvJJVyziXa5IHgbw2Fux20vXfUTN5mdTIW_Kh997BvU&_nc_zt=24&_nc_ht=scontent-ams2-1.cdninstagram.com&_nc_gid=ZdbBomoUcQ9VUQMctawRnA&_nc_ss=7b6a8&oh=00_Af_D4oftDPRrjscnKDpf4Bj3ICAvu4E-DDd0NF_EoDwhIA&oe=6A2C2403,francescabaria,https://www.instagram.com/francescabaria,Stracchino #prodottomisteriosopenny #accettoregolamento #holettoprivacypolicy,0,0,2026-05-25T13:36:46.000Z,17966658324073432,207510419,2026-06-08T05:03:24.029Z,https://www.instagram.com/p/DYwzWgzjEDa
https://scontent-ams2-1.cdninstagram.com/v/t51.2885-19/101775549_1552055031638115_6388289310453399552_n.jpg?stp=dst-jpg_s150x150_tt6&_nc_cat=109&ccb=7-5&_nc_sid=f7ccc5&efg=eyJ2ZW5jb2RlX3RhZyI6InByb2ZpbGVfcGljLnd3dy4xMDgwLkMzIn0%3D&_nc_ohc=lveC4O_qgZEQ7kNvwGJHGLB&_nc_oc=AdqZzREUSDF_1A0YZIdIEV7I9c26Es4nNXJNxcaFzg5pCJsmVN5PIWfozVOjIykd0CE&_nc_zt=24&_nc_ht=scontent-ams2-1.cdninstagram.com&_nc_ss=7b6a8&oh=00_Af-ftamJqBKU0OxF3_KqjuGhlmDFxgKHqvfJ3p4npxPVzQ&oe=6A2C1AB5,angela.miele65,https://www.instagram.com/angela.miele65,Stracchino Valbontà #prodottomisteriosopenny #accettoregolamento #holettoprivacypolicy,0,0,2026-05-27T06:37:23.000Z,17954450526138781,32806568502,2026-06-08T05:03:24.029Z,https://www.instagram.com/p/DYwzWgzjEDa
https://scontent-ams2-1.cdninstagram.com/v/t51.82787-19/657664244_18312093850260902_6980605775517789971_n.jpg?stp=dst-jpg_s150x150_tt6&_nc_cat=101&ccb=7-5&_nc_sid=f7ccc5&efg=eyJ2ZW5jb2RlX3RhZyI6InByb2ZpbGVfcGljLnd3dy4xMDgwLkMzIn0%3D&_nc_ohc=gH-MuaqNsD4Q7kNvwFlIs6-&_nc_oc=Ado6FddvfEJUF1v3r3E4O37cHxaSgukyOuWtk5ZHpkiYrCLz6tbx8f1Oj6s8HZ_38BE&_nc_zt=24&_nc_ht=scontent-ams2-1.cdninstagram.com&_nc_gid=ZdbBomoUcQ9VUQMctawRnA&_nc_ss=7b6a8&oh=00_Af8GQ2x7yDNEP3YHKo1bpOvyHKb30UrtXDw699CQhxyVoQ&oe=6A2C0939,italian_cuisine_,https://www.instagram.com/italian_cuisine_,Stracchino Valbontà #prodottomisteriosopenny #accettoregolamento #holettoprivacypolicy,0,0,2026-05-27T07:09:21.000Z,17876296815476580,7693476901,2026-06-08T05:03:24.029Z,https://www.instagram.com/p/DYwzWgzjEDa
https://scontent-ams2-1.cdninstagram.com/v/t51.2885-19/384194420_820330656456629_8036083251840043434_n.jpg?stp=dst-jpg_s150x150_tt6&_nc_cat=110&ccb=7-5&_nc_sid=f7ccc5&efg=eyJ2ZW5jb2RlX3RhZyI6InByb2ZpbGVfcGljLnd3dy4xMDgwLkMzIn0%3D&_nc_ohc=-gLICqDlXdwQ7kNvwG2GDbm&_nc_oc=Adr4RNxaIkcNgSboWRAI8VS0VREWR6GH8Rxejj32mM-PafIr0nZzeEX0OJzWjB3zJ_U&_nc_zt=24&_nc_ht=scontent-ams2-1.cdninstagram.com&_nc_ss=7b6a8&oh=00_Af-P2u009685YTrFPPWGy4mwi4k-_WNd8FcMECd2DjRb9w&oe=6A2C1F81,certomimma,https://www.instagram.com/certomimma,Stracchino Valbontà #prodottomisteriosopenny #accettoregolamento #holettoprivacypolicy,0,0,2026-05-27T07:14:39.000Z,18172447618414803,61868149648,2026-06-08T05:03:24.029Z,https://www.instagram.com/p/DYwzWgzjEDa
https://scontent-ams2-1.cdninstagram.com/v/t51.2885-19/290862125_424491189691079_1849506492570502050_n.jpg?stp=dst-jpg_s150x150_tt6&_nc_cat=109&ccb=7-5&_nc_sid=f7ccc5&efg=eyJ2ZW5jb2RlX3RhZyI6InByb2ZpbGVfcGljLnd3dy4xMDgwLkMzIn0%3D&_nc_ohc=lH5QNcLzNG0Q7kNvwHzlSPH&_nc_oc=AdpNexTKpm-AnsWZmE7rcToB4adgx_r_15GnNa_wKFzx0uS4-g_y-YPcZM2I44edxQY&_nc_zt=24&_nc_ht=scontent-ams2-1.cdninstagram.com&_nc_ss=7b6a8&oh=00_Af8KPU3WnEnRtj4jfFVGCmbB6MLIVwinlO_3ClS_U6j0KQ&oe=6A2C2922,ilove.italia,https://www.instagram.com/ilove.italia,Stracchino Valbontà #prodottomisteriosopenny #accettoregolamento #holettoprivacypolicy,0,0,2026-05-27T07:16:42.000Z,18101998007042273,7422493321,2026-06-08T05:03:34.497Z,https://www.instagram.com/p/DYwzWgzjEDa
https://scontent-ams2-1.cdninstagram.com/v/t51.2885-19/292778329_2167000830140903_3483909202029783524_n.jpg?stp=dst-jpg_s150x150_tt6&_nc_cat=108&ccb=7-5&_nc_sid=f7ccc5&efg=eyJ2ZW5jb2RlX3RhZyI6InByb2ZpbGVfcGljLnd3dy4xMDgwLkMzIn0%3D&_nc_ohc=hlDkatf0HVQQ7kNvwGCVRru&_nc_oc=Adpw8vr66XQFZxaBmJSLOMXtZK24cKc1kcFNSk9ICY67s9JGgCEPZGaiBSy1oSXMnn8&_nc_zt=24&_nc_ht=scontent-ams2-1.cdninstagram.com&_nc_ss=7b6a8&oh=00_Af_RbENk3CCYEID8opfSW1X9jAL-2_pdQqrzEjXtilxQmQ&oe=6A2C1B2F,semplicemente_napoli,https://www.instagram.com/semplicemente_napoli,Stracchino Valbontà #prodottomisteriosopenny #accettoregolamento #holettoprivacypolicy,0,0,2026-05-27T07:16:57.000Z,18115446187793527,7417445121,2026-06-08T05:03:34.497Z,https://www.instagram.com/p/DYwzWgzjEDa
https://scontent-ams2-1.cdninstagram.com/v/t51.2885-19/54511224_2147888305522138_5115722425140510720_n.jpg?stp=dst-jpg_s150x150_tt6&_nc_cat=102&ccb=7-5&_nc_sid=f7ccc5&efg=eyJ2ZW5jb2RlX3RhZyI6InByb2ZpbGVfcGljLnd3dy42MzAuQzMifQ%3D%3D&_nc_ohc=YVdhmoQNb-gQ7kNvwFfB3FE&_nc_oc=Adrtq3iJsw7WdEnEchMs7fMRnC09Idt4sLbTO6Q3bLU0H--76A1s1CnerjxgaCg9TWE&_nc_zt=24&_nc_ht=scontent-ams2-1.cdninstagram.com&_nc_ss=7b6a8&oh=00_Af-46NcUmzpi-4-Bgj-a-y71DxqaWYKtcNZutiXScJU_Aw&oe=6A2C11BE,italianact,https://www.instagram.com/italianact,Stracchino Valbontà #prodottomisteriosopenny #accettoregolamento #holettoprivacypolicy,0,0,2026-05-27T07:17:22.000Z,17865721548561128,11774371184,2026-06-08T05:03:34.497Z,https://www.instagram.com/p/DYwzWgzjEDa
https://scontent-ams2-1.cdninstagram.com/v/t51.2885-19/290674577_3156917791234332_6521590025620832603_n.jpg?stp=dst-jpg_s150x150_tt6&_nc_cat=101&ccb=7-5&_nc_sid=f7ccc5&efg=eyJ2ZW5jb2RlX3RhZyI6InByb2ZpbGVfcGljLnd3dy4xMDgwLkMzIn0%3D&_nc_ohc=8lIR-ocgOn4Q7kNvwG_7g7u&_nc_oc=AdoPESyxe5pXur9sKr7sTb4y9E8vaFbfXetEfPL5z9z9NBN-4MBudTNE80aUXCDlROw&_nc_zt=24&_nc_ht=scontent-ams2-1.cdninstagram.com&_nc_ss=7b6a8&oh=00_Af8cK0PVYcgHHuoRCm02OTv96C5RMe940gb4ZzKCpPsx0g&oe=6A2C0B7F,_italiamore__,https://www.instagram.com/_italiamore__,Stracchino Valbontà #prodottomisteriosopenny #accettoregolamento #holettoprivacypolicy,0,0,2026-05-27T07:17:36.000Z,17940048420217347,7417067724,2026-06-08T05:03:34.498Z,https://www.instagram.com/p/DYwzWgzjEDa
https://scontent-ams2-1.cdninstagram.com/v/t51.82787-19/597867414_18248203906294843_6015599593458964828_n.jpg?stp=dst-jpg_s150x150_tt6&_nc_cat=110&ccb=7-5&_nc_sid=f7ccc5&efg=eyJ2ZW5jb2RlX3RhZyI6InByb2ZpbGVfcGljLnd3dy4xMDgwLkMzIn0%3D&_nc_ohc=7D2sZxP3aRoQ7kNvwFU60Yr&_nc_oc=AdpiSyTmcEfcq5YdtT-7lzqVg7OXKtBUyxxRUh8Z1bAa2fJCKDzbz1e5Ql5KZVJMVWM&_nc_zt=24&_nc_ht=scontent-ams2-1.cdninstagram.com&_nc_gid=D4gZLMkyigUgYC1_Y0_cyA&_nc_ss=7b6a8&oh=00_Af9XnnFOgWupFBKnHTvBU51WoMaSjKnOCA1V8lD9dP320A&oe=6A2C199E,lucyamoremio,https://www.instagram.com/lucyamoremio,Stracchino Valbonta' #prodottomisteriosopenny #accettoregolamento #holettoprivacypolicy,0,0,2026-05-31T17:55:41.000Z,18000354728763585,8773094842,2026-06-08T05:03:34.498Z,https://www.instagram.com/p/DYwzWgzjEDa
https://scontent-ams2-1.cdninstagram.com/v/t51.2885-19/119064065_211900500269761_4706098055653243018_n.jpg?stp=dst-jpg_s150x150_tt6&_nc_cat=100&ccb=7-5&_nc_sid=f7ccc5&efg=eyJ2ZW5jb2RlX3RhZyI6InByb2ZpbGVfcGljLnd3dy4xMDgwLkMzIn0%3D&_nc_ohc=fFrtUElLg_wQ7kNvwEnZWij&_nc_oc=AdqQTl4-JaiR-CqG9j8C8t2MQr_LXKGTTEfkgOnfM0fKydsER0FyXbCudV1THmc-5dA&_nc_zt=24&_nc_ht=scontent-ams2-1.cdninstagram.com&_nc_ss=7b6a8&oh=00_Af8eydpw46uxlQw3Dp58OVBejPqJh8Mk1el5pzY7ngGKEA&oe=6A2C17EC,laro241,https://www.instagram.com/laro241,Stracchino #prodottomisteriosopenny #accettoregolamento #holettoprivacypolicy,0,0,2026-05-25T13:33:01.000Z,18001828616930254,10821718208,2026-06-08T05:03:34.498Z,https://www.instagram.com/p/DYwzWgzjEDa
https://scontent-ams2-1.cdninstagram.com/v/t51.2885-19/451791138_760842385999608_5267496585150440091_n.jpg?stp=dst-jpg_s150x150_tt6&_nc_cat=103&ccb=7-5&_nc_sid=f7ccc5&efg=eyJ2ZW5jb2RlX3RhZyI6InByb2ZpbGVfcGljLnd3dy4zMjAuQzMifQ%3D%3D&_nc_ohc=1rNh166DSA4Q7kNvwE0dFAp&_nc_oc=AdqFPTrDK5pbntk504RyDZvnoxzz6CMKGuA5_BziEE7iGdJFvtj9mcbv8XMOa-YuyFw&_nc_zt=24&_nc_ht=scontent-ams2-1.cdninstagram.com&_nc_ss=7b6a8&oh=00_Af-cT33TalaF_PlRFcsluoV1ZlZcyLrEPQAbX2upwGOE2w&oe=6A2C123D,magicworldmagic2,https://www.instagram.com/magicworldmagic2,Stracchino valbontá #prodottomisteriosopenny #holettoprivacypolicy #accettoregolamento p,0,0,2026-05-31T21:23:42.000Z,17999658008944880,13801098164,2026-06-08T05:03:34.498Z,https://www.instagram.com/p/DYwzWgzjEDa
https://scontent-ams2-1.cdninstagram.com/v/t51.2885-19/451791138_760842385999608_5267496585150440091_n.jpg?stp=dst-jpg_s150x150_tt6&_nc_cat=103&ccb=7-5&_nc_sid=f7ccc5&efg=eyJ2ZW5jb2RlX3RhZyI6InByb2ZpbGVfcGljLnd3dy4zMjAuQzMifQ%3D%3D&_nc_ohc=1rNh166DSA4Q7kNvwE0dFAp&_nc_oc=AdqFPTrDK5pbntk504RyDZvnoxzz6CMKGuA5_BziEE7iGdJFvtj9mcbv8XMOa-YuyFw&_nc_zt=24&_nc_ht=scontent-ams2-1.cdninstagram.com&_nc_ss=7b6a8&oh=00_Af-cT33TalaF_PlRFcsluoV1ZlZcyLrEPQAbX2upwGOE2w&oe=6A2C123D,magicworldmagic2,https://www.instagram.com/magicworldmagic2,Stracchino valbontá #prodottomisteriosopenny #holettoprivacypolicy #accettoregolamento p,0,0,2026-05-31T18:24:47.000Z,18014218526895178,13801098164,2026-06-08T05:03:34.498Z,https://www.instagram.com/p/DYwzWgzjEDa
https://scontent-ams2-1.cdninstagram.com/v/t51.2885-19/273051424_727560328128071_7038369014505679798_n.jpg?stp=dst-jpg_s150x150_tt6&_nc_cat=108&ccb=7-5&_nc_sid=f7ccc5&efg=eyJ2ZW5jb2RlX3RhZyI6InByb2ZpbGVfcGljLnd3dy4xMDgwLkMzIn0%3D&_nc_ohc=6YPQwJ2pFzwQ7kNvwFFzX0X&_nc_oc=AdpAvsMwwe3Zo2IULvDV3OQ3hjDf4_Lt5ure_HbyGoMR9S8MEOQiuHby1HtEbRRIOlI&_nc_zt=24&_nc_ht=scontent-ams2-1.cdninstagram.com&_nc_ss=7b6a8&oh=00_Af8kb3DWaXY-B4Cw9p4AYJmGQsZWkjuTMLgOzKKIDtaMSA&oe=6A2C20BD,marinello.paolo.71,https://www.instagram.com/marinello.paolo.71,Stracchino ValBonta' #prodottomisteriosopenny #accettoregolamento #holettoprivacypolicy,0,0,2026-05-27T18:48:40.000Z,18341758045173870,7288553088,2026-06-08T05:03:34.498Z,https://www.instagram.com/p/DYwzWgzjEDa
https://scontent-ams2-1.cdninstagram.com/v/t51.82787-19/670458772_18405541822176226_3160726552654115309_n.jpg?stp=dst-jpg_s150x150_tt6&_nc_cat=100&ccb=7-5&_nc_sid=f7ccc5&efg=eyJ2ZW5jb2RlX3RhZyI6InByb2ZpbGVfcGljLnd3dy4xMDgwLkMzIn0%3D&_nc_ohc=q9puSN99xGwQ7kNvwHeSc03&_nc_oc=AdpbCsNGZaHiBCy_V3zY5VLaRlt7vXNW_Bi6rvNNg1JrDDl6Kw6AIRayIuwjPKP-5H0&_nc_zt=24&_nc_ht=scontent-ams2-1.cdninstagram.com&_nc_gid=D4gZLMkyigUgYC1_Y0_cyA&_nc_ss=7b6a8&oh=00_Af9vRut98WndKl3EHWCrBFWz4ic9NmI48i-2sdE4zpPd7Q&oe=6A2C31E2,annalisafiasconaro,https://www.instagram.com/annalisafiasconaro,Crescenza #prodottomisteriosopenny#accettoregolamento#holettoprivacypolicy,0,0,2026-05-26T15:23:39.000Z,18584207614000643,5390016225,2026-06-08T05:03:34.498Z,https://www.instagram.com/p/DYwzWgzjEDa
https://scontent-ams2-1.cdninstagram.com/v/t51.2885-19/422216005_939552731112575_254885854481512465_n.jpg?stp=dst-jpg_s150x150_tt6&_nc_cat=107&ccb=7-5&_nc_sid=f7ccc5&efg=eyJ2ZW5jb2RlX3RhZyI6InByb2ZpbGVfcGljLnd3dy45NTcuQzMifQ%3D%3D&_nc_ohc=CQR4zOz6Ap8Q7kNvwHvPvNJ&_nc_oc=AdqUx5ICxa3x_1h0efH54FBbAfDlTMMH4kfqdL5yU95akpalj4gnNXDwo21zU_iJ3n0&_nc_zt=24&_nc_ht=scontent-ams2-1.cdninstagram.com&_nc_ss=7b6a8&oh=00_Af8GJD6m_cr6Iu6NZkPyAW13b9SKxhZ1D9AFh8ucI4xg4A&oe=6A2C2D3D,mauroroberto.dezan,https://www.instagram.com/mauroroberto.dezan,"Ricotta Valbontà
#prodottomisteriosoPENNY
#accettoregolamento
#holettoprivacypolicy",0,0,2026-05-27T12:44:58.000Z,18044566718788224,1597507841,2026-06-08T05:03:34.498Z,https://www.instagram.com/p/DYwzWgzjEDa
https://scontent-ams2-1.cdninstagram.com/v/t51.2885-19/488794958_1390560008631953_1625581096215841837_n.jpg?stp=dst-jpg_s150x150_tt6&_nc_cat=103&ccb=7-5&_nc_sid=f7ccc5&efg=eyJ2ZW5jb2RlX3RhZyI6InByb2ZpbGVfcGljLnd3dy4xMDgwLkMzIn0%3D&_nc_ohc=BEXhPnjPqLUQ7kNvwFSfJhr&_nc_oc=AdrLc_tkSDG5E2Y3B7czOk6iOt9zqYcu3_kKlHVFdziE_n0jOZf9QLutmyr84Tj3QVU&_nc_zt=24&_nc_ht=scontent-ams2-1.cdninstagram.com&_nc_ss=7b6a8&oh=00_Af-iQt4J-sci40ZJClDRFgLA2gtSmO-NyPn9vrrmYZjEdQ&oe=6A2C0E6C,ireneairin82,https://www.instagram.com/ireneairin82,Stracchino ValBonta #prodottomisteriosopenny #accettoregolamento #holettoprivacypolicy,0,0,2026-05-27T08:56:48.000Z,18593143087037091,298552609,2026-06-08T05:03:34.498Z,https://www.instagram.com/p/DYwzWgzjEDa
https://scontent-ams2-1.cdninstagram.com/v/t51.2885-19/123248050_3478592832196418_5418812606165143143_n.jpg?stp=dst-jpg_s150x150_tt6&_nc_cat=100&ccb=7-5&_nc_sid=f7ccc5&efg=eyJ2ZW5jb2RlX3RhZyI6InByb2ZpbGVfcGljLnd3dy4xMDgwLkMzIn0%3D&_nc_ohc=r3170rAYVr8Q7kNvwGwPsff&_nc_oc=AdrQYvqgo4XMoviPulAKxfqEtggmpNMCBin3CqD_qyrr05FXCccH4gTHuWqeTTYUYfg&_nc_zt=24&_nc_ht=scontent-ams2-1.cdninstagram.com&_nc_ss=7b6a8&oh=00_Af8h2x_Lgjvycw_ez8J_H9Agy7BYDkbRV9cHGLM3hbCgYA&oe=6A2C22C3,rosannaacciaretti,https://www.instagram.com/rosannaacciaretti,Stracchino #prodottomisteriosopenny #accettoregolamento holettoprivacypolicy,0,0,2026-05-26T18:37:12.000Z,18323341003280610,3152895827,2026-06-08T05:03:34.498Z,https://www.instagram.com/p/DYwzWgzjEDa
https://scontent-ams2-1.cdninstagram.com/v/t51.2885-19/240580233_868626647091406_9114875350036912872_n.jpg?stp=dst-jpg_s150x150_tt6&_nc_cat=103&ccb=7-5&_nc_sid=f7ccc5&efg=eyJ2ZW5jb2RlX3RhZyI6InByb2ZpbGVfcGljLnd3dy4xMDgwLkMzIn0%3D&_nc_ohc=TIpe6D8-vW4Q7kNvwE5QiAk&_nc_oc=AdqtEw3ZrR-uvt2zqkzeaQJgj-cbMtHUmejUudnxk5RDWzR6kYmCALEQJFEY8HCsQmU&_nc_zt=24&_nc_ht=scontent-ams2-1.cdninstagram.com&_nc_ss=7b6a8&oh=00_Af-rzMOzJKkBxKjzhRgp0N7QZEJB2vv5TRMLsk420QariQ&oe=6A2C27A5,francesca.gallo9782017,https://www.instagram.com/francesca.gallo9782017,#prodottomisteriosopenny#accettoregolamento#holettoprivacypolicy,0,0,2026-05-25T14:04:57.000Z,18014306813700507,5756196169,2026-06-08T05:03:34.498Z,https://www.instagram.com/p/DYwzWgzjEDa
https://scontent-ams2-1.cdninstagram.com/v/t51.82787-19/649139500_17881269615470071_402288171835756904_n.jpg?stp=dst-jpg_s150x150_tt6&_nc_cat=110&ccb=7-5&_nc_sid=f7ccc5&efg=eyJ2ZW5jb2RlX3RhZyI6InByb2ZpbGVfcGljLnd3dy4zMjAuQzMifQ%3D%3D&_nc_ohc=Dhj3VlppYa8Q7kNvwEsOBsw&_nc_oc=AdoYqv-RlVxe1KMDHox9lw-YmmrqRFhphr7s-U6WXuL40TsDvWecFcbggacY_Uuh0AE&_nc_zt=24&_nc_ht=scontent-ams2-1.cdninstagram.com&_nc_gid=D4gZLMkyigUgYC1_Y0_cyA&_nc_ss=7b6a8&oh=00_Af_j2J9BHhTDuWItsPIzwKx-ZPR6mkjlUQyevYWM0-Z-AA&oe=6A2C0431,dani_unused,https://www.instagram.com/dani_unused,"Stracchino Valbontà
#prodottomisteriosoPenny
#accettoregolamento
#holettoprivacypolicy",0,0,2026-05-26T09:57:38.000Z,17994491327953637,74072942070,2026-06-08T05:03:34.498Z,https://www.instagram.com/p/DYwzWgzjEDa
https://scontent-ams2-1.cdninstagram.com/v/t51.2885-19/461341753_1413753120029258_4563131110305823252_n.jpg?stp=dst-jpg_s150x150_tt6&_nc_cat=110&ccb=7-5&_nc_sid=f7ccc5&efg=eyJ2ZW5jb2RlX3RhZyI6InByb2ZpbGVfcGljLnd3dy44NjEuQzMifQ%3D%3D&_nc_ohc=eNI-7nvwFQ4Q7kNvwF_02LB&_nc_oc=Adp8xywvapC-iSCwCUfsLWJZyqbQKr1nTtc4EwKUdVUFx957UuI6aKz2yYDJxO-gEKE&_nc_zt=24&_nc_ht=scontent-ams2-1.cdninstagram.com&_nc_ss=7b6a8&oh=00_Af8TxXHy3Ha1C5bIyyBJB2uyKdfw9qxj6Grj7wil4bE3tg&oe=6A2C2433,leoechicca2018,https://www.instagram.com/leoechicca2018,Stracchino valbontá #prodottomisteriosopenny #holettoprivacypolicy #accettoregolamento,0,0,2026-05-31T17:51:49.000Z,18153245470475318,68852719260,2026-06-08T05:03:45.965Z,https://www.instagram.com/p/DYwzWgzjEDa
https://scontent-ams2-1.cdninstagram.com/v/t51.82787-19/520222202_17847403218525402_5544360526934101871_n.jpg?stp=dst-jpg_s150x150_tt6&_nc_cat=108&ccb=7-5&_nc_sid=f7ccc5&efg=eyJ2ZW5jb2RlX3RhZyI6InByb2ZpbGVfcGljLnd3dy4xMDgwLkMzIn0%3D&_nc_ohc=R5EC1eg_sf0Q7kNvwGLDBkt&_nc_oc=AdoQTaCaUuQfPclRyq5l9Ynvry0wdgpw1gIbNuye4Q53vQhmEAbCXP1bH-IPcJlBUlU&_nc_zt=24&_nc_ht=scontent-ams2-1.cdninstagram.com&_nc_gid=vRXbuF29vUEgCOosvgfmdQ&_nc_ss=7b6a8&oh=00_Af-Udk8BIzVB0laPTtCgKM_KOZMrZzfWiIDZ9Kt-nDKJ-A&oe=6A2C2236,lultimachiamata,https://www.instagram.com/lultimachiamata,Stracchino valbontá #prodottomisteriosopenny #holettoprivacypolicy #accettoregolamento,0,0,2026-05-31T17:52:42.000Z,18022268204664667,75719549401,2026-06-08T05:03:45.965Z,https://www.instagram.com/p/DYwzWgzjEDa
https://scontent-ams2-1.cdninstagram.com/v/t51.82787-19/671162582_18096616924877935_3335778562804505410_n.jpg?stp=dst-jpg_s150x150_tt6&_nc_cat=106&ccb=7-5&_nc_sid=f7ccc5&efg=eyJ2ZW5jb2RlX3RhZyI6InByb2ZpbGVfcGljLnd3dy44MTAuQzMifQ%3D%3D&_nc_ohc=4D44UCK_RggQ7kNvwHgshV4&_nc_oc=AdpQa6ZUy3HIoyLGb63Lvb1rPOePnghJPu623Px9mv-BQlFwaZ5NNQ_2oZlAT9g3yIg&_nc_zt=24&_nc_ht=scontent-ams2-1.cdninstagram.com&_nc_gid=vRXbuF29vUEgCOosvgfmdQ&_nc_ss=7b6a8&oh=00_Af-8H7XmzyZKBtj9xNGJtckX49QXlLHnP8CkRoAstM40sg&oe=6A2C0C89,ilsognodidanyyt,https://www.instagram.com/ilsognodidanyyt,Stracchino valbontá #prodottomisteriosopenny #holettoprivacypolicy #accettoregolamento,0,0,2026-05-31T17:54:49.000Z,17892361512494435,26201965934,2026-06-08T05:03:45.965Z,https://www.instagram.com/p/DYwzWgzjEDa
https://scontent-ams2-1.cdninstagram.com/v/t51.2885-19/472459654_604333628913541_5766633150830775550_n.jpg?stp=dst-jpg_s150x150_tt6&_nc_cat=109&ccb=7-5&_nc_sid=f7ccc5&efg=eyJ2ZW5jb2RlX3RhZyI6InByb2ZpbGVfcGljLnd3dy4zMjAuQzMifQ%3D%3D&_nc_ohc=MFCqnTMqbkAQ7kNvwHj-FGm&_nc_oc=Adrwm10fQcrA59KBbEWDPcZ82bgOUatxw-itqZdWiq9lnL4G90B2A07prO19G0WS_9Y&_nc_zt=24&_nc_ht=scontent-ams2-1.cdninstagram.com&_nc_ss=7b6a8&oh=00_Af_yrK7do2LfxJOfuzeGoyrcTqtxTUPudLslqr5fOFyReg&oe=6A2C219A,fabriziozen67,https://www.instagram.com/fabriziozen67,Stracchino valbontá #prodottomisteriosopenny #holettoprivacypolicy #accettoregolamento,0,0,2026-05-31T17:54:07.000Z,17868309402621293,71818771745,2026-06-08T05:03:45.965Z,https://www.instagram.com/p/DYwzWgzjEDa
https://scontent-ams2-1.cdninstagram.com/v/t51.82787-19/646008131_18040930499555157_751475235441239195_n.jpg?stp=dst-jpg_s150x150_tt6&_nc_cat=110&ccb=7-5&_nc_sid=f7ccc5&efg=eyJ2ZW5jb2RlX3RhZyI6InByb2ZpbGVfcGljLnd3dy4xMDgwLkMzIn0%3D&_nc_ohc=fz3B2C3efvQQ7kNvwG8ixQX&_nc_oc=AdoIf4fhtQOvg0FwXtuJpY_RffHR9iIDqbjBiZH-jvguDbWjVddCs3ygffq16YaOgiM&_nc_zt=24&_nc_ht=scontent-ams2-1.cdninstagram.com&_nc_gid=vRXbuF29vUEgCOosvgfmdQ&_nc_ss=7b6a8&oh=00_Af9SeFhWEniu7D28Q53OsIJsxhlSQCFTiuD7AtBF4QEdag&oe=6A2C08EF,iguana.4415330,https://www.instagram.com/iguana.4415330,Stracchino valbontá #prodottomisteriosopenny #holettoprivacypolicy #accettoregolamento,0,0,2026-05-31T17:53:26.000Z,18584080813059711,46732275156,2026-06-08T05:03:45.965Z,https://www.instagram.com/p/DYwzWgzjEDa
https://scontent-ams2-1.cdninstagram.com/v/t51.2885-19/451791138_760842385999608_5267496585150440091_n.jpg?stp=dst-jpg_s150x150_tt6&_nc_cat=103&ccb=7-5&_nc_sid=f7ccc5&efg=eyJ2ZW5jb2RlX3RhZyI6InByb2ZpbGVfcGljLnd3dy4zMjAuQzMifQ%3D%3D&_nc_ohc=1rNh166DSA4Q7kNvwE0dFAp&_nc_oc=AdqFPTrDK5pbntk504RyDZvnoxzz6CMKGuA5_BziEE7iGdJFvtj9mcbv8XMOa-YuyFw&_nc_zt=24&_nc_ht=scontent-ams2-1.cdninstagram.com&_nc_ss=7b6a8&oh=00_Af-cT33TalaF_PlRFcsluoV1ZlZcyLrEPQAbX2upwGOE2w&oe=6A2C123D,magicworldmagic2,https://www.instagram.com/magicworldmagic2,Stracchino valbontá #prodottomisteriosopenny #holettoprivacypolicy #accettoregolamento,0,0,2026-05-31T21:23:44.000Z,18409863067199580,13801098164,2026-06-08T05:03:45.965Z,https://www.instagram.com/p/DYwzWgzjEDa
https://scontent-ams2-1.cdninstagram.com/v/t51.2885-19/451791138_760842385999608_5267496585150440091_n.jpg?stp=dst-jpg_s150x150_tt6&_nc_cat=103&ccb=7-5&_nc_sid=f7ccc5&efg=eyJ2ZW5jb2RlX3RhZyI6InByb2ZpbGVfcGljLnd3dy4zMjAuQzMifQ%3D%3D&_nc_ohc=1rNh166DSA4Q7kNvwE0dFAp&_nc_oc=AdqFPTrDK5pbntk504RyDZvnoxzz6CMKGuA5_BziEE7iGdJFvtj9mcbv8XMOa-YuyFw&_nc_zt=24&_nc_ht=scontent-ams2-1.cdninstagram.com&_nc_ss=7b6a8&oh=00_Af-cT33TalaF_PlRFcsluoV1ZlZcyLrEPQAbX2upwGOE2w&oe=6A2C123D,magicworldmagic2,https://www.instagram.com/magicworldmagic2,Stracchino valbontá #prodottomisteriosopenny #holettoprivacypolicy #accettoregolamento,0,0,2026-05-31T21:23:43.000Z,17879147889664147,13801098164,2026-06-08T05:03:45.965Z,https://www.instagram.com/p/DYwzWgzjEDa
https://scontent-ams2-1.cdninstagram.com/v/t51.2885-19/451791138_760842385999608_5267496585150440091_n.jpg?stp=dst-jpg_s150x150_tt6&_nc_cat=103&ccb=7-5&_nc_sid=f7ccc5&efg=eyJ2ZW5jb2RlX3RhZyI6InByb2ZpbGVfcGljLnd3dy4zMjAuQzMifQ%3D%3D&_nc_ohc=1rNh166DSA4Q7kNvwE0dFAp&_nc_oc=AdqFPTrDK5pbntk504RyDZvnoxzz6CMKGuA5_BziEE7iGdJFvtj9mcbv8XMOa-YuyFw&_nc_zt=24&_nc_ht=scontent-ams2-1.cdninstagram.com&_nc_ss=7b6a8&oh=00_Af-cT33TalaF_PlRFcsluoV1ZlZcyLrEPQAbX2upwGOE2w&oe=6A2C123D,magicworldmagic2,https://www.instagram.com/magicworldmagic2,Stracchino valbontá #prodottomisteriosopenny #holettoprivacypolicy #accettoregolamento,0,0,2026-05-31T18:24:45.000Z,18122798137654131,13801098164,2026-06-08T05:03:45.965Z,https://www.instagram.com/p/DYwzWgzjEDa
https://scontent-ams2-1.cdninstagram.com/v/t51.2885-19/451791138_760842385999608_5267496585150440091_n.jpg?stp=dst-jpg_s150x150_tt6&_nc_cat=103&ccb=7-5&_nc_sid=f7ccc5&efg=eyJ2ZW5jb2RlX3RhZyI6InByb2ZpbGVfcGljLnd3dy4zMjAuQzMifQ%3D%3D&_nc_ohc=1rNh166DSA4Q7kNvwE0dFAp&_nc_oc=AdqFPTrDK5pbntk504RyDZvnoxzz6CMKGuA5_BziEE7iGdJFvtj9mcbv8XMOa-YuyFw&_nc_zt=24&_nc_ht=scontent-ams2-1.cdninstagram.com&_nc_ss=7b6a8&oh=00_Af-cT33TalaF_PlRFcsluoV1ZlZcyLrEPQAbX2upwGOE2w&oe=6A2C123D,magicworldmagic2,https://www.instagram.com/magicworldmagic2,Stracchino valbontá #prodottomisteriosopenny #holettoprivacypolicy #accettoregolamento,0,0,2026-05-31T18:24:45.000Z,17965099056096318,13801098164,2026-06-08T05:03:45.965Z,https://www.instagram.com/p/DYwzWgzjEDa
https://scontent-ams2-1.cdninstagram.com/v/t51.2885-19/451791138_760842385999608_5267496585150440091_n.jpg?stp=dst-jpg_s150x150_tt6&_nc_cat=103&ccb=7-5&_nc_sid=f7ccc5&efg=eyJ2ZW5jb2RlX3RhZyI6InByb2ZpbGVfcGljLnd3dy4zMjAuQzMifQ%3D%3D&_nc_ohc=1rNh166DSA4Q7kNvwE0dFAp&_nc_oc=AdqFPTrDK5pbntk504RyDZvnoxzz6CMKGuA5_BziEE7iGdJFvtj9mcbv8XMOa-YuyFw&_nc_zt=24&_nc_ht=scontent-ams2-1.cdninstagram.com&_nc_ss=7b6a8&oh=00_Af-cT33TalaF_PlRFcsluoV1ZlZcyLrEPQAbX2upwGOE2w&oe=6A2C123D,magicworldmagic2,https://www.instagram.com/magicworldmagic2,Stracchino valbontá #prodottomisteriosopenny #holettoprivacypolicy #accettoregolamento,0,0,2026-05-31T18:24:43.000Z,18082703060452783,13801098164,2026-06-08T05:03:45.965Z,https://www.instagram.com/p/DYwzWgzjEDa
https://scontent-ams2-1.cdninstagram.com/v/t51.82787-19/581125071_17977664585947707_4660469663979637899_n.jpg?stp=dst-jpg_s150x150_tt6&_nc_cat=104&ccb=7-5&_nc_sid=f7ccc5&efg=eyJ2ZW5jb2RlX3RhZyI6InByb2ZpbGVfcGljLnd3dy4xMDgwLkMzIn0%3D&_nc_ohc=lDP3I1Hn2W8Q7kNvwH93sQN&_nc_oc=AdpwKQuigHvW7DEv8w35shlIP-FVl_7cLt-5vpRuthZmqB-tTJNtB5E2b5_ev7Gl4-Q&_nc_zt=24&_nc_ht=scontent-ams2-1.cdninstagram.com&_nc_gid=vRXbuF29vUEgCOosvgfmdQ&_nc_ss=7b6a8&oh=00_Af_sHxW7Rw7ZgF4tNsTEZNCnj-Fw3lzOAKWRS4VGxzEsVQ&oe=6A2C2A01,tizianasantoro8,https://www.instagram.com/tizianasantoro8,Ricotta Valbontà #prodottomisteriosoPenny #accettoregolamento #holettoprivacypolicy,0,0,2026-05-25T16:52:17.000Z,18138075886550403,58357251706,2026-06-08T05:03:45.965Z,https://www.instagram.com/p/DYwzWgzjEDa
https://scontent-ams2-1.cdninstagram.com/v/t51.89012-19/573323465_1219825463302212_7278921664109726296_n.jpg?stp=dst-jpg_s150x150_tt6&_nc_cat=1&ccb=7-5&_nc_sid=f7ccc5&efg=eyJ2ZW5jb2RlX3RhZyI6InByb2ZpbGVfcGljLnd3dy5DMyJ9&_nc_ohc=YQQEIw1CjK0Q7kNvwGGNPon&_nc_oc=Adp7JMSj7AOEo1lF5QYw3Jy1M1xQO7rN0cMzWMAfIgmY47pgvLcGGpfiNyLdn_i3N0A&_nc_zt=24&_nc_ht=scontent-ams2-1.cdninstagram.com&_nc_gid=vRXbuF29vUEgCOosvgfmdQ&_nc_ss=7b6a8&oh=00_Af-dcJKdxAOA9KNwSaXxP5vPQvYjmbYSpfFCzaJKdlq7DQ&oe=6A2C3BE2,nellydtt,https://www.instagram.com/nellydtt,Robiola #prodottomisteriosopenny #accettoregolamento #holettoprivacypolicy,0,0,2026-05-25T20:43:28.000Z,17875633404478623,19572107533,2026-06-08T05:03:45.965Z,https://www.instagram.com/p/DYwzWgzjEDa
https://scontent-ams2-1.cdninstagram.com/v/t51.2885-19/270350224_185107620467390_8394060571086221698_n.jpg?stp=dst-jpg_s150x150_tt6&_nc_cat=100&ccb=7-5&_nc_sid=f7ccc5&efg=eyJ2ZW5jb2RlX3RhZyI6InByb2ZpbGVfcGljLnd3dy4xMDgwLkMzIn0%3D&_nc_ohc=6zUhJuox85sQ7kNvwG8QeZ5&_nc_oc=AdrBP55veDFFI00iN-qpt-vFzeKSujCd-fgCx_ookmFeFtuoW9xpQ-Sc2Fl5DeXzP_E&_nc_zt=24&_nc_ht=scontent-ams2-1.cdninstagram.com&_nc_ss=7b6a8&oh=00_Af9d-aeQh9WoHMgsE32DrbMnpPZZmpzzxK7y3PONSRJahQ&oe=6A2C1414,karimaamyr,https://www.instagram.com/karimaamyr,Stracchino valbontà.  #prodottomisteriosopenny  #accettoregolamento  #holettoprivacypolicy,0,0,2026-05-30T11:43:05.000Z,18156402805472570,959801914,2026-06-08T05:03:45.965Z,https://www.instagram.com/p/DYwzWgzjEDa
https://scontent-ams2-1.cdninstagram.com/v/t51.2885-19/194360594_130985575689019_2827264012072379092_n.jpg?stp=dst-jpg_s150x150_tt6&_nc_cat=109&ccb=7-5&_nc_sid=f7ccc5&efg=eyJ2ZW5jb2RlX3RhZyI6InByb2ZpbGVfcGljLnd3dy45MzMuQzMifQ%3D%3D&_nc_ohc=2EWXOa6FFIwQ7kNvwH03Phy&_nc_oc=Adr0pBGomtUh9PEssCigah5soDlWVUKkUZtSRL8ERcZfodw0skTNQFi40MZ624RUQdk&_nc_zt=24&_nc_ht=scontent-ams2-1.cdninstagram.com&_nc_ss=7b6a8&oh=00_Af-xLUXVYalrS1q8ZwRDFgCInyf2iapIjJruoaZ7tc0UVg&oe=6A2C2792,claudia.manavella,https://www.instagram.com/claudia.manavella,Stracchino.#prodottomisteriosopenny #accettoregolamento #holettoprivacypolicy,0,0,2026-05-27T18:54:33.000Z,18064012508442882,1436171723,2026-06-08T05:03:45.965Z,https://www.instagram.com/p/DYwzWgzjEDa
https://scontent-ams2-1.cdninstagram.com/v/t51.2885-19/16907011_1566840580011451_681338394768310272_a.jpg?stp=dst-jpg_s150x150_tt6&_nc_cat=103&ccb=7-5&_nc_sid=f7ccc5&efg=eyJ2ZW5jb2RlX3RhZyI6InByb2ZpbGVfcGljLnd3dy4yMDAuQzMifQ%3D%3D&_nc_ohc=z4rdf_VSbMwQ7kNvwEpGzNB&_nc_oc=AdrvSewx_iohhS5Vi353xhmfea6gky3kzJeTl_hAEiJWNy9z6IYt_o00dy7YlNBDYgw&_nc_zt=24&_nc_ht=scontent-ams2-1.cdninstagram.com&_nc_ss=7b6a8&oh=00_Af-HfjZV4uIqdW5-Fymek5SD-UM1bQh27iVLld18KlNddA&oe=6A2C0E6B,iannetta.maria,https://www.instagram.com/iannetta.maria,stracchino di capra ValBonta’  #prodottomisteriosopenny #accettoregolamento  #holettoprivacypolicy,0,0,2026-05-25T23:31:59.000Z,18315071893279338,4743323003,2026-06-08T05:03:45.965Z,https://www.instagram.com/p/DYwzWgzjEDa
https://scontent-ams2-1.cdninstagram.com/v/t51.82787-19/649234675_18561665617001914_6382655997801193146_n.jpg?stp=dst-jpg_s150x150_tt6&_nc_cat=106&ccb=7-5&_nc_sid=f7ccc5&efg=eyJ2ZW5jb2RlX3RhZyI6InByb2ZpbGVfcGljLnd3dy4xMDgwLkMzIn0%3D&_nc_ohc=YWudqQ57IWMQ7kNvwGV2TUX&_nc_oc=AdqgadCdUhc6-vfJOdFe7rKNo1PUhoFgasW5Hl4_RkdkbuQ-SFivascO8otkzGbqvFc&_nc_zt=24&_nc_ht=scontent-ams2-1.cdninstagram.com&_nc_gid=nZnyml4CMGDZAbRzUvPa1Q&_nc_ss=7b6a8&oh=00_Af89XvyqPOD2dxWPmBZz4FsfdxBBjQub-uV87tc3IObnoA&oe=6A2C03F4,elisacolaci,https://www.instagram.com/elisacolaci,#prodottomisteriosopenny#accettoregolamento#holettoprivacypolicy stracchino,0,0,2026-05-25T19:47:30.000Z,18122742082644891,54145913,2026-06-08T05:03:58.437Z,https://www.instagram.com/p/DYwzWgzjEDa
https://scontent-ams2-1.cdninstagram.com/v/t51.2885-19/241400379_378668830365382_3188475653163409779_n.jpg?stp=dst-jpg_s150x150_tt6&_nc_cat=106&ccb=7-5&_nc_sid=f7ccc5&efg=eyJ2ZW5jb2RlX3RhZyI6InByb2ZpbGVfcGljLnd3dy4zODYuQzMifQ%3D%3D&_nc_ohc=YvslaEPE9SgQ7kNvwElYc9l&_nc_oc=AdojNz8n7faCruMp3RBqc4_DR-oc_sogakVssDVDwywXp9GyP4rmhh4D4MlJYf_tYes&_nc_zt=24&_nc_ht=scontent-ams2-1.cdninstagram.com&_nc_ss=7b6a8&oh=00_Af-iABi0GNcz1oNozLxhuImIpc5dVdcNRp7D-5MK9wa4Tw&oe=6A2C0516,santina.slb,https://www.instagram.com/santina.slb,Stracchino #prodottomisteriosoPenny #accettoregolamento #holettoprivacypolicy,0,0,2026-05-25T13:54:03.000Z,18095307934922170,5924374680,2026-06-08T05:03:58.437Z,https://www.instagram.com/p/DYwzWgzjEDa
https://scontent-ams2-1.cdninstagram.com/v/t51.2885-19/428592246_717796333799727_4060452246820919030_n.jpg?stp=dst-jpg_s150x150_tt6&_nc_cat=100&ccb=7-5&_nc_sid=f7ccc5&efg=eyJ2ZW5jb2RlX3RhZyI6InByb2ZpbGVfcGljLnd3dy43NjguQzMifQ%3D%3D&_nc_ohc=0p_psXWyep8Q7kNvwFgspoo&_nc_oc=AdoZwwN9U32UL_MwSX1qVVLB7gw601aX8_T0QbWWrsQqMhYQHKku7gsWcvPbeSKw2Z0&_nc_zt=24&_nc_ht=scontent-ams2-1.cdninstagram.com&_nc_ss=7b6a8&oh=00_Af8WhO-3CnMkDFpBRNzyoaetQVzRIOmvNHghV6BCZhPSeg&oe=6A2C39AB,__scarlatta_,https://www.instagram.com/__scarlatta_,Stracchino #prodottomistriosopenny #accettoregolamento #holettoprivacypolicy,0,0,2026-05-25T14:01:27.000Z,17929017912311846,242422947,2026-06-08T05:03:58.437Z,https://www.instagram.com/p/DYwzWgzjEDa
https://scontent-ams2-1.cdninstagram.com/v/t51.82787-19/609269932_18543979225017886_878017496624566198_n.jpg?stp=dst-jpg_s150x150_tt6&_nc_cat=100&ccb=7-5&_nc_sid=f7ccc5&efg=eyJ2ZW5jb2RlX3RhZyI6InByb2ZpbGVfcGljLnd3dy4xMDgwLkMzIn0%3D&_nc_ohc=vavCVoVAHhEQ7kNvwENVFJg&_nc_oc=AdrROFSB9AbN6oOUE4aPXecJiQWtGYY6y0ZxI1ifzAGMpf_DReBdzCkNH6-N8UuJumw&_nc_zt=24&_nc_ht=scontent-ams2-1.cdninstagram.com&_nc_gid=nZnyml4CMGDZAbRzUvPa1Q&_nc_ss=7b6a8&oh=00_Af-JheJQzT6r9a4iCOWOvH0zbsB507YL3uarJ8AwWd4gPA&oe=6A2C2D1B,rock_is_the_right_way,https://www.instagram.com/rock_is_the_right_way,Stracchino #prodottomisteriosopenny #accettoregolamento #holettoprivacypolicy,0,0,2026-05-25T13:06:33.000Z,18101287070286623,193489885,2026-06-08T05:03:58.437Z,https://www.instagram.com/p/DYwzWgzjEDa
https://scontent-ams2-1.cdninstagram.com/v/t51.2885-19/403205711_329920766431683_4570000765587402116_n.jpg?stp=dst-jpg_s150x150_tt6&_nc_cat=105&ccb=7-5&_nc_sid=f7ccc5&efg=eyJ2ZW5jb2RlX3RhZyI6InByb2ZpbGVfcGljLnd3dy43ODguQzMifQ%3D%3D&_nc_ohc=mptS3SlW7xAQ7kNvwFk_Lhs&_nc_oc=AdrqggbMj3LCQOwi6TRgd3KioSW97xXzPfsAZugFakxQoUvCdsWYyGFR4SPUCiPOwGI&_nc_zt=24&_nc_ht=scontent-ams2-1.cdninstagram.com&_nc_ss=7b6a8&oh=00_Af8CkT5j_AlFG2ymhBvQt59At0Yjl-fHTa9Ny_TxXPVMDA&oe=6A2C0A11,cascina_la_primavera,https://www.instagram.com/cascina_la_primavera,Spalmabile #prodottomisteriosopenny  #accettoregolamento #holettoprivacypolicy,0,0,2026-05-25T13:17:05.000Z,18080804822437692,1127441385,2026-06-08T05:03:58.437Z,https://www.instagram.com/p/DYwzWgzjEDa
https://scontent-ams2-1.cdninstagram.com/v/t51.2885-19/14549926_1363602003652592_7530490701243482112_a.jpg?stp=dst-jpg_s150x150_tt6&_nc_cat=103&ccb=7-5&_nc_sid=f7ccc5&efg=eyJ2ZW5jb2RlX3RhZyI6InByb2ZpbGVfcGljLnd3dy41MzMuQzMifQ%3D%3D&_nc_ohc=DzuN6ZygN4YQ7kNvwH76UGG&_nc_oc=Adq3OL9mY_0LNHsjAMW0yGkwknni4uyKnz5q19DRxEhys2F3lWFEnMfH0Vmz8ateIOA&_nc_zt=24&_nc_ht=scontent-ams2-1.cdninstagram.com&_nc_ss=7b6a8&oh=00_Af8o6pjpq8USWc8nSBilx8_97N_1gmMbzHLFKRFor8GJow&oe=6A2C05C6,napilut70,https://www.instagram.com/napilut70,Burro #prodottomisteriosopenny #accettoregolamento #holettoprivacypolicy,0,0,2026-05-25T13:13:57.000Z,17895026037467072,4105449295,2026-06-08T05:03:58.437Z,https://www.instagram.com/p/DYwzWgzjEDa
https://scontent-ams2-1.cdninstagram.com/v/t51.89012-19/573323465_1219825463302212_7278921664109726296_n.jpg?stp=dst-jpg_s150x150_tt6&_nc_cat=1&ccb=7-5&_nc_sid=f7ccc5&efg=eyJ2ZW5jb2RlX3RhZyI6InByb2ZpbGVfcGljLnd3dy5DMyJ9&_nc_ohc=YQQEIw1CjK0Q7kNvwGGNPon&_nc_oc=Adp7JMSj7AOEo1lF5QYw3Jy1M1xQO7rN0cMzWMAfIgmY47pgvLcGGpfiNyLdn_i3N0A&_nc_zt=24&_nc_ht=scontent-ams2-1.cdninstagram.com&_nc_gid=nZnyml4CMGDZAbRzUvPa1Q&_nc_ss=7b6a8&oh=00_Af9z4ZFzw5v1i1cr3CcLSFkdiHUvBK-v4WzVrYlEWMFJow&oe=6A2C3BE2,valerianoscanferla,https://www.instagram.com/valerianoscanferla,Stracchino valbonta’ #prodottomisteriosopenny #accettoregolamento #holettoprivacypolicy @valerianoscanferla,0,0,2026-05-26T20:08:07.000Z,18093739849950548,67903413164,2026-06-08T05:03:58.438Z,https://www.instagram.com/p/DYwzWgzjEDa
https://scontent-ams2-1.cdninstagram.com/v/t51.2885-19/305583626_2264629787039035_5303355604682450862_n.jpg?stp=dst-jpg_s150x150_tt6&_nc_cat=101&ccb=7-5&_nc_sid=f7ccc5&efg=eyJ2ZW5jb2RlX3RhZyI6InByb2ZpbGVfcGljLnd3dy43MjAuQzMifQ%3D%3D&_nc_ohc=ny4ELZcIrZ8Q7kNvwGZU_0Z&_nc_oc=AdoNCCZpx-cyWENI_4NWPne0R3EQniJIp8MXaa2j4T898_68eqL_xbGcet0Lgo5_H7U&_nc_zt=24&_nc_ht=scontent-ams2-1.cdninstagram.com&_nc_ss=7b6a8&oh=00_Af-0w-dD1wlxvrQpF3u1rqq5jc_h8G_yRaEDW3d_3opUmw&oe=6A2C082D,sannamery,https://www.instagram.com/sannamery,Stracchino#prodottomisteriosopenny#accettoilregolamento#holettoprivacypolicy,0,0,2026-05-26T13:28:15.000Z,18126725380721795,3083798683,2026-06-08T05:03:58.438Z,https://www.instagram.com/p/DYwzWgzjEDa
https://scontent-ams2-1.cdninstagram.com/v/t51.2885-19/271895252_355068053096405_7255364268741259508_n.jpg?stp=dst-jpg_s150x150_tt6&_nc_cat=111&ccb=7-5&_nc_sid=f7ccc5&efg=eyJ2ZW5jb2RlX3RhZyI6InByb2ZpbGVfcGljLnd3dy41ODMuQzMifQ%3D%3D&_nc_ohc=AgjZlwkdMTkQ7kNvwHyXkFK&_nc_oc=Adp7ESj16mHgnlGyRIM1DpQRJaPuEouOhCHkBA2mpzOlNFm5yAq71zhET_aW_l5ZH90&_nc_zt=24&_nc_ht=scontent-ams2-1.cdninstagram.com&_nc_ss=7b6a8&oh=00_Af8WVYMMjczyRHop6R_ViO8A6PXVgcHswHVzQXZzWxGwnA&oe=6A2C37E7,lauretta_57,https://www.instagram.com/lauretta_57,STRACCHINO #prodottomisteriosopenny #accettoregolamento #holettoprivacypolicy,0,0,2026-05-31T16:02:02.000Z,18122978914639738,2666699923,2026-06-08T05:03:58.438Z,https://www.instagram.com/p/DYwzWgzjEDa
https://scontent-ams2-1.cdninstagram.com/v/t51.89012-19/573323465_1219825463302212_7278921664109726296_n.jpg?stp=dst-jpg_s150x150_tt6&_nc_cat=1&ccb=7-5&_nc_sid=f7ccc5&efg=eyJ2ZW5jb2RlX3RhZyI6InByb2ZpbGVfcGljLnd3dy5DMyJ9&_nc_ohc=YQQEIw1CjK0Q7kNvwGGNPon&_nc_oc=Adp7JMSj7AOEo1lF5QYw3Jy1M1xQO7rN0cMzWMAfIgmY47pgvLcGGpfiNyLdn_i3N0A&_nc_zt=24&_nc_ht=scontent-ams2-1.cdninstagram.com&_nc_gid=nZnyml4CMGDZAbRzUvPa1Q&_nc_ss=7b6a8&oh=00_Af9z4ZFzw5v1i1cr3CcLSFkdiHUvBK-v4WzVrYlEWMFJow&oe=6A2C3BE2,teresannangela,https://www.instagram.com/teresannangela,Stracchino #il prodotto misterioso penny#accettoilregolamento#holettolaprivacypolicy,0,0,2026-05-25T14:57:01.000Z,17886262446552705,3656782309,2026-06-08T05:03:58.438Z,https://www.instagram.com/p/DYwzWgzjEDa
https://scontent-ams2-1.cdninstagram.com/v/t51.89012-19/573323465_1219825463302212_7278921664109726296_n.jpg?stp=dst-jpg_s150x150_tt6&_nc_cat=1&ccb=7-5&_nc_sid=f7ccc5&efg=eyJ2ZW5jb2RlX3RhZyI6InByb2ZpbGVfcGljLnd3dy5DMyJ9&_nc_ohc=YQQEIw1CjK0Q7kNvwGGNPon&_nc_oc=Adp7JMSj7AOEo1lF5QYw3Jy1M1xQO7rN0cMzWMAfIgmY47pgvLcGGpfiNyLdn_i3N0A&_nc_zt=24&_nc_ht=scontent-ams2-1.cdninstagram.com&_nc_gid=nZnyml4CMGDZAbRzUvPa1Q&_nc_ss=7b6a8&oh=00_Af9z4ZFzw5v1i1cr3CcLSFkdiHUvBK-v4WzVrYlEWMFJow&oe=6A2C3BE2,silvia.palazzolo,https://www.instagram.com/silvia.palazzolo,Stracchino. #prodottomisteriosopenny #accettoregolamento #holettoprivacypolicy,0,0,2026-05-25T20:31:25.000Z,17909906295404725,22217178073,2026-06-08T05:03:58.438Z,https://www.instagram.com/p/DYwzWgzjEDa
https://scontent-ams2-1.cdninstagram.com/v/t51.2885-19/344030513_256490503424764_4626823913767907670_n.jpg?stp=dst-jpg_s150x150_tt6&_nc_cat=100&ccb=7-5&_nc_sid=f7ccc5&efg=eyJ2ZW5jb2RlX3RhZyI6InByb2ZpbGVfcGljLnd3dy43NTAuQzMifQ%3D%3D&_nc_ohc=t_JV3Zy22UMQ7kNvwG94pju&_nc_oc=AdodR3Ca77sl54cDvC4jzpJ4rtDl87L_fazBR47jlemEa57HTO8J-ns2FI-P_w3WcFI&_nc_zt=24&_nc_ht=scontent-ams2-1.cdninstagram.com&_nc_ss=7b6a8&oh=00_Af-xhWd0a_mEq1Toe3WxBxqeZnQATWOUiZq8YaIVFK8Ftg&oe=6A2C08C1,fabydl84,https://www.instagram.com/fabydl84,Stracchino#prodottomisterioso #accettoilregolamento#holettoprivacypolicy,0,0,2026-05-25T20:52:46.000Z,17969701593054727,1957077197,2026-06-08T05:03:58.438Z,https://www.instagram.com/p/DYwzWgzjEDa
https://scontent-ams2-1.cdninstagram.com/v/t51.2885-19/16123039_1069601969836054_3949913119542738944_n.jpg?stp=dst-jpg_s150x150_tt6&_nc_cat=100&ccb=7-5&_nc_sid=f7ccc5&efg=eyJ2ZW5jb2RlX3RhZyI6InByb2ZpbGVfcGljLnd3dy43NzEuQzMifQ%3D%3D&_nc_ohc=JPVQbxJyHSkQ7kNvwEPpWzC&_nc_oc=AdqGyXEiTrVMp6gMERdmA-DmuZwrHOVp2fE7om5CrAduB3_IUCEWvOiBvIsC1MjId1Y&_nc_zt=24&_nc_ht=scontent-ams2-1.cdninstagram.com&_nc_ss=7b6a8&oh=00_Af8Oi0W_ybbczLL0tt5cQlNGw6UIlKnt4T6hnLEajuyLKA&oe=6A2C227C,giulia28353,https://www.instagram.com/giulia28353,Robiolina di capra,0,0,2026-05-27T15:58:38.000Z,18072009488325240,3712494899,2026-06-08T05:03:58.438Z,https://www.instagram.com/p/DYwzWgzjEDa
https://scontent-ams2-1.cdninstagram.com/v/t51.2885-19/73264269_2680037395352951_1776431506219073536_n.jpg?stp=dst-jpg_s150x150_tt6&_nc_cat=100&ccb=7-5&_nc_sid=f7ccc5&efg=eyJ2ZW5jb2RlX3RhZyI6InByb2ZpbGVfcGljLnd3dy4xMDgwLkMzIn0%3D&_nc_ohc=fomcz1A81xAQ7kNvwGjpXHO&_nc_oc=Adp7kw5Foyy9GHxoR4uK-2h5Do72ubwUOW6QyO6o6Udz2rMJDILlcJATMfkAaySYdJQ&_nc_zt=24&_nc_ht=scontent-ams2-1.cdninstagram.com&_nc_ss=7b6a8&oh=00_Af9SRjfNicCVEnU24EFnKEy9UStv4i3Gpk06SVKdkEjGhw&oe=6A2C1363,sweetcookitaly7,https://www.instagram.com/sweetcookitaly7,Stracchino di capra valbonta #prodottomisteriosopenny #accettoregolamento #holettoprivacypolicy,0,0,2026-05-28T09:48:07.000Z,18351905182210964,24360714459,2026-06-08T05:03:58.438Z,https://www.instagram.com/p/DYwzWgzjEDa
https://scontent-ams2-1.cdninstagram.com/v/t51.82787-19/554876756_18481887571073047_5890921603979502591_n.jpg?stp=dst-jpg_s150x150_tt6&_nc_cat=105&ccb=7-5&_nc_sid=f7ccc5&efg=eyJ2ZW5jb2RlX3RhZyI6InByb2ZpbGVfcGljLnd3dy44OTYuQzMifQ%3D%3D&_nc_ohc=BRr05Wh4jFoQ7kNvwEDqEvG&_nc_oc=AdpVUnZGqDLogku3Az-HKX-pM7lMV0NXN12yUrFem8oYZRPvBO6vZ92V69pBsxloq9U&_nc_zt=24&_nc_ht=scontent-ams2-1.cdninstagram.com&_nc_gid=nZnyml4CMGDZAbRzUvPa1Q&_nc_ss=7b6a8&oh=00_Af822PtNQ3-gY51uAbRX8l78EbiKVZWhpqn5pBZfge7zfg&oe=6A2C2011,paolamark66,https://www.instagram.com/paolamark66,Mozzarella #prodottomistriosopenny #accettoregolamento #holettoprivacypolicy,0,0,2026-05-26T11:25:50.000Z,18596368099009312,2206393046,2026-06-08T05:03:58.438Z,https://www.instagram.com/p/DYwzWgzjEDa
https://scontent-ams2-1.cdninstagram.com/v/t51.2885-19/310525221_6322258977789081_1596026275859199695_n.jpg?stp=dst-jpg_s150x150_tt6&_nc_cat=109&ccb=7-5&_nc_sid=f7ccc5&efg=eyJ2ZW5jb2RlX3RhZyI6InByb2ZpbGVfcGljLnd3dy45NDAuQzMifQ%3D%3D&_nc_ohc=014OyaBpFnIQ7kNvwHQYAT1&_nc_oc=Adrix_17ig_R-L7TEnYTncd9ydnBZLyOEThSLJLVqk14HNAL5ibQJZS1aq1iKzBXXbk&_nc_zt=24&_nc_ht=scontent-ams2-1.cdninstagram.com&_nc_ss=7b6a8&oh=00_Af_9Y_-4vAx1B7aqHN42TBuZiA5N51j0nZ8e7F2EG2TPZg&oe=6A2C14C3,zairatkd,https://www.instagram.com/zairatkd,Stracchino #prodottomisteriosopenny #accettoregolamento #holettoprivacypolicy,0,0,2026-05-25T13:05:41.000Z,18052489841730068,560320122,2026-06-08T05:04:13.544Z,https://www.instagram.com/p/DYwzWgzjEDa
https://scontent-ams2-1.cdninstagram.com/v/t51.2885-19/445170874_4453452551545498_2101655495351473649_n.jpg?stp=dst-jpg_s150x150_tt6&_nc_cat=103&ccb=7-5&_nc_sid=f7ccc5&efg=eyJ2ZW5jb2RlX3RhZyI6InByb2ZpbGVfcGljLnd3dy4xOTEuQzMifQ%3D%3D&_nc_ohc=C__WiutuD5AQ7kNvwGRytVS&_nc_oc=Ado8TGVAMfliHDH7bKydEDeFMTnMXEzy3R_gTJvN1SYgxP91-H2HcjyuGGTZ28-hEts&_nc_zt=24&_nc_ht=scontent-ams2-1.cdninstagram.com&_nc_ss=7b6a8&oh=00_Af9GLqOqAkCPKLZoyg0VzrYKMfqa2w484KZ-20QVv7TNsg&oe=6A2C111C,gabriella_venditti,https://www.instagram.com/gabriella_venditti,Burro,0,0,2026-05-29T23:35:28.000Z,18106904161844873,66437204749,2026-06-08T05:04:13.544Z,https://www.instagram.com/p/DYwzWgzjEDa
https://scontent-ams2-1.cdninstagram.com/v/t51.89012-19/573323465_1219825463302212_7278921664109726296_n.jpg?stp=dst-jpg_s150x150_tt6&_nc_cat=1&ccb=7-5&_nc_sid=f7ccc5&efg=eyJ2ZW5jb2RlX3RhZyI6InByb2ZpbGVfcGljLnd3dy5DMyJ9&_nc_ohc=YQQEIw1CjK0Q7kNvwGGNPon&_nc_oc=Adp7JMSj7AOEo1lF5QYw3Jy1M1xQO7rN0cMzWMAfIgmY47pgvLcGGpfiNyLdn_i3N0A&_nc_zt=24&_nc_ht=scontent-ams2-1.cdninstagram.com&_nc_gid=Vy_04W41sezcFYu5L3B1-w&_nc_ss=7b6a8&oh=00_Af_dn54Y8SW394bmEfdFEQ1CO6T8wbRsVyRQoO076ht_MA&oe=6A2C3BE2,mo.ca.ke,https://www.instagram.com/mo.ca.ke,Mozzarella ValBonta'#prodottomisteriosopenny#accettoregolamento#holettoprivacypolicy,0,0,2026-05-28T16:59:23.000Z,17863215654631632,16461793840,2026-06-08T05:04:13.544Z,https://www.instagram.com/p/DYwzWgzjEDa
https://scontent-ams2-1.cdninstagram.com/v/t51.89012-19/573323465_1219825463302212_7278921664109726296_n.jpg?stp=dst-jpg_s150x150_tt6&_nc_cat=1&ccb=7-5&_nc_sid=f7ccc5&efg=eyJ2ZW5jb2RlX3RhZyI6InByb2ZpbGVfcGljLnd3dy5DMyJ9&_nc_ohc=YQQEIw1CjK0Q7kNvwGGNPon&_nc_oc=Adp7JMSj7AOEo1lF5QYw3Jy1M1xQO7rN0cMzWMAfIgmY47pgvLcGGpfiNyLdn_i3N0A&_nc_zt=24&_nc_ht=scontent-ams2-1.cdninstagram.com&_nc_gid=Vy_04W41sezcFYu5L3B1-w&_nc_ss=7b6a8&oh=00_Af_dn54Y8SW394bmEfdFEQ1CO6T8wbRsVyRQoO076ht_MA&oe=6A2C3BE2,magnaniolga2019,https://www.instagram.com/magnaniolga2019,Stracchino#prodottomisteriosopenny#accettoregolamento#holettoprivacypolicy,0,0,2026-05-25T23:03:03.000Z,18130382296581440,23353351331,2026-06-08T05:04:13.544Z,https://www.instagram.com/p/DYwzWgzjEDa
https://scontent-ams2-1.cdninstagram.com/v/t51.2885-19/435308263_925019336074253_3020445943181030283_n.jpg?stp=dst-jpg_s150x150_tt6&_nc_cat=109&ccb=7-5&_nc_sid=f7ccc5&efg=eyJ2ZW5jb2RlX3RhZyI6InByb2ZpbGVfcGljLnd3dy43MDguQzMifQ%3D%3D&_nc_ohc=rdXsJyFzcYMQ7kNvwFbshj1&_nc_oc=Adp1x0CAUFnJqiqapAfiW-a_jBxcOoaUG0b-6oe3atzE0D0TcPsOdhi4KQWvMhpx6JY&_nc_zt=24&_nc_ht=scontent-ams2-1.cdninstagram.com&_nc_ss=7b6a8&oh=00_Af8FBbqQqemiUPoiY3tcJT6mNQ61u8-uA7Djgn8JdQwIXA&oe=6A2C1551,virginiabi8888,https://www.instagram.com/virginiabi8888,Stracchino #prodottomisteriosopenny#accettoregolamento#holettoprivacypolicy,0,0,2026-05-27T18:59:42.000Z,17884031673569048,29631466811,2026-06-08T05:04:13.544Z,https://www.instagram.com/p/DYwzWgzjEDa
https://scontent-ams2-1.cdninstagram.com/v/t51.89012-19/573323465_1219825463302212_7278921664109726296_n.jpg?stp=dst-jpg_s150x150_tt6&_nc_cat=1&ccb=7-5&_nc_sid=f7ccc5&efg=eyJ2ZW5jb2RlX3RhZyI6InByb2ZpbGVfcGljLnd3dy5DMyJ9&_nc_ohc=YQQEIw1CjK0Q7kNvwGGNPon&_nc_oc=Adp7JMSj7AOEo1lF5QYw3Jy1M1xQO7rN0cMzWMAfIgmY47pgvLcGGpfiNyLdn_i3N0A&_nc_zt=24&_nc_ht=scontent-ams2-1.cdninstagram.com&_nc_gid=Vy_04W41sezcFYu5L3B1-w&_nc_ss=7b6a8&oh=00_Af_dn54Y8SW394bmEfdFEQ1CO6T8wbRsVyRQoO076ht_MA&oe=6A2C3BE2,marina.malevolti,https://www.instagram.com/marina.malevolti,Ricotta #prodottomisteriosopenny #accettoregolamento#holettoprivacypolicy,0,0,2026-05-26T15:11:20.000Z,18083513753413488,72414903167,2026-06-08T05:04:13.544Z,https://www.instagram.com/p/DYwzWgzjEDa
https://scontent-ams2-1.cdninstagram.com/v/t51.2885-19/23735380_1009859789154283_4685802971974336512_n.jpg?stp=dst-jpg_s150x150_tt6&_nc_cat=104&ccb=7-5&_nc_sid=f7ccc5&efg=eyJ2ZW5jb2RlX3RhZyI6InByb2ZpbGVfcGljLnd3dy4xMDgwLkMzIn0%3D&_nc_ohc=YMzJI044eFIQ7kNvwFUedlp&_nc_oc=AdqgXDDSyXZbgKNqFfQ4dxg0HqYf-j39x3qjYqs7hAiSc1Kgfh8vu2KptgxkeOE-wN4&_nc_zt=24&_nc_ht=scontent-ams2-1.cdninstagram.com&_nc_ss=7b6a8&oh=00_Af_N-vFAhii_II-V1clVK9u3dIDVJ0P5f920UZwfgAINTw&oe=6A2C2230,soniamaria_65,https://www.instagram.com/soniamaria_65,Fettine formaggio fuso  #prodottomisteriodoPENNY  #accettoregolamento  #holettoptivacypolicy,0,0,2026-05-26T14:21:35.000Z,17892478122352055,6487649478,2026-06-08T05:04:13.544Z,https://www.instagram.com/p/DYwzWgzjEDa
https://scontent-ams2-1.cdninstagram.com/v/t51.2885-19/334487742_1662002467584201_5733969549967469173_n.jpg?stp=dst-jpg_s150x150_tt6&_nc_cat=101&ccb=7-5&_nc_sid=f7ccc5&efg=eyJ2ZW5jb2RlX3RhZyI6InByb2ZpbGVfcGljLnd3dy4xMDgwLkMzIn0%3D&_nc_ohc=VFAJyf7yib4Q7kNvwG_KxDk&_nc_oc=AdrCkikL_1U4BoUhPLveLc7SbyIytwqcWZ3mWCHIu6qHgiIkGqHmiwxZ8_iiyV_2k1g&_nc_zt=24&_nc_ht=scontent-ams2-1.cdninstagram.com&_nc_ss=7b6a8&oh=00_Af_RdK1KK6_ySgJaGjKJFXBwjkwtr1sd2Ocov2Ps2hxCAQ&oe=6A2C0D9E,mariagabrielanegreanu,https://www.instagram.com/mariagabrielanegreanu,Stracchino valbonta. #prodottomisteriosopenny. #accettoregolamento  #holettoprivacypolicy,0,0,2026-05-28T15:56:45.000Z,18073176380310514,8406280488,2026-06-08T05:04:13.544Z,https://www.instagram.com/p/DYwzWgzjEDa
https://scontent-ams2-1.cdninstagram.com/v/t51.82787-19/625398397_18325165333217923_6448167491803035002_n.jpg?stp=dst-jpg_s150x150_tt6&_nc_cat=104&ccb=7-5&_nc_sid=f7ccc5&efg=eyJ2ZW5jb2RlX3RhZyI6InByb2ZpbGVfcGljLnd3dy4xMDgwLkMzIn0%3D&_nc_ohc=AGtWu191xSAQ7kNvwFY07aX&_nc_oc=Adqdyg-G3uPU5G2uXuhRJMft9Z1iIbthP3KehImFA0M__DxGCHSxaTw4rYmyLHa_qnc&_nc_zt=24&_nc_ht=scontent-ams2-1.cdninstagram.com&_nc_gid=Vy_04W41sezcFYu5L3B1-w&_nc_ss=7b6a8&oh=00_Af_CSFGXnObFEQ8IOl74HOykIJHAPyDkuo5LuDfUz8GaSA&oe=6A2C1622,laura84ama,https://www.instagram.com/laura84ama,Stracciatella #prodottomisteriosopenny #accettoregolamento#holettoprivacypolicy,0,0,2026-05-25T15:21:04.000Z,18120221836733362,6650369922,2026-06-08T05:04:13.544Z,https://www.instagram.com/p/DYwzWgzjEDa
https://scontent-ams2-1.cdninstagram.com/v/t51.2885-19/458970299_541089501784448_7683440303394150505_n.jpg?stp=dst-jpg_s150x150_tt6&_nc_cat=105&ccb=7-5&_nc_sid=f7ccc5&efg=eyJ2ZW5jb2RlX3RhZyI6InByb2ZpbGVfcGljLnd3dy43NDguQzMifQ%3D%3D&_nc_ohc=tYfB3_dB3BoQ7kNvwFoZZJy&_nc_oc=AdoaP6R7D-SLPFBaQp3LnXA2R6VBnaNxUnEYT3uVYSoy0i2nwFqG43ZQVoyD8ZIYmMk&_nc_zt=24&_nc_ht=scontent-ams2-1.cdninstagram.com&_nc_ss=7b6a8&oh=00_Af9tO-M71mmnN9MMNBs7OB9ACSf-lWH07tVnqj_cPJ7g7g&oe=6A2C0CD5,miki_manolache,https://www.instagram.com/miki_manolache,Straccchino Valbonta #prodottomisterioso #accettoregolamento #holettoprivacypolicy,0,0,2026-05-26T04:43:04.000Z,18069906569339230,449650803,2026-06-08T05:04:13.544Z,https://www.instagram.com/p/DYwzWgzjEDa
https://scontent-ams2-1.cdninstagram.com/v/t51.2885-19/280178406_793931641585141_2688506107052500603_n.jpg?stp=dst-jpg_s150x150_tt6&_nc_cat=107&ccb=7-5&_nc_sid=f7ccc5&efg=eyJ2ZW5jb2RlX3RhZyI6InByb2ZpbGVfcGljLnd3dy4xMDgwLkMzIn0%3D&_nc_ohc=MQiL6KIFygcQ7kNvwH-m_Fb&_nc_oc=AdopkLvGj7wkHmisS3dAwwBXKK5x_dtyUT29ljBA6pnDOfbeZ1wI0_7mjS3rbPeGhdQ&_nc_zt=24&_nc_ht=scontent-ams2-1.cdninstagram.com&_nc_ss=7b6a8&oh=00_Af-_G2lDXFSHMgdjEiP52Yt8aBTP7YJvLUGyK2u_-OBavA&oe=6A2C297D,_chiari95_,https://www.instagram.com/_chiari95_,Mozzarella #prodottomisteriosopenny #accettoregolamento #holettoprivacypolicy,0,0,2026-05-25T13:06:11.000Z,17965576805924472,2264568996,2026-06-08T05:04:13.544Z,https://www.instagram.com/p/DYwzWgzjEDa
https://scontent-ams2-1.cdninstagram.com/v/t51.82787-19/519672548_18518420980059238_2060382048016004987_n.jpg?stp=dst-jpg_s150x150_tt6&_nc_cat=103&ccb=7-5&_nc_sid=f7ccc5&efg=eyJ2ZW5jb2RlX3RhZyI6InByb2ZpbGVfcGljLnd3dy4xMDgwLkMzIn0%3D&_nc_ohc=oqO8ehJGACcQ7kNvwG-TT0P&_nc_oc=AdoAuqbUKCV-9JBn8IiQphPUQcBB5tqqyvnXXCKXFUVMhhxmbl_4ULcMK8JcqNsCuu8&_nc_zt=24&_nc_ht=scontent-ams2-1.cdninstagram.com&_nc_gid=Vy_04W41sezcFYu5L3B1-w&_nc_ss=7b6a8&oh=00_Af_OVo26LFx2rxFQu9VundPXsmRrdy9-Q8W_mNEXSVlA8Q&oe=6A2C1E99,monicamolecola,https://www.instagram.com/monicamolecola,Formaggio spalmabile #prodottomisteriosopenny #accettoregolamento #holettoprivacypolicy,0,0,2026-05-25T13:36:52.000Z,18011520428885111,1721019237,2026-06-08T05:04:13.544Z,https://www.instagram.com/p/DYwzWgzjEDa
https://scontent-ams2-1.cdninstagram.com/v/t51.2885-19/20065920_1628377593901896_1733502775519608832_a.jpg?stp=dst-jpg_s150x150_tt6&_nc_cat=111&ccb=7-5&_nc_sid=f7ccc5&efg=eyJ2ZW5jb2RlX3RhZyI6InByb2ZpbGVfcGljLnd3dy43MjAuQzMifQ%3D%3D&_nc_ohc=TX-c9Mv-kzQQ7kNvwGr0PUl&_nc_oc=AdqYltaZu58d7odsGC9pFJVCwozVF-SmJjfmcgmEMrQAPv0lyP3ZX7qrq9I_hOdW5J4&_nc_zt=24&_nc_ht=scontent-ams2-1.cdninstagram.com&_nc_ss=7b6a8&oh=00_Af8wBhvZIiziaV7l_DyTxNltr0qkE8kGNfQTSkQ-pMaY9Q&oe=6A2C1CB5,cinziabianco72,https://www.instagram.com/cinziabianco72,"#prodottomisteriosopenny 
#accettoregolamento 
#holettoprivacypolicy 
La risposta è:stracciatella.",0,0,2026-05-27T14:33:27.000Z,17955052632136218,3233075445,2026-06-08T05:04:13.544Z,https://www.instagram.com/p/DYwzWgzjEDa
https://scontent-ams2-1.cdninstagram.com/v/t51.89012-19/573323465_1219825463302212_7278921664109726296_n.jpg?stp=dst-jpg_s150x150_tt6&_nc_cat=1&ccb=7-5&_nc_sid=f7ccc5&efg=eyJ2ZW5jb2RlX3RhZyI6InByb2ZpbGVfcGljLnd3dy5DMyJ9&_nc_ohc=YQQEIw1CjK0Q7kNvwGGNPon&_nc_oc=Adp7JMSj7AOEo1lF5QYw3Jy1M1xQO7rN0cMzWMAfIgmY47pgvLcGGpfiNyLdn_i3N0A&_nc_zt=24&_nc_ht=scontent-ams2-1.cdninstagram.com&_nc_gid=Vy_04W41sezcFYu5L3B1-w&_nc_ss=7b6a8&oh=00_Af_dn54Y8SW394bmEfdFEQ1CO6T8wbRsVyRQoO076ht_MA&oe=6A2C3BE2,bensabeurassia,https://www.instagram.com/bensabeurassia,Stracchino #prodottomistetiodopenny #accettoregolamento #holettoprivacypolicy,0,0,2026-05-25T14:40:49.000Z,18123345769589465,49576639425,2026-06-08T05:04:13.544Z,https://www.instagram.com/p/DYwzWgzjEDa
https://scontent-ams2-1.cdninstagram.com/v/t51.2885-19/79985583_476217949703291_2095051602078466048_n.jpg?stp=dst-jpg_s150x150_tt6&_nc_cat=110&ccb=7-5&_nc_sid=f7ccc5&efg=eyJ2ZW5jb2RlX3RhZyI6InByb2ZpbGVfcGljLnd3dy4xMDgwLkMzIn0%3D&_nc_ohc=L7jjZig_mbgQ7kNvwEzTGc0&_nc_oc=Adq7192ZvkCVgtAusQMiFdoXD0MwJbWZp5piAyFS_vdIA7zMVSyew8WGkTKKYsJGv5Y&_nc_zt=24&_nc_ht=scontent-ams2-1.cdninstagram.com&_nc_ss=7b6a8&oh=00_Af8Hun3pNjLoTxXYyEzhj7Ec8UtKCEF6vKvkV2InBDpBJg&oe=6A2C1251,terryantogiuppy,https://www.instagram.com/terryantogiuppy,Stracchino #prodottomisteriosopenny  #accettotegolamenrto #holettoprivacypolicy,0,0,2026-05-25T20:23:05.000Z,18218030794325222,1923123480,2026-06-08T05:04:13.544Z,https://www.instagram.com/p/DYwzWgzjEDa
https://scontent-ams2-1.cdninstagram.com/v/t51.2885-19/11313670_1468805823421036_1322299675_a.jpg?_nc_cat=101&ccb=7-5&_nc_sid=f7ccc5&efg=eyJ2ZW5jb2RlX3RhZyI6InByb2ZpbGVfcGljLnd3dy4xNTAuQzMifQ%3D%3D&_nc_ohc=NNdqA08AJioQ7kNvwHBbhhH&_nc_oc=AdpK_KA6wauuB3HGtsmEVGVHkMP1c8tb0HZEoJJGgraPjOpTD-qZBHo9cfufkZATGUY&_nc_zt=24&_nc_ht=scontent-ams2-1.cdninstagram.com&_nc_ss=7b2a8&oh=00_Af9RvUk2jIw9oxUS9Bnm-hnMXbmKTbf4JZ9gru5LZunH2g&oe=6A2C38B0,_antonella.mercurio_,https://www.instagram.com/_antonella.mercurio_,Stracchino ValBontá #prodottomistetiosopenny #accettoregolamento #holettoprivacypolicy @giovannideluca1962,0,0,2026-05-25T23:53:47.000Z,18089983418614573,497546678,2026-06-08T05:04:26.266Z,https://www.instagram.com/p/DYwzWgzjEDa
https://scontent-ams2-1.cdninstagram.com/v/t51.2885-19/470672508_9386282808056899_2508236262575553457_n.jpg?stp=dst-jpg_s150x150_tt6&_nc_cat=107&ccb=7-5&_nc_sid=f7ccc5&efg=eyJ2ZW5jb2RlX3RhZyI6InByb2ZpbGVfcGljLnd3dy43NTAuQzMifQ%3D%3D&_nc_ohc=q_JoKViwhCgQ7kNvwFKhc0Z&_nc_oc=AdpRLEHIPecso0u0TwYSOO5FHzGq09xEtTT5AQ6YAdR--DqA64af-SJI7yWsVUaZZWg&_nc_zt=24&_nc_ht=scontent-ams2-1.cdninstagram.com&_nc_ss=7b2a8&oh=00_Af8Fhyueq5oc1BO98pOZidrWhKnBaoODHIKIJhDO3TKMjw&oe=6A2C3AE2,sekhmet_elisa,https://www.instagram.com/sekhmet_elisa,Formaggio spalmabile #prodottomisteriosopenny #accettoregolamento #holettoprivacypolicy,0,0,2026-05-25T13:14:10.000Z,18083237414539761,9248272561,2026-06-08T05:04:26.266Z,https://www.instagram.com/p/DYwzWgzjEDa
https://scontent-ams2-1.cdninstagram.com/v/t51.2885-19/69464029_2491319414449238_6026264605813112832_n.jpg?stp=dst-jpg_s150x150_tt6&_nc_cat=110&ccb=7-5&_nc_sid=f7ccc5&efg=eyJ2ZW5jb2RlX3RhZyI6InByb2ZpbGVfcGljLnd3dy4xMDgwLkMzIn0%3D&_nc_ohc=kT7hz0CVW5YQ7kNvwGmg-OS&_nc_oc=Adr_OCVs3LCWavMUaQZ4zuvjHSAId63uwq-M7Jfw0wYF1KMQowRKiCGzgOOFbQOQawM&_nc_zt=24&_nc_ht=scontent-ams2-1.cdninstagram.com&_nc_ss=7b2a8&oh=00_Af_tR_1bab3xcaXoWOSWAAVfgj4rs_bp7THoe4w0CFpS7Q&oe=6A2C19A5,mariangela98dm,https://www.instagram.com/mariangela98dm,Formaggio spalmabile #prodottomisteriosopenny #accettoregolamento #holettoprivacypolicy,0,0,2026-05-28T18:32:46.000Z,18355645027209785,1584738857,2026-06-08T05:04:26.266Z,https://www.instagram.com/p/DYwzWgzjEDa
https://scontent-ams2-1.cdninstagram.com/v/t51.2885-19/470270119_1122792219260664_5542502510356932348_n.jpg?stp=dst-jpg_s150x150_tt6&_nc_cat=108&ccb=7-5&_nc_sid=f7ccc5&efg=eyJ2ZW5jb2RlX3RhZyI6InByb2ZpbGVfcGljLnd3dy4xMDgwLkMzIn0%3D&_nc_ohc=c4qnDaI3dqUQ7kNvwFcCcyg&_nc_oc=AdqPNXcnzwHjpxaaYybd_dZuscda7UVrVqTi3i9wjiW9TYqW9-b6xCOQ-uRhy7mYO8U&_nc_zt=24&_nc_ht=scontent-ams2-1.cdninstagram.com&_nc_ss=7b2a8&oh=00_Af9fnqa-0rQnjzmpeb5tuJcnIoEDDwSXSE2kmUwnwk5_Gg&oe=6A2C238E,decomitecarmela,https://www.instagram.com/decomitecarmela,Mozzarella Val Bontà #prodottomisteriosoPENNY #accettoregolamento #holettoprivacypolicy,0,0,2026-05-28T21:10:19.000Z,17893160217469874,48050435449,2026-06-08T05:04:26.266Z,https://www.instagram.com/p/DYwzWgzjEDa
https://scontent-ams2-1.cdninstagram.com/v/t51.82787-19/632553063_17934965604173674_8912935661546981662_n.jpg?stp=dst-jpg_s150x150_tt6&_nc_cat=106&ccb=7-5&_nc_sid=f7ccc5&efg=eyJ2ZW5jb2RlX3RhZyI6InByb2ZpbGVfcGljLnd3dy4xMDgwLkMzIn0%3D&_nc_ohc=Due478fdDgEQ7kNvwF-f41O&_nc_oc=Adr3Ac-mV-24u36qr7XDVIWpftyf0TfXoBDVrK20oa5O8eKhTOXWqDAgeW5fDDiKskk&_nc_zt=24&_nc_ht=scontent-ams2-1.cdninstagram.com&_nc_gid=kv7MOLQnLzqY1K0tg379SA&_nc_ss=7b2a8&oh=00_Af-7Gtp47t3KcC9qk_loAIREgcDG81_JYkBktIDqDFMHjg&oe=6A2C1749,pinkmoon_stella_77,https://www.instagram.com/pinkmoon_stella_77,Panna fresca #prodottomisteriosopenny#accettoregolamento#holettoprivacypolicy,0,0,2026-05-25T15:01:50.000Z,18075748052272518,65253781673,2026-06-08T05:04:26.266Z,https://www.instagram.com/p/DYwzWgzjEDa
https://scontent-ams2-1.cdninstagram.com/v/t51.2885-19/241367173_394501358754981_5426996057394166408_n.jpg?stp=dst-jpg_s150x150_tt6&_nc_cat=106&ccb=7-5&_nc_sid=f7ccc5&efg=eyJ2ZW5jb2RlX3RhZyI6InByb2ZpbGVfcGljLnd3dy44OTkuQzMifQ%3D%3D&_nc_ohc=dSMouQ4GdskQ7kNvwFD4c0N&_nc_oc=Adpm8rBQEWIK0Cr6lbo-OHvbZM_OzgYoQcGaRhuWPEbzMAc78UqbYUf-cR2LPL8y9Jo&_nc_zt=24&_nc_ht=scontent-ams2-1.cdninstagram.com&_nc_ss=7b2a8&oh=00_Af-hh9M6pNgyW7kAiXLYXCw9qBqGPDsFsVEG64_qo9u1JQ&oe=6A2C2C82,elma_6,https://www.instagram.com/elma_6,Stracchino ValBontà #prodottomisteriosopenny #accettoregolamento #holettoprivacypolicy policy,0,0,2026-05-28T22:10:10.000Z,18078570968208752,2207851924,2026-06-08T05:04:26.266Z,https://www.instagram.com/p/DYwzWgzjEDa
https://scontent-ams2-1.cdninstagram.com/v/t51.2885-19/337404068_607630597896439_8289928371584844866_n.jpg?stp=dst-jpg_s150x150_tt6&_nc_cat=107&ccb=7-5&_nc_sid=f7ccc5&efg=eyJ2ZW5jb2RlX3RhZyI6InByb2ZpbGVfcGljLnd3dy45NDUuQzMifQ%3D%3D&_nc_ohc=xi9lrWHfe6cQ7kNvwEv_uRo&_nc_oc=AdpuEQe1b7IRKEaEm3Cs_TLAljGtTasHbVtkI7SG9kcJANSBD-zq5vFHW6c862c8i9M&_nc_zt=24&_nc_ht=scontent-ams2-1.cdninstagram.com&_nc_ss=7b2a8&oh=00_Af_rL_9OYe7NjXydijArtzcNAc6_2DJGmuwkHxXVCwXQjg&oe=6A2C0B20,dona_tella_r,https://www.instagram.com/dona_tella_r,Mozzarella#prodottomisteriosopenny#accettoregolamento#holettoprivacypolicy,0,0,2026-05-28T20:52:14.000Z,18443404351189621,2872339260,2026-06-08T05:04:26.266Z,https://www.instagram.com/p/DYwzWgzjEDa
https://scontent-ams2-1.cdninstagram.com/v/t51.82787-19/706733975_18397463014084653_3467604843984391633_n.jpg?stp=dst-jpg_s150x150_tt6&_nc_cat=108&ccb=7-5&_nc_sid=f7ccc5&efg=eyJ2ZW5jb2RlX3RhZyI6InByb2ZpbGVfcGljLnd3dy4xMDgwLkMzIn0%3D&_nc_ohc=rkN3OujsiLcQ7kNvwFar2Uo&_nc_oc=AdpuFUTIQENVt8pWQkZyQL1KfftrtHZs1_KUTutb7jaur8cLcO8b5B_fDk-d_rpeoXY&_nc_zt=24&_nc_ht=scontent-ams2-1.cdninstagram.com&_nc_gid=kv7MOLQnLzqY1K0tg379SA&_nc_ss=7b2a8&oh=00_Af_ZysF77ti72xD7UQ7yH6uKBUxbMysn9uSfdQGdXUnC6g&oe=6A2C0CF0,joey4111988,https://www.instagram.com/joey4111988,La mozzarella valbonta'  #prodottomisteriosopenny #accettoregolamento #holettoprivacypolicy,0,0,2026-05-31T06:51:50.000Z,17892970014351874,2442980652,2026-06-08T05:04:26.266Z,https://www.instagram.com/p/DYwzWgzjEDa
https://scontent-ams2-1.cdninstagram.com/v/t51.82787-19/603083624_18072833102611613_5843833033935959687_n.jpg?stp=dst-jpg_s150x150_tt6&_nc_cat=107&ccb=7-5&_nc_sid=f7ccc5&efg=eyJ2ZW5jb2RlX3RhZyI6InByb2ZpbGVfcGljLnd3dy4xMDgwLkMzIn0%3D&_nc_ohc=Co0yTNduDjsQ7kNvwFQsuM_&_nc_oc=Adq-XSj0QA07Jlix1kNtXrzAYDUUNkeo_Kcpk5BdUgVnAbVN36Ofc27rfGozjcOneWM&_nc_zt=24&_nc_ht=scontent-ams2-1.cdninstagram.com&_nc_gid=kv7MOLQnLzqY1K0tg379SA&_nc_ss=7b2a8&oh=00_Af9dEqL4odgUZCA9GS9r08WxiRCGeijFTicATM8UHBa6cQ&oe=6A2C30BC,ti_06_a,https://www.instagram.com/ti_06_a,"@penny.italia stracciatella #prodottomisteriosopenny
#accettoregolamento
#holettoprivacypolicy",0,0,2026-05-25T13:22:17.000Z,18090007658353866,48346075612,2026-06-08T05:04:26.266Z,https://www.instagram.com/p/DYwzWgzjEDa
https://scontent-ams2-1.cdninstagram.com/v/t51.2885-19/292926061_527930815747151_2005449680906829414_n.jpg?stp=dst-jpg_s150x150_tt6&_nc_cat=106&ccb=7-5&_nc_sid=f7ccc5&efg=eyJ2ZW5jb2RlX3RhZyI6InByb2ZpbGVfcGljLnd3dy4xMDgwLkMzIn0%3D&_nc_ohc=XD9WOB9guX4Q7kNvwH3aigR&_nc_oc=AdoMMfJ73YAbIb7CfnMdmkiXwfqifFsuvP_03T0h4Y5n_m6Vh8p3Iy1_YDtzYGDtlfw&_nc_zt=24&_nc_ht=scontent-ams2-1.cdninstagram.com&_nc_ss=7b2a8&oh=00_Af901YDIgbOko3NarVsKAPQf5To7sejUmJfwlAh0JvsLvg&oe=6A2C14C7,daniela.de.mola,https://www.instagram.com/daniela.de.mola,Stracchino ValBontà  #prodottomisteriosopenny  #accettoregolamento  #holettoprivacypolicy,0,0,2026-05-27T13:20:36.000Z,18024837953659753,8489700936,2026-06-08T05:04:26.266Z,https://www.instagram.com/p/DYwzWgzjEDa
https://scontent-ams2-1.cdninstagram.com/v/t51.89012-19/573323465_1219825463302212_7278921664109726296_n.jpg?stp=dst-jpg_s150x150_tt6&_nc_cat=1&ccb=7-5&_nc_sid=f7ccc5&efg=eyJ2ZW5jb2RlX3RhZyI6InByb2ZpbGVfcGljLnd3dy5DMyJ9&_nc_ohc=YQQEIw1CjK0Q7kNvwGGNPon&_nc_oc=Adp7JMSj7AOEo1lF5QYw3Jy1M1xQO7rN0cMzWMAfIgmY47pgvLcGGpfiNyLdn_i3N0A&_nc_zt=24&_nc_ht=scontent-ams2-1.cdninstagram.com&_nc_gid=kv7MOLQnLzqY1K0tg379SA&_nc_ss=7b2a8&oh=00_Af-y_6cpgp27JQf0685gOgYmwptzkSEgzI5QCBE9If6y1g&oe=6A2C3BE2,nellydtt,https://www.instagram.com/nellydtt,Formaggio spalmabile #prodottomisteriosopenny #accettoregolamento #holettoprivacypolocy,0,0,2026-05-28T10:07:35.000Z,18362451610226998,19572107533,2026-06-08T05:04:26.266Z,https://www.instagram.com/p/DYwzWgzjEDa
https://scontent-ams2-1.cdninstagram.com/v/t51.2885-19/66604284_637077000115494_2154646931895222272_n.jpg?stp=dst-jpg_s150x150_tt6&_nc_cat=101&ccb=7-5&_nc_sid=f7ccc5&efg=eyJ2ZW5jb2RlX3RhZyI6InByb2ZpbGVfcGljLnd3dy45NjAuQzMifQ%3D%3D&_nc_ohc=jT19OJGfLu8Q7kNvwHm26hu&_nc_oc=Ado4jUL3kS8ckXNVzfUxxl3eitpscmrZSCy9-8g-cE032zPPAIPwXK8DGwxq57bfZ1g&_nc_zt=24&_nc_ht=scontent-ams2-1.cdninstagram.com&_nc_ss=7b2a8&oh=00_Af81PTcdsn0gJHpsZCBdpAmP8lgrnDgHXKodP-nqHvXFmQ&oe=6A2C12D0,maria.tomasello61,https://www.instagram.com/maria.tomasello61,Stracchino #prodottomisteriosoPENNY #accettoregolamento #holettoprivacypolicy,0,0,2026-05-31T07:36:00.000Z,17923927890346290,1908370395,2026-06-08T05:04:26.266Z,https://www.instagram.com/p/DYwzWgzjEDa
https://scontent-ams2-1.cdninstagram.com/v/t51.2885-19/460800673_3549491285195905_8992780874284029382_n.jpg?stp=dst-jpg_s150x150_tt6&_nc_cat=103&ccb=7-5&_nc_sid=f7ccc5&efg=eyJ2ZW5jb2RlX3RhZyI6InByb2ZpbGVfcGljLnd3dy4xMDgwLkMzIn0%3D&_nc_ohc=PnPIlD5PTw4Q7kNvwEv-rZY&_nc_oc=Ado6QzUZ8EOMpJn08wS0PqfTypJUWtOwgq3ixu9plxMPwXfh0fcpmzcCBbED3D5PPhs&_nc_zt=24&_nc_ht=scontent-ams2-1.cdninstagram.com&_nc_ss=7b2a8&oh=00_Af8dUuPOz6Tior2whc7tM1tw9vAL8cQ4PHH54ntdnZyb9Q&oe=6A2C2B3C,anna_athena10,https://www.instagram.com/anna_athena10,Stracchino Val Bontà  #prodottomisteriosopenny  #accettoregolamento  #holettoprivacypolicy,0,0,2026-05-31T21:43:19.000Z,18213734839333842,4894687997,2026-06-08T05:04:26.266Z,https://www.instagram.com/p/DYwzWgzjEDa
https://scontent-ams2-1.cdninstagram.com/v/t51.2885-19/472136807_959349292738868_8216801107113745099_n.jpg?stp=dst-jpg_s150x150_tt6&_nc_cat=102&ccb=7-5&_nc_sid=f7ccc5&efg=eyJ2ZW5jb2RlX3RhZyI6InByb2ZpbGVfcGljLnd3dy42MzAuQzMifQ%3D%3D&_nc_ohc=A2RCGCBdlQwQ7kNvwGORY8b&_nc_oc=AdoqTBjXD-gHK7walmtxDk99EnydvoJUflUs8cp_Y2fXdnSbspRXvyMHKh0uevPJFTw&_nc_zt=24&_nc_ht=scontent-ams2-1.cdninstagram.com&_nc_ss=7b2a8&oh=00_Af_Dy9vUqT6DGty2BCzH07LtvuqviqZfm4bIa2ACtdRq2A&oe=6A2C12F8,fortino658,https://www.instagram.com/fortino658,🌹❤️❤️❤️❤️,0,0,2026-05-26T09:42:14.000Z,18050767205749649,72010336256,2026-06-08T05:04:26.266Z,https://www.instagram.com/p/DYwzWgzjEDa
https://scontent-ams2-1.cdninstagram.com/v/t51.82787-19/562515302_18535415134043801_594100083612149400_n.jpg?stp=dst-jpg_s150x150_tt6&_nc_cat=111&ccb=7-5&_nc_sid=f7ccc5&efg=eyJ2ZW5jb2RlX3RhZyI6InByb2ZpbGVfcGljLnd3dy42MTguQzMifQ%3D%3D&_nc_ohc=lLERxKcnzNYQ7kNvwFRqC_j&_nc_oc=Adq7PGJaeDxy2UGUHLj_tN74Qu6v5crkkpWknEmeWz8yZf8HxYVc_0qTnn9rhNuRGxA&_nc_zt=24&_nc_ht=scontent-ams2-1.cdninstagram.com&_nc_gid=kv7MOLQnLzqY1K0tg379SA&_nc_ss=7b2a8&oh=00_Af-Z6Rcf8zAkNXO-wDRQUjuJhpBVeV7jzttH9X_Il0ND3Q&oe=6A2C20AF,barbara_federici,https://www.instagram.com/barbara_federici,Stracchino di capra #prodottomisteriosopenny #accettoregolamento #holettoprivacypoliciy,0,0,2026-05-25T18:54:43.000Z,17900595018449240,1681643800,2026-06-08T05:04:26.266Z,https://www.instagram.com/p/DYwzWgzjEDa
https://scontent-ams2-1.cdninstagram.com/v/t51.2885-19/449687496_849126990020166_4244947395110270526_n.jpg?stp=dst-jpg_s150x150_tt6&_nc_cat=101&ccb=7-5&_nc_sid=f7ccc5&efg=eyJ2ZW5jb2RlX3RhZyI6InByb2ZpbGVfcGljLnd3dy4xMDgwLkMzIn0%3D&_nc_ohc=XfRWasxixbEQ7kNvwE9RQzf&_nc_oc=AdqhkAzInrIM78VobYHoP0C3oMf7uG1h76VOtbPwGcAEHRPac1A0wR32uUciMhXIE0U&_nc_zt=24&_nc_ht=scontent-ams2-1.cdninstagram.com&_nc_ss=7b6a8&oh=00_Af-jfGBoe7orhSde08qlyWP4G7FvxkkN1pQwdcjYdbT5Zw&oe=6A2C3749,rabe.73,https://www.instagram.com/rabe.73,Stracchino Valbonta' #prodottomisteriosopenny #accettoregolamento #holettoprivacypolicy,0,0,2026-05-27T12:19:02.000Z,18116987575781184,65078102099,2026-06-08T05:04:39.972Z,https://www.instagram.com/p/DYwzWgzjEDa
https://scontent-ams2-1.cdninstagram.com/v/t51.2885-19/343381994_661818352424335_8386569366449733168_n.jpg?stp=dst-jpg_s150x150_tt6&_nc_cat=107&ccb=7-5&_nc_sid=f7ccc5&efg=eyJ2ZW5jb2RlX3RhZyI6InByb2ZpbGVfcGljLnd3dy4xMDgwLkMzIn0%3D&_nc_ohc=qFdJnAbMVs4Q7kNvwFObrNX&_nc_oc=AdrhnOxPi3CfTxIASOLb07CpvAZjnV5fBvs80DthNNhSI09OAHydHeYUaTcHdfjDu_o&_nc_zt=24&_nc_ht=scontent-ams2-1.cdninstagram.com&_nc_ss=7b6a8&oh=00_Af95u6KKBsDXQzB941BMPIIrY3TTompQ8-FicoGhHG2Gqw&oe=6A2C3241,c.a.n.d.y.84,https://www.instagram.com/c.a.n.d.y.84,Stracchino  #prodottomisteriosopenny  #accettoregolamento  #holettoprivacypolicy,0,0,2026-05-26T18:42:09.000Z,18118969690706186,59210584264,2026-06-08T05:04:39.972Z,https://www.instagram.com/p/DYwzWgzjEDa
https://scontent-ams2-1.cdninstagram.com/v/t51.82787-19/657331032_18569586955055128_5298546190428138824_n.jpg?stp=dst-jpg_s150x150_tt6&_nc_cat=100&ccb=7-5&_nc_sid=f7ccc5&efg=eyJ2ZW5jb2RlX3RhZyI6InByb2ZpbGVfcGljLnd3dy4xMDgwLkMzIn0%3D&_nc_ohc=MG5TVCdk7b8Q7kNvwHZR6wY&_nc_oc=AdpyA6z-jTgOJlVTtGhaOE2iDPxQCevO0ZcnV1Kfa9jtQxxozGxZrYpp7UwXiPeg3xo&_nc_zt=24&_nc_ht=scontent-ams2-1.cdninstagram.com&_nc_gid=yoagpXNb9uzakcPTf-2IkA&_nc_ss=7b6a8&oh=00_Af8OlzXN1t66DGTbEZiXlPz2G72FsKEy44c6fVcu983BsA&oe=6A2C08C3,allyallyna__,https://www.instagram.com/allyallyna__,"Stracchino
#prodottomisteriosopenny #accettoregolamento #holettoprivacypolicy",0,0,2026-05-26T16:03:54.000Z,18032385659803320,1605495127,2026-06-08T05:04:39.972Z,https://www.instagram.com/p/DYwzWgzjEDa
https://scontent-ams2-1.cdninstagram.com/v/t51.2885-19/264251751_143694148007325_6100637163132456262_n.jpg?stp=dst-jpg_s150x150_tt6&_nc_cat=101&ccb=7-5&_nc_sid=f7ccc5&efg=eyJ2ZW5jb2RlX3RhZyI6InByb2ZpbGVfcGljLnd3dy45NTcuQzMifQ%3D%3D&_nc_ohc=z1wfTuwNhkcQ7kNvwHbXzu4&_nc_oc=AdqQHoZUlZKZUJKrTqksqJn_Nmu5w2xHP85EUaCFM3h8LFczJ86GeHjJPGqtAUSoWN8&_nc_zt=24&_nc_ht=scontent-ams2-1.cdninstagram.com&_nc_ss=7b6a8&oh=00_Af_pnoEBPBgdGcq2TMTuFm7oLk88SLWde3r06PIUsiWXeA&oe=6A2C10B0,simonecipsca90,https://www.instagram.com/simonecipsca90,Ma gli altri libri chi li ha vinti?,0,0,2026-05-25T13:09:43.000Z,17975883846044487,315998685,2026-06-08T05:04:39.972Z,https://www.instagram.com/p/DYwzWgzjEDa
https://scontent-ams2-1.cdninstagram.com/v/t51.89012-19/573323465_1219825463302212_7278921664109726296_n.jpg?stp=dst-jpg_s150x150_tt6&_nc_cat=1&ccb=7-5&_nc_sid=f7ccc5&efg=eyJ2ZW5jb2RlX3RhZyI6InByb2ZpbGVfcGljLnd3dy5DMyJ9&_nc_ohc=YQQEIw1CjK0Q7kNvwGGNPon&_nc_oc=Adp7JMSj7AOEo1lF5QYw3Jy1M1xQO7rN0cMzWMAfIgmY47pgvLcGGpfiNyLdn_i3N0A&_nc_zt=24&_nc_ht=scontent-ams2-1.cdninstagram.com&_nc_gid=yoagpXNb9uzakcPTf-2IkA&_nc_ss=7b6a8&oh=00_Af_0hKPsIM0qpDb7u-LucDRpA6WOmIghsrIxW01wm3xhSQ&oe=6A2C3BE2,raw_tahti,https://www.instagram.com/raw_tahti,Stracchino #prodottomistetiosopenny #accettoregolamento #holettoprivacypolicy,0,0,2026-05-26T06:06:04.000Z,18080153537187708,59064925227,2026-06-08T05:04:39.972Z,https://www.instagram.com/p/DYwzWgzjEDa
https://scontent-ams2-1.cdninstagram.com/v/t51.2885-19/15803166_926340547503316_2843850700272697344_n.jpg?stp=dst-jpg_s150x150_tt6&_nc_cat=109&ccb=7-5&_nc_sid=f7ccc5&efg=eyJ2ZW5jb2RlX3RhZyI6InByb2ZpbGVfcGljLnd3dy4zMTAuQzMifQ%3D%3D&_nc_ohc=7zej8z3DGsIQ7kNvwEWC5FZ&_nc_oc=Adqb_tVjP1DGMJ90V4tppEwHBEOlwdVY1_hQ-DQyyirF9k82dULBHSldHRHChQfAycg&_nc_zt=24&_nc_ht=scontent-ams2-1.cdninstagram.com&_nc_ss=7b6a8&oh=00_Af-Rm5f04HPj-ey7UZzOvhvYyjCvhpRL1deN--zLcHMfpQ&oe=6A2C3102,dinoarianna,https://www.instagram.com/dinoarianna,Robiola ValBonta' #prodottomisterioso penny.  #accettoregolamento. #holettoprivacypolicy,0,0,2026-05-26T14:40:46.000Z,18095787299227751,4375273819,2026-06-08T05:04:39.972Z,https://www.instagram.com/p/DYwzWgzjEDa
https://scontent-ams2-1.cdninstagram.com/v/t51.2885-19/447081922_1199694887689894_7664092948621683376_n.jpg?stp=dst-jpg_s150x150_tt6&_nc_cat=107&ccb=7-5&_nc_sid=f7ccc5&efg=eyJ2ZW5jb2RlX3RhZyI6InByb2ZpbGVfcGljLnd3dy44OTYuQzMifQ%3D%3D&_nc_ohc=8FKJeW38vyQQ7kNvwGNte8G&_nc_oc=AdoeYMz35O-UiOOvc6wy_oBen2doOfu3TB7RBHTgmN1dqgoSgnCIo9P24B3fsPoNh4Q&_nc_zt=24&_nc_ht=scontent-ams2-1.cdninstagram.com&_nc_ss=7b6a8&oh=00_Af8ksnzdhbQ9E408ZDyZ3iEW-5hcgdMovtcH4SmX61p9nw&oe=6A2C2F36,miaosenzalattosio,https://www.instagram.com/miaosenzalattosio,Formaggio spalmabile #prodottomisteriosoPENNY #accettoregolamento #holettoprivacypolicy,0,0,2026-05-29T15:47:01.000Z,17907583761244095,66676811319,2026-06-08T05:04:39.972Z,https://www.instagram.com/p/DYwzWgzjEDa
https://scontent-ams2-1.cdninstagram.com/v/t51.82787-19/588609077_18187433179352232_5590403477482956640_n.jpg?stp=dst-jpg_s150x150_tt6&_nc_cat=100&ccb=7-5&_nc_sid=f7ccc5&efg=eyJ2ZW5jb2RlX3RhZyI6InByb2ZpbGVfcGljLnd3dy4xMDgwLkMzIn0%3D&_nc_ohc=sNOz_IyyjWwQ7kNvwH-430Q&_nc_oc=AdrI6o_ffFzzGERR-Tnug08yB3uePXE3ZAiaw11ij_6Lr3XiZVGLqvN71dmkGtawQ9g&_nc_zt=24&_nc_ht=scontent-ams2-1.cdninstagram.com&_nc_gid=yoagpXNb9uzakcPTf-2IkA&_nc_ss=7b6a8&oh=00_Af_dtG0ZKVqiysH87LzhD5MaOuzRJVGLfpJw7BM-H6BS9A&oe=6A2C30B8,sandygilda,https://www.instagram.com/sandygilda,Stracchino Valbontà🥰#prodottomisteriosopenny  #accettoregolamento  #holettoprivacypolitici,0,0,2026-05-26T18:00:49.000Z,18026385743819403,10614560231,2026-06-08T05:04:39.972Z,https://www.instagram.com/p/DYwzWgzjEDa
https://scontent-ams2-1.cdninstagram.com/v/t51.82787-19/696513832_18130940233518106_4400980119260066399_n.jpg?stp=dst-jpg_s150x150_tt6&_nc_cat=109&ccb=7-5&_nc_sid=f7ccc5&efg=eyJ2ZW5jb2RlX3RhZyI6InByb2ZpbGVfcGljLnd3dy4xMDgwLkMzIn0%3D&_nc_ohc=M7FsWCbPo20Q7kNvwGHqPvu&_nc_oc=AdpfpQPIIXIqYzQ0TNhDhzyxmZbYf2zZGwvxqebQWyljqui8U069nQv9TEUvnA-gAis&_nc_zt=24&_nc_ht=scontent-ams2-1.cdninstagram.com&_nc_gid=yoagpXNb9uzakcPTf-2IkA&_nc_ss=7b6a8&oh=00_Af_aXRCMrzQH-Q0lKEXyLpSc-1YZN_2qTN5WCVpPLyEK3Q&oe=6A2C34D4,inter_topoli,https://www.instagram.com/inter_topoli,#prodottomisteriosopenny #accettoregolamento #holettoprivacypolicy robiolino di capra,0,0,2026-05-28T12:02:23.000Z,18074562284303239,15541558105,2026-06-08T05:04:39.972Z,https://www.instagram.com/p/DYwzWgzjEDa
https://scontent-ams2-1.cdninstagram.com/v/t51.82787-19/522393843_18517198321026385_8424468852419289412_n.jpg?stp=dst-jpg_s150x150_tt6&_nc_cat=100&ccb=7-5&_nc_sid=f7ccc5&efg=eyJ2ZW5jb2RlX3RhZyI6InByb2ZpbGVfcGljLnd3dy44ODYuQzMifQ%3D%3D&_nc_ohc=yUhhpskzkowQ7kNvwEedKyU&_nc_oc=Ado8HovLuO5cvfff0LT1NJW3s_rahyl6N48Z_psAM8-PdiEMkNPzC3FSredhmWZQDWY&_nc_zt=24&_nc_ht=scontent-ams2-1.cdninstagram.com&_nc_gid=yoagpXNb9uzakcPTf-2IkA&_nc_ss=7b6a8&oh=00_Af89IfLOOwY1Z8Ilywc5JMuVhV2Pr2RouY_hjbA8f2OkIA&oe=6A2C2827,sonya_ale,https://www.instagram.com/sonya_ale,"Formaggio spalmabile tipo Philadelphia o robiola #prodottomisteriosoPENNY
#accettoregolamento
#holettoprivacypolicy",0,0,2026-05-31T11:17:34.000Z,18107235358848944,226330384,2026-06-08T05:04:39.972Z,https://www.instagram.com/p/DYwzWgzjEDa
https://scontent-ams2-1.cdninstagram.com/v/t51.2885-19/82460023_505453066767414_2135741916082339840_n.jpg?stp=dst-jpg_s150x150_tt6&_nc_cat=111&ccb=7-5&_nc_sid=f7ccc5&efg=eyJ2ZW5jb2RlX3RhZyI6InByb2ZpbGVfcGljLnd3dy4xMDgwLkMzIn0%3D&_nc_ohc=R2QEApZ4YzUQ7kNvwFjztHl&_nc_oc=AdqqYz9uO-FbylSjSIhgHoWshqozeAmTIFS7LgMewuw1fRn09BViocHE1IVnebvvPeE&_nc_zt=24&_nc_ht=scontent-ams2-1.cdninstagram.com&_nc_ss=7b6a8&oh=00_Af_dWPzOywjUbrx_nK8fREiXGbUyYwamrNvKmlDuRhHrOA&oe=6A2C28A2,villellapiera,https://www.instagram.com/villellapiera,Stracchino val bontà  #prodottomisteriosopenny  #accettoregolamento  #holettoprivacypoliticy,0,0,2026-05-26T20:15:29.000Z,18470308774100334,23875107181,2026-06-08T05:04:39.972Z,https://www.instagram.com/p/DYwzWgzjEDa
https://scontent-ams2-1.cdninstagram.com/v/t51.2885-19/284506810_272374461713307_4746383865904583578_n.jpg?stp=dst-jpg_s150x150_tt6&_nc_cat=103&ccb=7-5&_nc_sid=f7ccc5&efg=eyJ2ZW5jb2RlX3RhZyI6InByb2ZpbGVfcGljLnd3dy4xMDcxLkMzIn0%3D&_nc_ohc=zWh_eJGQaUUQ7kNvwFWp_JP&_nc_oc=AdqvWkXS0-fKA59knInFffITLYCJsoXbU1H-DlKtc_PR0fBxROZVoiB7b7PjIjuJ9xs&_nc_zt=24&_nc_ht=scontent-ams2-1.cdninstagram.com&_nc_ss=7b6a8&oh=00_Af9IQX5T_ybKXbE7BKjflqVqW8PTLaY49t6D0r86yFilRA&oe=6A2C32D4,rosaria.truppo.9,https://www.instagram.com/rosaria.truppo.9,Stracchino #prodottomisteriosopenny.  #accettoregolamento.  #holettoprivacypoliticy,0,0,2026-05-26T21:21:47.000Z,17882516805589938,53598465743,2026-06-08T05:04:39.972Z,https://www.instagram.com/p/DYwzWgzjEDa
https://scontent-ams2-1.cdninstagram.com/v/t51.82787-19/619745165_18307142188281650_6464230180709571980_n.jpg?stp=dst-jpg_s150x150_tt6&_nc_cat=110&ccb=7-5&_nc_sid=f7ccc5&efg=eyJ2ZW5jb2RlX3RhZyI6InByb2ZpbGVfcGljLnd3dy4xMDgwLkMzIn0%3D&_nc_ohc=ZZfoB2m-byEQ7kNvwGWUcQb&_nc_oc=AdrrApywgkW-EcZaJ-fygosTsiMtgB0NCCE-ezDVZnxw1IkOpCMWaTcOhXot7thBUA8&_nc_zt=24&_nc_ht=scontent-ams2-1.cdninstagram.com&_nc_gid=yoagpXNb9uzakcPTf-2IkA&_nc_ss=7b6a8&oh=00_Af-gMo9yolHAUq8k_Iehq2V8OJKRM3DUzs2KcsDIoEr01g&oe=6A2C23B9,_grazia_dg_,https://www.instagram.com/_grazia_dg_,Direi che adesso ha stancato 🥺 è dappertutto.😱,0,0,2026-05-28T20:09:45.000Z,18080418311562505,8492233649,2026-06-08T05:04:39.972Z,https://www.instagram.com/p/DYwzWgzjEDa
https://scontent-ams2-1.cdninstagram.com/v/t51.82787-19/524677739_18394962100185613_6232892332767813442_n.jpg?stp=dst-jpg_s150x150_tt6&_nc_cat=106&ccb=7-5&_nc_sid=f7ccc5&efg=eyJ2ZW5jb2RlX3RhZyI6InByb2ZpbGVfcGljLnd3dy4xMDgwLkMzIn0%3D&_nc_ohc=vVW9aT5SBEcQ7kNvwG89RjZ&_nc_oc=AdrhxAGt_AFBJKd8zGFiYSXNdhXJdZjELnJWNhYPmLdP9D2wT6lY8e1rpjnbMLUqd1Q&_nc_zt=24&_nc_ht=scontent-ams2-1.cdninstagram.com&_nc_gid=yoagpXNb9uzakcPTf-2IkA&_nc_ss=7b6a8&oh=00_Af-1MjdPY8T0sCbS8lMQutTjtdR_aaJ9D6gjowJNWQc8jw&oe=6A2C2821,marinabi73,https://www.instagram.com/marinabi73,Stracchino.  #prodottomisteriosopenny  #accettoregolamento  #holettoprivacypoliticy,0,0,2026-06-07T12:22:11.000Z,17905083333265038,5675833612,2026-06-08T05:04:39.972Z,https://www.instagram.com/p/DYwzWgzjEDa
https://scontent-ams2-1.cdninstagram.com/v/t51.75761-19/504165122_17983822580828022_16171290064553308_n.jpg?stp=dst-jpg_s150x150_tt6&_nc_cat=102&ccb=7-5&_nc_sid=f7ccc5&efg=eyJ2ZW5jb2RlX3RhZyI6InByb2ZpbGVfcGljLnd3dy4xMDgwLkMzIn0%3D&_nc_ohc=s1BTucvYsdgQ7kNvwG05RWH&_nc_oc=AdpPRLUMu4A03Ri77b2wvNP860RQnb0VVpuUQv8JS5RHdFsRvnp5Z6GNERxkALuUrVs&_nc_zt=24&_nc_ht=scontent-ams2-1.cdninstagram.com&_nc_gid=yoagpXNb9uzakcPTf-2IkA&_nc_ss=7b6a8&oh=00_Af-jfjv_uPpLWWyeVSJzw2uSFnaQPTys6fO_iv4ivIizWw&oe=6A2C0513,antonellamaruccia79,https://www.instagram.com/antonellamaruccia79,"Stracchino ValBontá #prodottomisteriosoPENNY
#accettoregolamento
#holettoprivacypolicy",0,0,2026-05-27T12:13:30.000Z,18422705044125787,54743060021,2026-06-08T05:04:39.972Z,https://www.instagram.com/p/DYwzWgzjEDa
https://scontent-ams2-1.cdninstagram.com/v/t51.2885-19/469349306_1499610477393116_5463056702177080219_n.jpg?stp=dst-jpg_s150x150_tt6&_nc_cat=109&ccb=7-5&_nc_sid=f7ccc5&efg=eyJ2ZW5jb2RlX3RhZyI6InByb2ZpbGVfcGljLnd3dy4xMDgwLkMzIn0%3D&_nc_ohc=6Sp1ffipGgkQ7kNvwEFjzYL&_nc_oc=AdoNaWcGMJj9wTSh3tUb7DI2myaCgbSDk-i0x-IilWjFJcU8DMWtant9m5Lenw0K3ao&_nc_zt=24&_nc_ht=scontent-ams2-1.cdninstagram.com&_nc_ss=7b6a8&oh=00_Af9b7savobYkgLClP9WMfwFVrSE8fseC1fDZjmn1OYldWg&oe=6A2C17BA,wischywin,https://www.instagram.com/wischywin,Stracchino #prodottomisteriosoPENNY#accettoregolamento#holettoprivacypolicy,0,0,2026-05-25T17:28:26.000Z,18015796211852359,70872415006,2026-06-08T05:04:54.771Z,https://www.instagram.com/p/DYwzWgzjEDa